date,usd_mxn_fix,cash_bid,cash_offer,3-month_bid,3-month_offer,dec-27_bid,dec-27_offer,dec-28_bid,dec-28_offer,dec-29_bid,dec-29_offer,3-month_price,month-1_price,month-2_price,month-3_price,month-4_price,month-5_price,month-6_price,interpolated_LME,interpolated_MXN,cash_offer_mxn
2021-03-15,20.7637,2184.5,2184.5,2210.5,2210.5,2247.5,2247.5,2255.0,2255.0,2267.0,2267.0,2218.0,2192.75,2202.25,2211.25,2216.75,2220.25,2223.5,False,True,45358.3027
2021-03-16,20.5753,2174.5,2174.5,2201.0,2201.0,2230.0,2230.0,2234.0,2234.0,2240.0,2240.0,2202.5,2187.0,2196.5,2202.5,2206.75,2210.25,2212.75,False,False,44740.9898
2021-03-17,20.6828,2202.5,2202.5,2232.5,2232.5,2254.5,2254.5,2258.5,2258.5,2262.5,2262.5,2227.5,2210.5,2221.5,2228.25,2233.5,2237.0,2239.5,False,False,45553.867
2021-03-18,20.4415,2192.0,2192.0,2226.5,2226.5,2250.0,2250.0,2250.0,2250.0,2252.0,2252.0,2216.0,2197.2,2208.45,2216.2,2222.5,2226.75,2230.5,False,False,44807.768
2021-03-19,20.4823,2188.0,2188.0,2223.0,2223.0,2255.0,2255.0,2259.0,2259.0,2261.0,2261.0,2265.5,2249.0,2259.25,2266.5,2272.25,2276.75,2280.5,False,False,44815.2724
2021-03-20,20.4823,2188.0,2188.0,2223.0,2223.0,2255.0,2255.0,2259.0,2259.0,2261.0,2261.0,2265.5,2249.0,2259.25,2266.5,2272.25,2276.75,2280.5,True,True,44815.2724
2021-03-21,20.4823,2188.0,2188.0,2223.0,2223.0,2255.0,2255.0,2259.0,2259.0,2261.0,2261.0,2265.5,2249.0,2259.25,2266.5,2272.25,2276.75,2280.5,True,True,44815.2724
2021-03-22,20.5788,2254.0,2254.0,2282.5,2282.5,2296.0,2296.0,2296.0,2296.0,2300.0,2300.0,2272.0,2256.5,2265.5,2272.5,2277.75,2281.0,2284.5,False,False,46384.6152
2021-03-23,20.6408,2205.0,2205.0,2234.0,2234.0,2246.5,2246.5,2244.5,2244.5,2246.0,2246.0,2219.5,2203.4,2211.9,2219.15,2225.0,2228.75,2232.5,False,False,45512.964
2021-03-24,20.7882,2220.5,2220.5,2249.0,2249.0,2261.0,2261.0,2260.0,2260.0,2262.5,2262.5,2258.0,2244.0,2251.5,2258.0,2263.2,2266.45,2268.7,False,False,46160.1981
2021-03-25,20.7662,2208.0,2208.0,2235.5,2235.5,2251.0,2251.0,2249.0,2249.0,2251.5,2251.5,2246.0,2231.25,2238.5,2245.5,2251.25,2255.0,2258.0,False,False,45851.7696
2021-03-26,20.5677,2260.5,2260.5,2285.0,2285.0,2293.5,2293.5,2292.0,2292.0,2294.5,2294.5,2298.0,2284.0,2291.0,2297.5,2303.0,2306.5,2309.0,False,False,46493.2858
2021-03-27,20.5677,2260.5,2260.5,2285.0,2285.0,2293.5,2293.5,2292.0,2292.0,2294.5,2294.5,2298.0,2284.0,2291.0,2297.5,2303.0,2306.5,2309.0,True,True,46493.2858
2021-03-28,20.5677,2260.5,2260.5,2285.0,2285.0,2293.5,2293.5,2292.0,2292.0,2294.5,2294.5,2298.0,2284.0,2291.0,2297.5,2303.0,2306.5,2309.0,True,True,46493.2858
2021-03-29,20.6047,2255.5,2255.5,2279.0,2279.0,2284.0,2284.0,2275.0,2275.0,2277.5,2277.5,2266.0,2250.0,2257.25,2264.25,2270.25,2273.75,2276.5,False,False,46473.9009
2021-03-30,20.6025,2220.5,2220.5,2246.0,2246.0,2259.5,2259.5,2252.5,2252.5,2255.0,2255.0,2231.0,2214.5,2221.25,2228.75,2235.25,2239.25,2242.75,False,False,45747.8512
2021-03-31,20.44,2212.5,2212.5,2235.0,2235.0,2256.0,2256.0,2252.0,2252.0,2254.5,2254.5,2212.0,2194.25,2200.25,2208.75,2215.75,2220.25,2224.75,False,False,45223.5
2021-04-01,20.44,2212.5,2212.5,2236.5,2236.5,2266.0,2266.0,2264.0,2264.0,2266.5,2266.5,2225.5,2209.25,2214.75,2221.75,2229.5,2234.25,2239.0,False,True,45223.5
2021-04-02,20.44,2212.5,2212.5,2236.5,2236.5,2266.0,2266.0,2264.0,2264.0,2266.5,2266.5,2225.5,2209.25,2214.75,2221.75,2229.5,2234.25,2239.0,True,True,45223.5
2021-04-03,20.44,2212.5,2212.5,2236.5,2236.5,2266.0,2266.0,2264.0,2264.0,2266.5,2266.5,2225.5,2209.25,2214.75,2221.75,2229.5,2234.25,2239.0,True,True,45223.5
2021-04-04,20.44,2212.5,2212.5,2236.5,2236.5,2266.0,2266.0,2264.0,2264.0,2266.5,2266.5,2225.5,2209.25,2214.75,2221.75,2229.5,2234.25,2239.0,True,True,45223.5
2021-04-05,20.2483,2212.5,2212.5,2236.5,2236.5,2266.0,2266.0,2264.0,2264.0,2266.5,2266.5,2225.5,2209.25,2214.75,2221.75,2229.5,2234.25,2239.0,True,False,44799.3638
2021-04-06,20.1612,2247.0,2247.0,2268.5,2268.5,2294.5,2294.5,2293.0,2293.0,2295.5,2295.5,2268.0,2255.25,2256.25,2263.5,2270.75,2276.0,2281.0,False,False,45302.2164
2021-04-07,20.1765,2239.5,2239.5,2258.5,2258.5,2293.0,2293.0,2293.0,2293.0,2295.5,2295.5,2260.0,2245.0,2248.5,2255.3,2262.5,2268.25,2273.25,False,False,45185.2718
2021-04-08,20.089,2267.5,2267.5,2280.0,2280.0,2314.5,2314.5,2317.5,2317.5,2320.0,2320.0,2282.5,2268.11,2270.11,2277.86,2285.25,2291.0,2296.0,False,False,45551.8075
2021-04-09,20.163,2250.0,2250.0,2267.5,2267.5,2308.0,2308.0,2309.0,2309.0,2311.5,2311.5,2264.0,2248.5,2250.85,2258.75,2266.35,2271.75,2277.0,False,False,45366.75
2021-04-10,20.163,2250.0,2250.0,2267.5,2267.5,2308.0,2308.0,2309.0,2309.0,2311.5,2311.5,2264.0,2248.5,2250.85,2258.75,2266.35,2271.75,2277.0,True,True,45366.75
2021-04-11,20.163,2250.0,2250.0,2267.5,2267.5,2308.0,2308.0,2309.0,2309.0,2311.5,2311.5,2264.0,2248.5,2250.85,2258.75,2266.35,2271.75,2277.0,True,True,45366.75
2021-04-12,20.095,2254.0,2254.0,2268.5,2268.5,2308.0,2308.0,2312.0,2312.0,2314.5,2314.5,2262.0,2246.5,2248.5,2256.0,2263.7,2268.2,2273.2,False,False,45294.13
2021-04-13,20.0735,2278.0,2278.0,2293.0,2293.0,2326.0,2326.0,2331.5,2331.5,2334.0,2334.0,2293.0,2278.0,2280.0,2287.5,2295.0,2299.75,2304.25,False,False,45727.433
2021-04-14,20.0583,2297.5,2297.5,2315.0,2315.0,2335.5,2335.5,2336.5,2336.5,2335.0,2335.0,2323.5,2308.5,2310.0,2317.7,2325.0,2330.0,2333.5,False,False,46083.9442
2021-04-15,19.927,2328.0,2328.0,2344.0,2344.0,2356.0,2356.0,2353.0,2353.0,2355.5,2355.5,2339.0,2323.2,2325.2,2332.5,2339.75,2343.5,2346.25,False,False,46390.056
2021-04-16,19.9158,2308.5,2308.5,2324.5,2324.5,2337.5,2337.5,2332.5,2332.5,2330.0,2330.0,2315.0,2301.95,2300.95,2308.25,2315.35,2320.5,2324.0,False,False,45975.6243
2021-04-17,19.9158,2308.5,2308.5,2324.5,2324.5,2337.5,2337.5,2332.5,2332.5,2330.0,2330.0,2315.0,2301.95,2300.95,2308.25,2315.35,2320.5,2324.0,True,True,45975.6243
2021-04-18,19.9158,2308.5,2308.5,2324.5,2324.5,2337.5,2337.5,2332.5,2332.5,2330.0,2330.0,2315.0,2301.95,2300.95,2308.25,2315.35,2320.5,2324.0,True,True,45975.6243
2021-04-19,19.8145,2331.0,2331.0,2342.5,2342.5,2353.5,2353.5,2348.5,2348.5,2346.0,2346.0,2330.0,2321.65,2316.65,2323.4,2330.15,2335.15,2338.65,False,False,46187.5995
2021-04-20,19.8877,2324.0,2324.0,2330.0,2330.0,2343.5,2343.5,2338.5,2338.5,2336.0,2336.0,2309.5,2296.75,2303.0,2309.5,2314.0,2318.0,2320.5,False,False,46219.0148
2021-04-21,19.874,2344.0,2344.0,2337.0,2337.0,2350.0,2350.0,2347.5,2347.5,2345.0,2345.0,2364.5,2354.5,2359.75,2364.5,2368.5,2372.25,2374.75,False,False,46584.656
2021-04-22,19.8865,2373.5,2373.5,2368.5,2368.5,2379.5,2379.5,2374.5,2374.5,2372.0,2372.0,2363.0,2352.75,2358.75,2363.5,2367.5,2370.75,2372.75,False,False,47200.6078
2021-04-23,19.8695,2373.5,2373.5,2378.5,2378.5,2379.0,2379.0,2370.5,2370.5,2368.0,2368.0,2364.5,2352.75,2359.75,2365.25,2368.75,2371.5,2373.0,False,False,47160.2582
2021-04-24,19.8695,2373.5,2373.5,2378.5,2378.5,2379.0,2379.0,2370.5,2370.5,2368.0,2368.0,2364.5,2352.75,2359.75,2365.25,2368.75,2371.5,2373.0,True,True,47160.2582
2021-04-25,19.8695,2373.5,2373.5,2378.5,2378.5,2379.0,2379.0,2370.5,2370.5,2368.0,2368.0,2364.5,2352.75,2359.75,2365.25,2368.75,2371.5,2373.0,True,True,47160.2582
2021-04-26,19.8362,2388.0,2388.0,2393.5,2393.5,2394.5,2394.5,2388.0,2388.0,2382.0,2382.0,2403.5,2392.25,2398.75,2404.5,2407.5,2410.0,2411.25,False,False,47368.8456
2021-04-27,19.9785,2389.0,2389.0,2394.0,2394.0,2391.5,2391.5,2382.5,2382.5,2367.5,2367.5,2396.0,2383.45,2390.45,2396.7,2400.0,2403.0,2404.5,False,False,47728.6365
2021-04-28,19.9712,2392.5,2392.5,2397.5,2397.5,2401.0,2401.0,2392.0,2392.0,2392.0,2392.0,2399.5,2386.1,2392.6,2399.6,2403.6,2407.6,2409.6,False,False,47781.096
2021-04-29,20.0978,2432.0,2432.0,2429.5,2429.5,2432.5,2432.5,2424.0,2424.0,2414.0,2414.0,2417.0,2404.25,2410.25,2416.75,2419.75,2423.5,2425.0,False,False,48877.8496
2021-04-30,20.1822,2445.0,2445.0,2438.0,2438.0,2434.0,2434.0,2422.0,2422.0,2412.0,2412.0,2397.0,2390.5,2389.5,2396.5,2399.0,2403.0,2404.0,False,False,49345.479
2021-05-01,20.1822,2445.0,2445.0,2438.0,2438.0,2434.0,2434.0,2422.0,2422.0,2412.0,2412.0,2397.0,2390.5,2389.5,2396.5,2399.0,2403.0,2404.0,True,True,49345.479
2021-05-02,20.1822,2445.0,2445.0,2438.0,2438.0,2434.0,2434.0,2422.0,2422.0,2412.0,2412.0,2397.0,2390.5,2389.5,2396.5,2399.0,2403.0,2404.0,True,True,49345.479
2021-05-03,20.1902,2445.0,2445.0,2438.0,2438.0,2434.0,2434.0,2422.0,2422.0,2412.0,2412.0,2397.0,2390.5,2389.5,2396.5,2399.0,2403.0,2404.0,True,False,49365.039
2021-05-04,20.2235,2434.5,2434.5,2428.0,2428.0,2420.5,2420.5,2410.5,2410.5,2400.5,2400.5,2428.0,2416.75,2419.3,2426.75,2430.75,2434.25,2436.25,False,False,49234.1108
2021-05-05,20.2077,2446.0,2446.0,2439.5,2439.5,2428.0,2428.0,2414.0,2414.0,2404.0,2404.0,2444.5,2431.5,2435.25,2442.75,2447.0,2450.25,2452.25,False,False,49428.0342
2021-05-06,20.1838,2476.5,2476.5,2476.0,2476.0,2454.0,2454.0,2433.0,2433.0,2415.0,2415.0,2488.5,2475.0,2479.0,2486.2,2490.7,2493.5,2495.5,False,False,49985.1807
2021-05-07,19.9223,2518.5,2518.5,2523.5,2523.5,2503.0,2503.0,2481.0,2481.0,2461.0,2461.0,2540.0,2524.2,2529.95,2537.45,2541.7,2544.7,2546.95,False,False,50174.3126
2021-05-08,19.9223,2518.5,2518.5,2523.5,2523.5,2503.0,2503.0,2481.0,2481.0,2461.0,2461.0,2540.0,2524.2,2529.95,2537.45,2541.7,2544.7,2546.95,True,True,50174.3126
2021-05-09,19.9223,2518.5,2518.5,2523.5,2523.5,2503.0,2503.0,2481.0,2481.0,2461.0,2461.0,2540.0,2524.2,2529.95,2537.45,2541.7,2544.7,2546.95,True,True,50174.3126
2021-05-10,19.886,2565.0,2565.0,2577.0,2577.0,2550.0,2550.0,2525.0,2525.0,2500.0,2500.0,2531.0,2512.85,2519.85,2527.6,2532.1,2535.35,2538.35,False,False,51007.59
2021-05-11,19.8848,2549.5,2549.5,2565.0,2565.0,2548.0,2548.0,2523.0,2523.0,2503.0,2503.0,2521.0,2500.7,2508.96,2516.5,2521.5,2526.0,2529.0,False,False,50696.2976
2021-05-12,20.094,2474.0,2474.0,2492.5,2492.5,2488.0,2488.0,2471.0,2471.0,2451.0,2451.0,2480.5,2459.52,2467.52,2475.28,2480.53,2484.53,2487.28,False,False,49712.556
2021-05-13,20.0495,2422.5,2422.5,2436.0,2436.0,2430.0,2430.0,2408.0,2408.0,2394.0,2394.0,2451.5,2429.75,2437.25,2445.5,2451.25,2455.0,2457.0,False,False,48569.9137
2021-05-14,19.8487,2438.0,2438.0,2462.5,2462.5,2450.0,2450.0,2424.5,2424.5,2410.0,2410.0,2463.0,2438.75,2448.25,2456.25,2462.5,2465.5,2467.5,False,False,48391.1306
2021-05-15,19.8487,2438.0,2438.0,2462.5,2462.5,2450.0,2450.0,2424.5,2424.5,2410.0,2410.0,2463.0,2438.75,2448.25,2456.25,2462.5,2465.5,2467.5,True,True,48391.1306
2021-05-16,19.8487,2438.0,2438.0,2462.5,2462.5,2450.0,2450.0,2424.5,2424.5,2410.0,2410.0,2463.0,2438.75,2448.25,2456.25,2462.5,2465.5,2467.5,True,True,48391.1306
2021-05-17,19.8028,2455.0,2455.0,2479.0,2479.0,2464.5,2464.5,2438.5,2438.5,2421.5,2421.5,2499.0,2470.45,2483.45,2492.2,2498.7,2502.0,2504.25,False,False,48615.874
2021-05-18,19.8313,2468.0,2468.0,2498.5,2498.5,2486.0,2486.0,2459.5,2459.5,2442.5,2442.5,2478.0,2461.25,2471.0,2478.0,2481.75,2484.75,2486.25,False,False,48943.6484
2021-05-19,19.8143,2402.5,2402.5,2432.5,2432.5,2427.5,2427.5,2403.5,2403.5,2386.5,2386.5,2415.0,2397.25,2408.0,2415.0,2419.5,2423.0,2425.75,False,False,47603.8557
2021-05-20,19.881,2392.0,2392.0,2419.0,2419.0,2421.0,2421.0,2401.0,2401.0,2387.0,2387.0,2396.0,2377.65,2388.4,2395.65,2400.75,2404.4,2407.5,False,False,47555.352
2021-05-21,19.951,2403.0,2403.0,2434.0,2434.0,2435.0,2435.0,2417.0,2417.0,2403.5,2403.5,2370.0,2351.25,2362.5,2369.75,2375.25,2378.25,2381.75,False,False,47942.253
2021-05-22,19.951,2403.0,2403.0,2434.0,2434.0,2435.0,2435.0,2417.0,2417.0,2403.5,2403.5,2370.0,2351.25,2362.5,2369.75,2375.25,2378.25,2381.75,True,True,47942.253
2021-05-23,19.951,2403.0,2403.0,2434.0,2434.0,2435.0,2435.0,2417.0,2417.0,2403.5,2403.5,2370.0,2351.25,2362.5,2369.75,2375.25,2378.25,2381.75,True,True,47942.253
2021-05-24,19.872,2305.0,2305.0,2337.0,2337.0,2347.0,2347.0,2331.0,2331.0,2317.5,2317.5,2387.0,2367.05,2378.25,2385.6,2391.6,2394.85,2398.6,False,False,45804.96
2021-05-25,19.8903,2341.0,2341.0,2372.5,2372.5,2384.5,2384.5,2369.5,2369.5,2356.0,2356.0,2372.0,2350.05,2362.3,2370.05,2376.55,2379.8,2383.3,False,False,46563.1923
2021-05-26,19.8783,2359.5,2359.5,2393.0,2393.0,2404.0,2404.0,2388.5,2388.5,2375.0,2375.0,2402.0,2379.75,2391.75,2399.45,2406.25,2409.75,2412.75,False,False,46902.8488
2021-05-27,19.9487,2388.0,2388.0,2421.0,2421.0,2432.5,2432.5,2414.5,2414.5,2401.0,2401.0,2481.0,2461.25,2471.25,2478.5,2485.25,2489.0,2492.0,False,False,47637.4956
2021-05-28,19.9442,2404.5,2404.5,2434.0,2434.0,2438.0,2438.0,2419.0,2419.0,2405.5,2405.5,2483.0,2466.76,2473.26,2480.26,2487.25,2491.0,2494.0,False,False,47955.8289
2021-05-29,19.9442,2404.5,2404.5,2434.0,2434.0,2438.0,2438.0,2419.0,2419.0,2405.5,2405.5,2483.0,2466.76,2473.26,2480.26,2487.25,2491.0,2494.0,True,True,47955.8289
2021-05-30,19.9442,2404.5,2404.5,2434.0,2434.0,2438.0,2438.0,2419.0,2419.0,2405.5,2405.5,2483.0,2466.76,2473.26,2480.26,2487.25,2491.0,2494.0,True,True,47955.8289
2021-05-31,19.9213,2404.5,2404.5,2434.0,2434.0,2438.0,2438.0,2419.0,2419.0,2405.5,2405.5,2483.0,2466.76,2473.26,2480.26,2487.25,2491.0,2494.0,True,False,47900.7658
2021-06-01,19.8927,2461.5,2461.5,2485.0,2485.0,2486.0,2486.0,2466.0,2466.0,2452.5,2452.5,2469.0,2454.95,2458.45,2465.5,2472.25,2476.25,2479.25,False,False,48965.8811
2021-06-02,19.9277,2442.0,2442.0,2463.0,2463.0,2463.5,2463.5,2443.5,2443.5,2430.0,2430.0,2444.0,2429.4,2433.9,2440.4,2446.75,2450.75,2453.75,False,False,48663.4434
2021-06-03,20.0605,2386.5,2386.5,2402.5,2402.5,2408.0,2408.0,2389.5,2389.5,2376.0,2376.0,2405.0,2389.59,2394.09,2400.99,2407.74,2412.09,2415.73,False,False,47874.3833
2021-06-04,19.9328,2412.5,2412.5,2426.5,2426.5,2433.5,2433.5,2418.5,2418.5,2405.0,2405.0,2455.0,2448.75,2444.75,2450.5,2456.75,2460.56,2464.31,False,False,48087.88
2021-06-05,19.9328,2412.5,2412.5,2426.5,2426.5,2433.5,2433.5,2418.5,2418.5,2405.0,2405.0,2455.0,2448.75,2444.75,2450.5,2456.75,2460.56,2464.31,True,True,48087.88
2021-06-06,19.9328,2412.5,2412.5,2426.5,2426.5,2433.5,2433.5,2418.5,2418.5,2405.0,2405.0,2455.0,2448.75,2444.75,2450.5,2456.75,2460.56,2464.31,True,True,48087.88
2021-06-07,19.797,2417.5,2417.5,2418.5,2418.5,2424.0,2424.0,2408.5,2408.5,2395.0,2395.0,2426.0,2423.26,2414.26,2420.0,2426.0,2429.5,2433.0,False,False,47859.2475
2021-06-08,19.7728,2439.0,2439.0,2438.0,2438.0,2436.5,2436.5,2419.0,2419.0,2404.0,2404.0,2452.5,2456.0,2444.0,2448.0,2452.0,2454.5,2457.0,False,False,48225.8592
2021-06-09,19.6897,2459.0,2459.0,2448.5,2448.5,2437.5,2437.5,2415.5,2415.5,2400.5,2400.5,2458.5,2472.8,2450.8,2454.3,2457.8,2459.3,2460.3,False,False,48416.9723
2021-06-10,19.7002,2470.0,2470.0,2447.5,2447.5,2423.0,2423.0,2398.0,2398.0,2383.0,2383.0,2476.0,2486.75,2466.75,2472.25,2475.75,2476.75,2478.0,False,False,48659.494
2021-06-11,19.8823,2490.0,2490.0,2477.5,2477.5,2445.5,2445.5,2410.5,2410.5,2393.5,2393.5,2464.5,2465.2,2453.2,2459.7,2464.2,2465.95,2466.7,False,False,49506.927
2021-06-12,19.8823,2490.0,2490.0,2477.5,2477.5,2445.5,2445.5,2410.5,2410.5,2393.5,2393.5,2464.5,2465.2,2453.2,2459.7,2464.2,2465.95,2466.7,True,True,49506.927
2021-06-13,19.8823,2490.0,2490.0,2477.5,2477.5,2445.5,2445.5,2410.5,2410.5,2393.5,2393.5,2464.5,2465.2,2453.2,2459.7,2464.2,2465.95,2466.7,True,True,49506.927
2021-06-14,19.9065,2504.0,2504.0,2478.0,2478.0,2456.5,2456.5,2429.0,2429.0,2412.0,2412.0,2494.0,2509.75,2482.75,2488.75,2493.75,2495.5,2496.0,False,False,49845.876
2021-06-15,20.1235,2458.5,2458.5,2449.5,2449.5,2428.0,2428.0,2400.0,2400.0,2380.0,2380.0,2467.0,2455.75,2462.0,2467.0,2470.0,2471.75,2473.0,False,False,49473.6248
2021-06-16,20.0588,2454.5,2454.5,2452.5,2452.5,2436.5,2436.5,2409.0,2409.0,2389.0,2389.0,2469.5,2458.75,2464.75,2469.75,2472.75,2475.0,2476.0,False,False,49234.3246
2021-06-17,20.4292,2427.5,2427.5,2407.0,2407.0,2395.0,2395.0,2370.0,2370.0,2350.0,2350.0,2400.0,2389.5,2395.5,2399.75,2403.25,2406.25,2408.0,False,False,49591.883
2021-06-18,20.7002,2374.0,2374.0,2380.0,2380.0,2374.5,2374.5,2354.5,2354.5,2339.5,2339.5,2385.0,2375.0,2381.0,2384.75,2388.25,2391.25,2394.0,False,False,49142.2748
2021-06-19,20.7002,2374.0,2374.0,2380.0,2380.0,2374.5,2374.5,2354.5,2354.5,2339.5,2339.5,2385.0,2375.0,2381.0,2384.75,2388.25,2391.25,2394.0,True,True,49142.2748
2021-06-20,20.7002,2374.0,2374.0,2380.0,2380.0,2374.5,2374.5,2354.5,2354.5,2339.5,2339.5,2385.0,2375.0,2381.0,2384.75,2388.25,2391.25,2394.0,True,True,49142.2748
2021-06-21,20.6,2353.5,2353.5,2370.5,2370.5,2366.5,2366.5,2349.5,2349.5,2339.5,2339.5,2403.5,2390.75,2398.0,2402.75,2406.25,2409.0,2412.0,False,False,48482.1
2021-06-22,20.5712,2375.5,2375.5,2403.0,2403.0,2387.0,2387.0,2369.0,2369.0,2356.5,2356.5,2425.0,2410.25,2418.25,2424.0,2427.5,2430.5,2433.0,False,False,48866.8856
2021-06-23,20.2505,2386.5,2386.5,2416.0,2416.0,2397.5,2397.5,2376.5,2376.5,2364.0,2364.0,2439.5,2425.25,2432.75,2438.25,2440.75,2443.25,2445.5,False,False,48327.8182
2021-06-24,20.0483,2397.5,2397.5,2424.0,2424.0,2406.5,2406.5,2383.5,2383.5,2368.5,2368.5,2440.0,2429.25,2435.25,2439.25,2440.0,2441.5,2443.0,False,False,48065.7993
2021-06-25,19.793,2451.0,2451.0,2470.0,2470.0,2443.0,2443.0,2421.0,2421.0,2405.0,2405.0,2486.0,2478.75,2483.75,2485.75,2483.75,2481.75,2479.75,False,False,48512.643
2021-06-26,19.793,2451.0,2451.0,2470.0,2470.0,2443.0,2443.0,2421.0,2421.0,2405.0,2405.0,2486.0,2478.75,2483.75,2485.75,2483.75,2481.75,2479.75,True,True,48512.643
2021-06-27,19.793,2451.0,2451.0,2470.0,2470.0,2443.0,2443.0,2421.0,2421.0,2405.0,2405.0,2486.0,2478.75,2483.75,2485.75,2483.75,2481.75,2479.75,True,True,48512.643
2021-06-28,19.8027,2458.0,2458.0,2477.5,2477.5,2437.0,2437.0,2411.0,2411.0,2393.0,2393.0,2490.0,2483.25,2487.75,2489.75,2487.0,2484.0,2480.25,False,False,48675.0366
2021-06-29,19.8157,2518.5,2518.5,2533.0,2533.0,2475.5,2475.5,2445.5,2445.5,2418.5,2418.5,2551.5,2549.0,2550.75,2551.5,2543.5,2538.5,2529.5,False,False,49905.8404
2021-06-30,19.9062,2523.0,2523.0,2535.0,2535.0,2469.5,2469.5,2425.0,2425.0,2380.0,2380.0,2523.5,2519.5,2522.5,2524.5,2520.5,2518.0,2513.0,False,False,50223.3426
2021-07-01,20.0368,2481.0,2481.0,2497.5,2497.5,2453.0,2453.0,2423.0,2423.0,2386.0,2386.0,2512.0,2503.5,2509.25,2510.75,2509.25,2506.0,2503.0,False,False,49711.3008
2021-07-02,19.8817,2519.5,2519.5,2535.0,2535.0,2488.5,2488.5,2450.5,2450.5,2417.5,2417.5,2562.0,2554.5,2560.0,2562.0,2558.5,2555.0,2550.0,False,False,50091.9432
2021-07-03,19.8817,2519.5,2519.5,2535.0,2535.0,2488.5,2488.5,2450.5,2450.5,2417.5,2417.5,2562.0,2554.5,2560.0,2562.0,2558.5,2555.0,2550.0,True,True,50091.9432
2021-07-04,19.8817,2519.5,2519.5,2535.0,2535.0,2488.5,2488.5,2450.5,2450.5,2417.5,2417.5,2562.0,2554.5,2560.0,2562.0,2558.5,2555.0,2550.0,True,True,50091.9432
2021-07-05,19.8532,2539.5,2539.5,2558.5,2558.5,2507.5,2507.5,2469.5,2469.5,2436.5,2436.5,2556.0,2543.5,2551.0,2555.75,2553.75,2552.0,2549.0,False,False,50417.2014
2021-07-06,19.9658,2529.5,2529.5,2551.0,2551.0,2509.0,2509.0,2471.0,2471.0,2438.0,2438.0,2530.0,2516.75,2524.5,2528.5,2528.75,2528.0,2527.25,False,False,50503.4911
2021-07-07,19.9915,2508.5,2508.5,2528.0,2528.0,2499.5,2499.5,2461.5,2461.5,2428.5,2428.5,2499.5,2487.25,2493.0,2496.75,2498.75,2498.25,2498.75,False,False,50148.6777
2021-07-08,20.007,2435.0,2435.0,2450.0,2450.0,2433.5,2433.5,2403.5,2403.5,2370.5,2370.5,2442.0,2429.0,2435.0,2438.5,2439.75,2440.75,2441.75,False,False,48717.045
2021-07-09,19.88,2470.0,2470.0,2488.5,2488.5,2473.0,2473.0,2458.0,2458.0,2438.0,2438.0,2501.5,2485.25,2493.0,2497.5,2500.0,2500.25,2501.75,False,False,49103.6
2021-07-10,19.88,2470.0,2470.0,2488.5,2488.5,2473.0,2473.0,2458.0,2458.0,2438.0,2438.0,2501.5,2485.25,2493.0,2497.5,2500.0,2500.25,2501.75,True,True,49103.6
2021-07-11,19.88,2470.0,2470.0,2488.5,2488.5,2473.0,2473.0,2458.0,2458.0,2438.0,2438.0,2501.5,2485.25,2493.0,2497.5,2500.0,2500.25,2501.75,True,True,49103.6
2021-07-12,19.8577,2449.0,2449.0,2468.5,2468.5,2453.5,2453.5,2433.5,2433.5,2413.5,2413.5,2489.5,2474.0,2481.7,2487.0,2488.5,2489.5,2491.0,False,False,48631.5073
2021-07-13,19.9988,2478.0,2478.0,2492.5,2492.5,2476.0,2476.0,2458.0,2458.0,2438.0,2438.0,2535.5,2522.75,2530.0,2534.5,2535.5,2536.25,2536.75,False,False,49557.0264
2021-07-14,19.8992,2509.0,2509.0,2526.5,2526.5,2506.5,2506.5,2479.5,2479.5,2463.0,2463.0,2525.0,2510.3,2518.31,2523.3,2525.3,2526.55,2527.3,False,False,49927.0928
2021-07-15,19.9412,2495.0,2495.0,2510.5,2510.5,2494.0,2494.0,2474.0,2474.0,2457.5,2457.5,2518.0,2501.51,2511.01,2516.0,2518.5,2520.0,2520.75,False,False,49753.294
2021-07-16,19.8537,2493.0,2493.0,2510.5,2510.5,2494.5,2494.5,2469.5,2469.5,2453.0,2453.0,2488.5,2468.25,2482.25,2486.5,2488.95,2490.25,2490.75,False,False,49495.2741
2021-07-17,19.8537,2493.0,2493.0,2510.5,2510.5,2494.5,2494.5,2469.5,2469.5,2453.0,2453.0,2488.5,2468.25,2482.25,2486.5,2488.95,2490.25,2490.75,True,True,49495.2741
2021-07-18,19.8537,2493.0,2493.0,2510.5,2510.5,2494.5,2494.5,2469.5,2469.5,2453.0,2453.0,2488.5,2468.25,2482.25,2486.5,2488.95,2490.25,2490.75,True,True,49495.2741
2021-07-19,20.0,2425.0,2425.0,2446.0,2446.0,2430.0,2430.0,2404.0,2404.0,2385.5,2385.5,2425.5,2418.5,2422.5,2425.0,2426.7,2427.0,2426.25,False,False,48500.0
2021-07-20,20.1348,2424.5,2424.5,2442.5,2442.5,2432.5,2432.5,2417.5,2417.5,2405.5,2405.5,2465.5,2461.95,2463.95,2465.5,2466.75,2467.0,2466.0,False,False,48816.8226
2021-07-21,20.1907,2432.0,2432.0,2449.0,2449.0,2437.0,2437.0,2414.0,2414.0,2402.0,2402.0,2453.5,2450.0,2452.0,2453.8,2455.25,2455.25,2454.25,False,False,49103.7824
2021-07-22,20.1812,2449.0,2449.0,2462.5,2462.5,2446.0,2446.0,2418.0,2418.0,2406.0,2406.0,2483.0,2479.5,2481.5,2483.5,2484.5,2484.75,2483.25,False,False,49423.7588
2021-07-23,20.0238,2492.0,2492.0,2504.0,2504.0,2482.5,2482.5,2452.5,2452.5,2440.5,2440.5,2502.5,2502.6,2501.6,2503.1,2503.85,2503.35,2501.35,False,False,49899.3096
2021-07-24,20.0238,2492.0,2492.0,2504.0,2504.0,2482.5,2482.5,2452.5,2452.5,2440.5,2440.5,2502.5,2502.6,2501.6,2503.1,2503.85,2503.35,2501.35,True,True,49899.3096
2021-07-25,20.0238,2492.0,2492.0,2504.0,2504.0,2482.5,2482.5,2452.5,2452.5,2440.5,2440.5,2502.5,2502.6,2501.6,2503.1,2503.85,2503.35,2501.35,True,True,49899.3096
2021-07-26,20.0245,2499.5,2499.5,2508.5,2508.5,2489.0,2489.0,2469.0,2469.0,2457.0,2457.0,2519.0,2521.4,2516.65,2518.9,2519.65,2518.9,2516.9,False,False,50051.2378
2021-07-27,19.977,2497.5,2497.5,2492.0,2492.0,2466.5,2466.5,2446.5,2446.5,2433.5,2433.5,2490.0,2502.5,2491.5,2491.5,2490.5,2489.5,2487.5,False,False,49892.5575
2021-07-28,19.9535,2516.0,2516.0,2504.5,2504.5,2480.0,2480.0,2460.0,2460.0,2446.0,2446.0,2537.0,2553.5,2541.5,2539.5,2537.5,2536.75,2534.25,False,False,50203.006
2021-07-29,19.8448,2556.5,2556.5,2545.5,2545.5,2511.0,2511.0,2486.0,2486.0,2471.0,2471.0,2591.5,2614.0,2603.0,2598.0,2590.0,2587.0,2583.5,False,False,50733.2312
2021-07-30,19.8455,2624.0,2624.0,2619.0,2619.0,2571.5,2571.5,2537.5,2537.5,2517.5,2517.5,2590.0,2603.0,2595.0,2593.5,2588.0,2584.5,2580.0,False,False,52074.592
2021-07-31,19.8455,2624.0,2624.0,2619.0,2619.0,2571.5,2571.5,2537.5,2537.5,2517.5,2517.5,2590.0,2603.0,2595.0,2593.5,2588.0,2584.5,2580.0,True,True,52074.592
2021-08-01,19.8455,2624.0,2624.0,2619.0,2619.0,2571.5,2571.5,2537.5,2537.5,2517.5,2517.5,2590.0,2603.0,2595.0,2593.5,2588.0,2584.5,2580.0,True,True,52074.592
2021-08-02,19.852,2635.0,2635.0,2628.5,2628.5,2586.0,2586.0,2554.0,2554.0,2536.0,2536.0,2615.0,2618.75,2615.0,2616.0,2613.0,2610.0,2606.25,False,False,52310.02
2021-08-03,19.892,2595.5,2595.5,2599.5,2599.5,2566.0,2566.0,2536.0,2536.0,2518.0,2518.0,2586.0,2588.15,2585.4,2586.7,2585.4,2583.9,2581.65,False,False,51629.686
2021-08-04,19.9547,2575.5,2575.5,2580.5,2580.5,2553.0,2553.0,2527.0,2527.0,2509.0,2509.0,2566.5,2568.25,2565.25,2567.25,2566.5,2565.0,2564.0,False,False,51393.3298
2021-08-05,19.9293,2583.5,2583.5,2589.0,2589.0,2563.5,2563.5,2537.5,2537.5,2517.5,2517.5,2588.0,2589.25,2586.25,2588.25,2587.75,2586.0,2584.75,False,False,51487.3466
2021-08-06,20.0037,2618.5,2618.5,2621.5,2621.5,2581.5,2581.5,2546.5,2546.5,2526.5,2526.5,2578.0,2573.25,2574.25,2577.75,2577.75,2577.0,2574.75,False,False,52379.6884
2021-08-07,20.0037,2618.5,2618.5,2621.5,2621.5,2581.5,2581.5,2546.5,2546.5,2526.5,2526.5,2578.0,2573.25,2574.25,2577.75,2577.75,2577.0,2574.75,True,True,52379.6884
2021-08-08,20.0037,2618.5,2618.5,2621.5,2621.5,2581.5,2581.5,2546.5,2546.5,2526.5,2526.5,2578.0,2573.25,2574.25,2577.75,2577.75,2577.0,2574.75,True,True,52379.6884
2021-08-09,20.0648,2547.0,2547.0,2553.0,2553.0,2517.5,2517.5,2473.5,2473.5,2443.5,2443.5,2549.0,2542.5,2544.5,2548.5,2550.0,2550.5,2548.0,False,False,51105.0456
2021-08-10,20.1038,2579.0,2579.0,2585.0,2585.0,2551.0,2551.0,2509.5,2509.5,2476.0,2476.0,2574.5,2571.0,2569.0,2572.5,2574.25,2574.0,2571.75,False,False,51847.7002
2021-08-11,19.953,2578.0,2578.0,2577.5,2577.5,2541.5,2541.5,2492.0,2492.0,2449.0,2449.0,2585.5,2582.75,2580.75,2584.25,2584.75,2582.75,2580.25,False,False,51438.834
2021-08-12,19.8907,2602.0,2602.0,2600.0,2600.0,2557.5,2557.5,2509.0,2509.0,2466.0,2466.0,2582.5,2579.5,2576.0,2580.5,2583.0,2582.0,2580.0,False,False,51755.6014
2021-08-13,19.8603,2602.5,2602.5,2592.0,2592.0,2554.0,2554.0,2504.0,2504.0,2461.5,2461.5,2600.0,2608.75,2594.75,2597.0,2599.0,2597.75,2595.75,False,False,51686.4308
2021-08-14,19.8603,2602.5,2602.5,2592.0,2592.0,2554.0,2554.0,2504.0,2504.0,2461.5,2461.5,2600.0,2608.75,2594.75,2597.0,2599.0,2597.75,2595.75,True,True,51686.4308
2021-08-15,19.8603,2602.5,2602.5,2592.0,2592.0,2554.0,2554.0,2504.0,2504.0,2461.5,2461.5,2600.0,2608.75,2594.75,2597.0,2599.0,2597.75,2595.75,True,True,51686.4308
2021-08-16,19.8863,2644.0,2644.0,2626.0,2626.0,2584.0,2584.0,2534.0,2534.0,2491.0,2491.0,2602.0,2597.75,2599.0,2601.5,2601.0,2598.0,2596.5,False,False,52579.3772
2021-08-17,19.9912,2633.0,2633.0,2618.5,2618.5,2580.0,2580.0,2527.5,2527.5,2485.0,2485.0,2599.5,2594.25,2596.5,2599.5,2599.25,2597.25,2595.75,False,False,52636.8296
2021-08-18,20.0107,2589.5,2589.5,2571.5,2571.5,2540.5,2540.5,2488.5,2488.5,2445.5,2445.5,2555.0,2550.76,2553.51,2555.01,2555.01,2554.01,2552.51,False,False,51817.7076
2021-08-19,20.1175,2544.0,2544.0,2532.0,2532.0,2503.5,2503.5,2458.5,2458.5,2415.5,2415.5,2545.5,2540.26,2543.51,2546.5,2546.25,2544.75,2543.5,False,False,51178.92
2021-08-20,20.402,2569.0,2569.0,2552.0,2552.0,2523.0,2523.0,2477.0,2477.0,2434.5,2434.5,2546.5,2539.75,2544.25,2547.5,2547.75,2546.25,2544.25,False,False,52412.738
2021-08-21,20.402,2569.0,2569.0,2552.0,2552.0,2523.0,2523.0,2477.0,2477.0,2434.5,2434.5,2546.5,2539.75,2544.25,2547.5,2547.75,2546.25,2544.25,True,True,52412.738
2021-08-22,20.402,2569.0,2569.0,2552.0,2552.0,2523.0,2523.0,2477.0,2477.0,2434.5,2434.5,2546.5,2539.75,2544.25,2547.5,2547.75,2546.25,2544.25,True,True,52412.738
2021-08-23,20.3907,2609.0,2609.0,2589.0,2589.0,2555.0,2555.0,2505.0,2505.0,2476.0,2476.0,2602.0,2598.5,2602.5,2603.0,2603.0,2601.5,2599.5,False,False,53199.3363
2021-08-24,20.2967,2648.5,2648.5,2627.0,2627.0,2587.5,2587.5,2532.5,2532.5,2495.5,2495.5,2615.0,2606.75,2612.0,2614.0,2614.25,2612.25,2610.25,False,False,53755.81
2021-08-25,20.2933,2647.5,2647.5,2630.0,2630.0,2597.5,2597.5,2543.0,2543.0,2506.0,2506.0,2617.5,2610.5,2615.0,2616.5,2617.0,2614.5,2612.5,False,False,53726.5118
2021-08-26,20.3522,2635.0,2635.0,2614.5,2614.5,2580.0,2580.0,2534.0,2534.0,2497.0,2497.0,2619.5,2610.75,2615.25,2617.5,2618.25,2616.25,2615.25,False,False,53628.047
2021-08-27,20.2293,2673.5,2673.5,2655.5,2655.5,2617.5,2617.5,2567.5,2567.5,2530.5,2530.5,2649.5,2641.25,2645.5,2647.5,2647.5,2645.5,2642.5,False,False,54083.0335
2021-08-28,20.2293,2673.5,2673.5,2655.5,2655.5,2617.5,2617.5,2567.5,2567.5,2530.5,2530.5,2649.5,2641.25,2645.5,2647.5,2647.5,2645.5,2642.5,True,True,54083.0335
2021-08-29,20.2293,2673.5,2673.5,2655.5,2655.5,2617.5,2617.5,2567.5,2567.5,2530.5,2530.5,2649.5,2641.25,2645.5,2647.5,2647.5,2645.5,2642.5,True,True,54083.0335
2021-08-30,20.1403,2673.5,2673.5,2655.5,2655.5,2617.5,2617.5,2567.5,2567.5,2530.5,2530.5,2649.5,2641.25,2645.5,2647.5,2647.5,2645.5,2642.5,True,False,53845.092
2021-08-31,20.0605,2714.0,2714.0,2696.0,2696.0,2648.0,2648.0,2591.0,2591.0,2549.5,2549.5,2718.0,2713.0,2716.0,2718.0,2716.75,2713.75,2710.25,False,False,54444.197
2021-09-01,19.9615,2667.5,2667.5,2664.5,2664.5,2620.0,2620.0,2568.0,2568.0,2526.5,2526.5,2690.0,2682.75,2687.0,2689.0,2689.5,2687.0,2684.0,False,False,53247.3013
2021-09-02,19.9703,2694.5,2694.5,2705.5,2705.5,2661.5,2661.5,2609.5,2609.5,2561.5,2561.5,2695.0,2684.0,2689.77,2692.5,2693.25,2690.25,2687.25,False,False,53809.9734
2021-09-03,19.8992,2696.0,2696.0,2703.5,2703.5,2647.5,2647.5,2592.5,2592.5,2542.5,2542.5,2727.0,2716.75,2722.0,2725.25,2725.5,2723.25,2720.25,False,False,53648.2432
2021-09-04,19.8992,2696.0,2696.0,2703.5,2703.5,2647.5,2647.5,2592.5,2592.5,2542.5,2542.5,2727.0,2716.75,2722.0,2725.25,2725.5,2723.25,2720.25,True,True,53648.2432
2021-09-05,19.8992,2696.0,2696.0,2703.5,2703.5,2647.5,2647.5,2592.5,2592.5,2542.5,2542.5,2727.0,2716.75,2722.0,2725.25,2725.5,2723.25,2720.25,True,True,53648.2432
2021-09-06,19.8878,2745.0,2745.5,2756.0,2758.0,2690.0,2695.0,2610.0,2615.0,2545.0,2550.0,2773.0,2760.0,2767.75,2771.0,2770.0,2766.5,2762.0,False,False,54601.9549
2021-09-07,19.944,2740.0,2740.5,2759.0,2760.0,2688.0,2693.0,2593.0,2598.0,2503.0,2508.0,2757.0,2741.0,2751.2,2755.0,2755.0,2752.0,2750.0,False,False,54656.532
2021-09-08,19.9383,2774.5,2775.0,2792.0,2793.0,2720.0,2725.0,2635.0,2640.0,2540.0,2545.0,2794.0,2779.35,2787.35,2791.6,2792.5,2788.5,2785.5,False,False,55328.7825
2021-09-09,19.9318,2816.5,2817.0,2827.0,2828.0,2743.0,2748.0,2638.0,2643.0,2548.0,2553.0,2839.5,2829.25,2833.25,2837.75,2838.25,2833.5,2830.0,False,False,56147.8806
2021-09-10,19.8717,2896.0,2896.5,2906.0,2907.0,2783.0,2788.0,2653.0,2658.0,2545.0,2550.0,2924.0,2916.5,2920.0,2922.5,2922.5,2916.25,2912.25,False,False,57558.379
2021-09-11,19.8717,2896.0,2896.5,2906.0,2907.0,2783.0,2788.0,2653.0,2658.0,2545.0,2550.0,2924.0,2916.5,2920.0,2922.5,2922.5,2916.25,2912.25,True,True,57558.379
2021-09-12,19.8717,2896.0,2896.5,2906.0,2907.0,2783.0,2788.0,2653.0,2658.0,2545.0,2550.0,2924.0,2916.5,2920.0,2922.5,2922.5,2916.25,2912.25,True,True,57558.379
2021-09-13,19.8677,2949.0,2950.0,2949.5,2950.0,2787.0,2792.0,2602.0,2607.0,2492.0,2497.0,2896.5,2891.5,2894.5,2894.0,2887.75,2883.5,2875.75,False,False,58609.715
2021-09-14,19.9035,2846.5,2847.0,2857.0,2858.0,2725.0,2730.0,2565.0,2570.0,2455.0,2460.0,2831.0,2822.25,2828.75,2830.0,2824.75,2820.5,2816.0,False,False,56665.2645
2021-09-15,19.9003,2867.0,2868.0,2887.5,2888.0,2758.0,2763.0,2598.0,2603.0,2487.0,2492.0,2893.0,2886.3,2891.8,2893.0,2885.0,2877.0,2870.0,False,False,57074.0604
2021-09-16,19.9003,2868.5,2869.0,2892.5,2893.0,2752.0,2757.0,2592.0,2597.0,2447.0,2452.0,2879.5,2872.75,2879.25,2881.0,2873.0,2865.0,2858.0,False,True,57093.9607
2021-09-17,19.9853,2914.0,2915.0,2926.5,2927.0,2758.0,2763.0,2573.0,2578.0,2413.0,2418.0,2885.5,2884.5,2890.0,2887.0,2877.5,2869.5,2855.0,False,False,58257.1495
2021-09-18,19.9853,2914.0,2915.0,2926.5,2927.0,2758.0,2763.0,2573.0,2578.0,2413.0,2418.0,2885.5,2884.5,2890.0,2887.0,2877.5,2869.5,2855.0,True,True,58257.1495
2021-09-19,19.9853,2914.0,2915.0,2926.5,2927.0,2758.0,2763.0,2573.0,2578.0,2413.0,2418.0,2885.5,2884.5,2890.0,2887.0,2877.5,2869.5,2855.0,True,True,58257.1495
2021-09-20,20.1735,2846.5,2847.0,2856.0,2857.0,2695.0,2700.0,2520.0,2525.0,2350.0,2355.0,2863.0,2859.75,2864.75,2864.75,2855.5,2847.75,2838.25,False,False,57433.9545
2021-09-21,20.1438,2863.5,2864.0,2878.0,2878.5,2728.0,2733.0,2558.0,2563.0,2388.0,2393.0,2846.0,2840.02,2845.77,2847.27,2840.27,2833.77,2825.77,False,False,57691.8432
2021-09-22,20.0328,2886.0,2887.0,2905.5,2906.0,2770.0,2775.0,2595.0,2600.0,2423.0,2428.0,2935.0,2933.25,2938.0,2938.0,2928.5,2920.5,2911.5,False,False,57834.6936
2021-09-23,20.028,2936.5,2937.0,2950.0,2951.0,2788.0,2793.0,2603.0,2608.0,2423.0,2428.0,2949.5,2943.25,2948.75,2950.5,2943.25,2935.25,2925.25,False,False,58822.236
2021-09-24,20.1118,2905.0,2905.5,2917.5,2918.0,2768.0,2773.0,2603.0,2608.0,2423.0,2428.0,2915.5,2910.0,2915.5,2917.25,2911.5,2907.5,2899.5,False,False,58434.8349
2021-09-25,20.1118,2905.0,2905.5,2917.5,2918.0,2768.0,2773.0,2603.0,2608.0,2423.0,2428.0,2915.5,2910.0,2915.5,2917.25,2911.5,2907.5,2899.5,True,True,58434.8349
2021-09-26,20.1118,2905.0,2905.5,2917.5,2918.0,2768.0,2773.0,2603.0,2608.0,2423.0,2428.0,2915.5,2910.0,2915.5,2917.25,2911.5,2907.5,2899.5,True,True,58434.8349
2021-09-27,20.1052,2887.5,2888.0,2903.0,2904.0,2777.0,2782.0,2623.0,2628.0,2468.0,2473.0,2883.5,2875.15,2881.7,2883.5,2879.0,2874.5,2868.5,False,False,58063.8176
2021-09-28,20.306,2898.5,2899.0,2915.0,2916.0,2798.0,2803.0,2650.0,2655.0,2500.0,2505.0,2944.5,2936.25,2942.75,2944.5,2939.75,2934.75,2928.5,False,False,58867.094
2021-09-29,20.4977,2912.5,2913.0,2929.0,2930.0,2798.0,2803.0,2628.0,2633.0,2463.0,2468.0,2911.5,2903.1,2910.1,2911.0,2905.99,2901.99,2896.5,False,False,59709.8001
2021-09-30,20.5623,2850.5,2851.0,2866.0,2867.0,2755.0,2760.0,2605.0,2610.0,2440.0,2445.0,2858.5,2849.75,2856.75,2857.25,2851.75,2848.0,2843.75,False,False,58623.1173
2021-10-01,20.5103,2864.0,2865.0,2880.0,2881.0,2763.0,2768.0,2623.0,2628.0,2478.0,2483.0,2857.0,2845.0,2853.0,2854.0,2849.0,2844.5,2839.5,False,False,58762.0095
2021-10-02,20.5103,2864.0,2865.0,2880.0,2881.0,2763.0,2768.0,2623.0,2628.0,2478.0,2483.0,2857.0,2845.0,2853.0,2854.0,2849.0,2844.5,2839.5,True,True,58762.0095
2021-10-03,20.5103,2864.0,2865.0,2880.0,2881.0,2763.0,2768.0,2623.0,2628.0,2478.0,2483.0,2857.0,2845.0,2853.0,2854.0,2849.0,2844.5,2839.5,True,True,58762.0095
2021-10-04,20.5747,2888.0,2889.0,2908.0,2910.0,2790.0,2795.0,2648.0,2653.0,2488.0,2493.0,2916.0,2904.75,2913.75,2914.25,2909.0,2903.5,2898.0,False,False,59440.3083
2021-10-05,20.5818,2894.0,2894.5,2911.0,2912.0,2788.0,2793.0,2638.0,2643.0,2478.0,2483.0,2921.0,2911.75,2920.75,2919.75,2914.75,2909.25,2904.5,False,False,59574.0201
2021-10-06,20.6947,2879.0,2880.0,2887.0,2888.0,2780.0,2785.0,2633.0,2638.0,2473.0,2478.0,2897.0,2890.0,2898.5,2897.0,2891.75,2887.0,2882.75,False,False,59600.736
2021-10-07,20.604,2915.5,2916.0,2928.0,2929.0,2815.0,2820.0,2675.0,2680.0,2515.0,2520.0,2946.0,2934.0,2943.0,2945.0,2940.75,2936.25,2930.75,False,False,60081.264
2021-10-08,20.7293,2901.5,2902.0,2921.5,2922.5,2813.0,2818.0,2665.0,2670.0,2505.0,2510.0,2966.0,2952.3,2962.25,2964.75,2961.25,2956.05,2952.25,False,False,60156.4286
2021-10-09,20.7293,2901.5,2902.0,2921.5,2922.5,2813.0,2818.0,2665.0,2670.0,2505.0,2510.0,2966.0,2952.3,2962.25,2964.75,2961.25,2956.05,2952.25,True,True,60156.4286
2021-10-10,20.7293,2901.5,2902.0,2921.5,2922.5,2813.0,2818.0,2665.0,2670.0,2505.0,2510.0,2966.0,2952.3,2962.25,2964.75,2961.25,2956.05,2952.25,True,True,60156.4286
2021-10-11,20.8017,3019.0,3020.0,3033.0,3034.0,2903.0,2908.0,2712.0,2717.0,2548.0,2553.0,3064.0,3048.5,3062.25,3065.25,3060.5,3054.0,3049.0,False,False,62821.134
2021-10-12,20.7767,3051.0,3052.0,3072.0,3073.0,2928.0,2933.0,2718.0,2723.0,2538.0,2543.0,3068.0,3053.25,3066.0,3069.5,3065.2,3057.7,3051.0,False,False,63410.4884
2021-10-13,20.6827,3075.0,3076.0,3088.0,3089.0,2928.0,2933.0,2683.0,2688.0,2483.0,2488.0,3068.0,3053.75,3066.0,3069.5,3064.5,3056.0,3049.5,False,False,63619.9852
2021-10-14,20.6075,3151.5,3152.0,3171.0,3172.0,3002.0,3007.0,2727.0,2732.0,2517.0,2522.0,3117.0,3099.25,3113.0,3118.0,3113.0,3106.0,3097.0,False,False,64954.84
2021-10-15,20.4672,3162.0,3163.0,3185.0,3185.5,3013.0,3018.0,2728.0,2733.0,2488.0,2493.0,3171.5,3149.5,3165.5,3172.0,3168.25,3162.25,3152.75,False,False,64737.7536
2021-10-16,20.4672,3162.0,3163.0,3185.0,3185.5,3013.0,3018.0,2728.0,2733.0,2488.0,2493.0,3171.5,3149.5,3165.5,3172.0,3168.25,3162.25,3152.75,True,True,64737.7536
2021-10-17,20.4672,3162.0,3163.0,3185.0,3185.5,3013.0,3018.0,2728.0,2733.0,2488.0,2493.0,3171.5,3149.5,3165.5,3172.0,3168.25,3162.25,3152.75,True,True,64737.7536
2021-10-18,20.3587,3179.5,3180.0,3198.0,3200.0,3040.0,3045.0,2765.0,2770.0,2525.0,2530.0,3167.5,3163.0,3169.5,3166.0,3160.25,3153.0,3145.0,False,False,64740.666
2021-10-19,20.2647,3175.5,3176.0,3194.0,3195.0,3048.0,3053.0,2783.0,2788.0,2543.0,2548.0,3112.0,3109.0,3115.25,3112.0,3106.0,3099.0,3092.75,False,False,64360.6872
2021-10-20,20.185,3064.5,3065.0,3074.0,3076.0,2963.0,2968.0,2753.0,2758.0,2533.0,2538.0,3069.5,3068.0,3075.0,3072.0,3065.5,3057.0,3050.5,False,False,61867.025
2021-10-21,20.2643,3013.0,3014.0,3023.0,3023.5,2903.0,2908.0,2693.0,2698.0,2473.0,2478.0,2910.5,2908.5,2915.5,2911.75,2907.0,2901.5,2896.5,False,False,61076.6002
2021-10-22,20.1837,2945.5,2946.0,2955.0,2957.0,2857.0,2862.0,2677.0,2682.0,2477.0,2482.0,2868.0,2865.5,2872.25,2868.75,2865.0,2859.25,2854.25,False,False,59461.1802
2021-10-23,20.1837,2945.5,2946.0,2955.0,2957.0,2857.0,2862.0,2677.0,2682.0,2477.0,2482.0,2868.0,2865.5,2872.25,2868.75,2865.0,2859.25,2854.25,True,True,59461.1802
2021-10-24,20.1837,2945.5,2946.0,2955.0,2957.0,2857.0,2862.0,2677.0,2682.0,2477.0,2482.0,2868.0,2865.5,2872.25,2868.75,2865.0,2859.25,2854.25,True,True,59461.1802
2021-10-25,20.1897,2916.5,2917.0,2923.0,2925.0,2818.0,2823.0,2628.0,2633.0,2428.0,2433.0,2875.5,2874.0,2880.75,2877.0,2873.5,2872.0,2871.0,False,False,58893.3549
2021-10-26,20.1888,2830.5,2831.0,2844.0,2844.5,2767.0,2772.0,2607.0,2612.0,2447.0,2452.0,2829.0,2826.75,2833.5,2829.75,2827.5,2825.5,2823.0,False,False,57154.4928
2021-10-27,20.193,2703.5,2704.0,2724.5,2725.0,2673.0,2678.0,2563.0,2568.0,2437.0,2442.0,2686.0,2675.74,2687.49,2687.49,2685.95,2684.7,2683.45,False,False,54601.872
2021-10-28,20.3255,2720.5,2721.0,2732.0,2733.0,2668.0,2673.0,2523.0,2528.0,2403.0,2408.0,2746.5,2743.5,2750.5,2748.0,2746.0,2744.5,2742.5,False,False,55305.6855
2021-10-29,20.5297,2694.5,2695.0,2693.0,2695.0,2628.0,2633.0,2468.0,2473.0,2338.0,2343.0,2716.5,2712.25,2718.75,2718.0,2716.75,2715.25,2713.0,False,False,55327.5415
2021-10-30,20.5297,2694.5,2695.0,2693.0,2695.0,2628.0,2633.0,2468.0,2473.0,2338.0,2343.0,2716.5,2712.25,2718.75,2718.0,2716.75,2715.25,2713.0,True,True,55327.5415
2021-10-31,20.5297,2694.5,2695.0,2693.0,2695.0,2628.0,2633.0,2468.0,2473.0,2338.0,2343.0,2716.5,2712.25,2718.75,2718.0,2716.75,2715.25,2713.0,True,True,55327.5415
2021-11-01,20.8598,2712.5,2713.0,2729.0,2730.0,2660.0,2665.0,2500.0,2505.0,2370.0,2375.0,2719.5,2713.75,2720.75,2720.0,2719.5,2718.25,2715.25,False,False,56592.6374
2021-11-02,20.8598,2679.0,2680.0,2697.0,2698.0,2640.0,2645.0,2485.0,2490.0,2320.0,2325.0,2692.5,2684.0,2692.75,2692.0,2692.0,2690.75,2689.5,False,True,55904.264
2021-11-03,20.8352,2705.5,2706.0,2722.0,2724.0,2677.0,2682.0,2515.0,2520.0,2350.0,2355.0,2656.0,2645.05,2655.8,2655.25,2655.5,2654.25,2654.25,False,False,56380.0512
2021-11-04,20.6242,2642.5,2643.0,2664.0,2666.0,2633.0,2638.0,2513.0,2518.0,2383.0,2388.0,2554.5,2537.51,2550.51,2551.5,2555.0,2555.0,2555.5,False,False,54509.7606
2021-11-05,20.3925,2490.0,2490.5,2520.0,2522.0,2503.0,2508.0,2412.0,2417.0,2322.0,2327.0,2556.5,2537.75,2551.0,2553.25,2557.25,2557.75,2558.25,False,False,50787.5212
2021-11-06,20.3925,2490.0,2490.5,2520.0,2522.0,2503.0,2508.0,2412.0,2417.0,2322.0,2327.0,2556.5,2537.75,2551.0,2553.25,2557.25,2557.75,2558.25,True,True,50787.5212
2021-11-07,20.3925,2490.0,2490.5,2520.0,2522.0,2503.0,2508.0,2412.0,2417.0,2322.0,2327.0,2556.5,2537.75,2551.0,2553.25,2557.25,2557.75,2558.25,True,True,50787.5212
2021-11-08,20.3265,2530.0,2530.5,2557.0,2558.0,2542.0,2547.0,2462.0,2467.0,2382.0,2387.0,2605.0,2587.0,2600.0,2601.75,2605.5,2606.25,2607.25,False,False,51436.2082
2021-11-09,20.2833,2581.0,2582.0,2600.0,2601.0,2578.0,2583.0,2498.0,2503.0,2418.0,2423.0,2556.5,2539.25,2553.0,2553.5,2555.75,2556.5,2556.5,False,False,52371.4806
2021-11-10,20.4702,2553.0,2554.0,2573.0,2575.0,2545.0,2550.0,2465.0,2470.0,2402.0,2407.0,2578.0,2562.0,2577.0,2576.25,2577.25,2577.25,2576.5,False,False,52280.8908
2021-11-11,20.4652,2645.0,2645.5,2655.0,2655.5,2620.0,2625.0,2510.0,2515.0,2430.0,2435.0,2660.0,2657.75,2671.5,2660.5,2659.5,2657.5,2655.5,False,False,54140.6866
2021-11-12,20.5072,2675.5,2676.0,2677.0,2679.0,2633.0,2638.0,2515.0,2520.0,2420.0,2425.0,2700.0,2698.35,2711.45,2700.45,2699.75,2697.25,2695.25,False,False,54877.2672
2021-11-13,20.5072,2675.5,2676.0,2677.0,2679.0,2633.0,2638.0,2515.0,2520.0,2420.0,2425.0,2700.0,2698.35,2711.45,2700.45,2699.75,2697.25,2695.25,True,True,54877.2672
2021-11-14,20.5072,2675.5,2676.0,2677.0,2679.0,2633.0,2638.0,2515.0,2520.0,2420.0,2425.0,2700.0,2698.35,2711.45,2700.45,2699.75,2697.25,2695.25,True,True,54877.2672
2021-11-15,20.5072,2677.5,2678.0,2677.0,2678.0,2625.0,2630.0,2490.0,2495.0,2360.0,2365.0,2657.0,2672.0,2657.5,2656.5,2655.0,2653.0,2651.5,False,True,54918.2816
2021-11-16,20.8092,2627.5,2628.5,2627.0,2628.0,2580.0,2585.0,2460.0,2465.0,2330.0,2335.0,2574.5,2596.13,2575.13,2574.5,2573.25,2571.5,2570.5,False,False,54696.9822
2021-11-17,20.6912,2627.0,2628.0,2621.5,2622.5,2585.0,2590.0,2475.0,2480.0,2355.0,2360.0,2616.5,2643.25,2618.25,2617.5,2616.25,2615.0,2613.5,False,False,54376.4736
2021-11-18,20.7628,2607.0,2607.5,2595.0,2596.0,2563.0,2568.0,2458.0,2463.0,2338.0,2343.0,2616.0,2646.25,2620.25,2617.25,2616.25,2615.0,2615.0,False,False,54139.001
2021-11-19,20.8283,2660.5,2661.0,2643.0,2644.0,2607.0,2612.0,2487.0,2492.0,2367.0,2372.0,2679.5,2699.75,2682.75,2680.75,2679.75,2678.0,2677.0,False,False,55424.1063
2021-11-20,20.8283,2660.5,2661.0,2643.0,2644.0,2607.0,2612.0,2487.0,2492.0,2367.0,2372.0,2679.5,2699.75,2682.75,2680.75,2679.75,2678.0,2677.0,True,True,55424.1063
2021-11-21,20.8283,2660.5,2661.0,2643.0,2644.0,2607.0,2612.0,2487.0,2492.0,2367.0,2372.0,2679.5,2699.75,2682.75,2680.75,2679.75,2678.0,2677.0,True,True,55424.1063
2021-11-22,20.9632,2653.0,2653.5,2653.0,2655.0,2613.0,2618.0,2492.0,2497.0,2372.0,2377.0,2689.5,2705.0,2690.0,2690.0,2690.0,2689.25,2688.25,False,False,55625.8512
2021-11-23,21.2107,2690.0,2691.0,2684.5,2685.0,2647.0,2652.0,2527.0,2532.0,2407.0,2412.0,2668.5,2679.0,2665.25,2667.75,2669.5,2669.5,2669.0,False,False,57077.9937
2021-11-24,21.4357,2698.0,2699.0,2690.5,2691.0,2657.0,2662.0,2538.0,2543.0,2448.0,2453.0,2704.0,2717.5,2701.0,2702.75,2704.0,2703.75,2703.0,False,False,57854.9543
2021-11-25,21.5462,2739.5,2740.5,2734.0,2735.0,2700.0,2705.0,2575.0,2580.0,2480.0,2485.0,2717.5,2733.0,2714.5,2716.25,2716.75,2715.75,2714.25,False,False,59047.3611
2021-11-26,21.8185,2617.5,2618.5,2617.0,2619.0,2592.0,2597.0,2472.0,2477.0,2372.0,2377.0,2615.0,2632.5,2611.5,2613.5,2614.5,2616.0,2614.5,False,False,57131.7422
2021-11-27,21.8185,2617.5,2618.5,2617.0,2619.0,2592.0,2597.0,2472.0,2477.0,2372.0,2377.0,2615.0,2632.5,2611.5,2613.5,2614.5,2616.0,2614.5,True,True,57131.7422
2021-11-28,21.8185,2617.5,2618.5,2617.0,2619.0,2592.0,2597.0,2472.0,2477.0,2372.0,2377.0,2615.0,2632.5,2611.5,2613.5,2614.5,2616.0,2614.5,True,True,57131.7422
2021-11-29,21.7333,2649.0,2650.0,2641.5,2642.5,2615.0,2620.0,2495.0,2500.0,2395.0,2400.0,2630.0,2645.25,2626.25,2628.5,2630.5,2631.25,2631.25,False,False,57593.245
2021-11-30,21.4453,2634.5,2635.0,2625.0,2626.0,2608.0,2613.0,2488.0,2493.0,2382.0,2387.0,2625.0,2640.5,2620.5,2623.5,2626.5,2627.75,2628.25,False,False,56508.3655
2021-12-01,21.271,2669.0,2669.5,2646.0,2646.5,2633.0,2638.0,2528.0,2533.0,2422.0,2427.0,2664.5,2686.5,2660.5,2663.5,2666.5,2668.5,2669.0,False,False,56782.9345
2021-12-02,21.3033,2654.0,2655.0,2639.5,2640.0,2630.0,2635.0,2530.0,2535.0,2425.0,2430.0,2600.0,2620.0,2595.0,2599.0,2601.0,2603.0,2599.5,False,False,56560.2615
2021-12-03,21.4177,2647.0,2648.0,2627.0,2629.0,2610.0,2615.0,2530.0,2535.0,2445.0,2450.0,2623.0,2642.75,2617.5,2621.5,2624.5,2626.5,2627.75,False,False,56714.0696
2021-12-04,21.4177,2647.0,2648.0,2627.0,2629.0,2610.0,2615.0,2530.0,2535.0,2445.0,2450.0,2623.0,2642.75,2617.5,2621.5,2624.5,2626.5,2627.75,True,True,56714.0696
2021-12-05,21.4177,2647.0,2648.0,2627.0,2629.0,2610.0,2615.0,2530.0,2535.0,2445.0,2450.0,2623.0,2642.75,2617.5,2621.5,2624.5,2626.5,2627.75,True,True,56714.0696
2021-12-06,21.2047,2599.5,2600.5,2585.0,2586.0,2578.0,2583.0,2488.0,2493.0,2398.0,2403.0,2588.0,2605.25,2582.25,2585.75,2589.25,2592.0,2593.75,False,False,55142.8224
2021-12-07,21.0907,2624.5,2625.0,2619.0,2620.0,2615.0,2620.0,2525.0,2530.0,2435.0,2440.0,2628.5,2640.24,2620.25,2625.5,2630.0,2633.5,2635.25,False,False,55363.0875
2021-12-08,20.933,2625.0,2626.0,2625.0,2627.0,2618.0,2623.0,2520.0,2525.0,2430.0,2435.0,2627.0,2633.25,2619.5,2624.75,2628.0,2631.0,2632.25,False,False,54970.058
2021-12-09,21.0328,2630.0,2630.5,2633.0,2634.0,2620.0,2625.0,2520.0,2525.0,2420.0,2425.0,2626.5,2628.0,2617.0,2624.5,2627.0,2630.0,2631.25,False,False,55326.7804
2021-12-10,20.8922,2624.0,2625.0,2617.0,2619.0,2610.0,2615.0,2510.0,2515.0,2395.0,2400.0,2606.5,2616.51,2597.76,2604.25,2607.25,2609.75,2610.75,False,False,54842.025
2021-12-11,20.8922,2624.0,2625.0,2617.0,2619.0,2610.0,2615.0,2510.0,2515.0,2395.0,2400.0,2606.5,2616.51,2597.76,2604.25,2607.25,2609.75,2610.75,True,True,54842.025
2021-12-12,20.8922,2624.0,2625.0,2617.0,2619.0,2610.0,2615.0,2510.0,2515.0,2395.0,2400.0,2606.5,2616.51,2597.76,2604.25,2607.25,2609.75,2610.75,True,True,54842.025
2021-12-13,20.9383,2675.0,2677.0,2650.5,2651.0,2643.0,2648.0,2538.0,2543.0,2458.0,2463.0,2654.0,2642.2,2650.2,2654.7,2657.2,2658.2,2658.45,False,False,56051.8291
2021-12-14,21.165,2635.0,2636.0,2630.0,2631.0,2623.0,2628.0,2523.0,2528.0,2423.0,2428.0,2628.5,2616.0,2624.0,2628.94,2631.89,2632.89,2632.5,False,False,55790.94
2021-12-15,21.2393,2596.0,2597.0,2589.5,2590.0,2583.0,2588.0,2488.0,2493.0,2388.0,2393.0,2597.0,2584.75,2593.0,2597.0,2600.0,2601.0,2600.75,False,False,55158.4621
2021-12-16,20.9238,2628.0,2630.0,2644.0,2645.0,2638.0,2643.0,2553.0,2558.0,2495.0,2500.0,2667.0,2659.0,2665.0,2667.0,2668.5,2669.25,2666.0,False,False,55029.594
2021-12-17,20.7337,2692.0,2694.0,2710.0,2711.0,2695.0,2700.0,2593.0,2598.0,2498.0,2503.0,2724.5,2718.25,2725.5,2726.5,2726.5,2725.5,2722.75,False,False,55856.5878
2021-12-18,20.7337,2692.0,2694.0,2710.0,2711.0,2695.0,2700.0,2593.0,2598.0,2498.0,2503.0,2724.5,2718.25,2725.5,2726.5,2726.5,2725.5,2722.75,True,True,55856.5878
2021-12-19,20.7337,2692.0,2694.0,2710.0,2711.0,2695.0,2700.0,2593.0,2598.0,2498.0,2503.0,2724.5,2718.25,2725.5,2726.5,2726.5,2725.5,2722.75,True,True,55856.5878
2021-12-20,20.7363,2645.0,2645.5,2674.0,2675.0,2655.0,2660.0,2545.0,2550.0,2440.0,2445.0,2671.0,2659.01,2668.76,2671.51,2673.5,2674.0,2672.0,False,False,54857.8816
2021-12-21,20.7823,2695.0,2696.0,2714.0,2716.0,2698.0,2703.0,2607.0,2612.0,2505.0,2510.0,2754.0,2744.0,2753.0,2755.5,2756.5,2757.0,2755.25,False,False,56029.0808
2021-12-22,20.7527,2810.5,2811.0,2828.0,2829.0,2798.0,2803.0,2663.0,2668.0,2538.0,2543.0,2824.5,2818.75,2826.5,2827.0,2824.5,2822.5,2819.5,False,False,58335.8397
2021-12-23,20.6582,2817.5,2818.0,2829.0,2830.0,2790.0,2795.0,2620.0,2625.0,2460.0,2465.0,2846.0,2842.05,2849.5,2849.75,2845.95,2843.45,2840.45,False,False,58214.8076
2021-12-24,20.6112,2846.0,2848.0,2841.0,2841.5,2797.0,2802.0,2625.0,2630.0,2460.0,2465.0,2837.0,2839.5,2844.0,2842.25,2835.75,2832.75,2828.0,False,False,58700.6976
2021-12-25,20.6112,2846.0,2848.0,2841.0,2841.5,2797.0,2802.0,2625.0,2630.0,2460.0,2465.0,2837.0,2839.5,2844.0,2842.25,2835.75,2832.75,2828.0,True,True,58700.6976
2021-12-26,20.6112,2846.0,2848.0,2841.0,2841.5,2797.0,2802.0,2625.0,2630.0,2460.0,2465.0,2837.0,2839.5,2844.0,2842.25,2835.75,2832.75,2828.0,True,True,58700.6976
2021-12-27,20.6828,2846.0,2848.0,2841.0,2841.5,2797.0,2802.0,2625.0,2630.0,2460.0,2465.0,2837.0,2839.5,2844.0,2842.25,2835.75,2832.75,2828.0,True,False,58904.6144
2021-12-28,20.577,2846.0,2848.0,2841.0,2841.5,2797.0,2802.0,2625.0,2630.0,2460.0,2465.0,2837.0,2839.5,2844.0,2842.25,2835.75,2832.75,2828.0,True,False,58603.296
2021-12-29,20.5835,2834.5,2835.0,2818.0,2818.5,2773.0,2778.0,2605.0,2610.0,2440.0,2445.0,2810.5,2801.25,2808.25,2812.25,2810.25,2809.25,2806.5,False,False,58354.2225
2021-12-30,20.5157,2829.0,2829.5,2824.5,2825.5,2793.0,2798.0,2613.0,2618.0,2448.0,2453.0,2818.0,2816.25,2818.75,2820.25,2818.0,2815.25,2812.25,False,False,58049.1732
2021-12-31,20.4672,2805.5,2806.0,2805.0,2810.0,2768.0,2773.0,2558.0,2563.0,2338.0,2343.0,2807.5,2803.0,2805.0,2808.0,2806.5,2805.5,2802.5,False,False,57430.9632
2022-01-01,20.4672,2805.5,2806.0,2805.0,2810.0,2768.0,2773.0,2558.0,2563.0,2338.0,2343.0,2807.5,2803.0,2805.0,2808.0,2806.5,2805.5,2802.5,True,True,57430.9632
2022-01-02,20.4672,2805.5,2806.0,2805.0,2810.0,2768.0,2773.0,2558.0,2563.0,2338.0,2343.0,2807.5,2803.0,2805.0,2808.0,2806.5,2805.5,2802.5,True,True,57430.9632
2022-01-03,20.589,2805.5,2806.0,2805.0,2810.0,2768.0,2773.0,2558.0,2563.0,2338.0,2343.0,2807.5,2803.0,2805.0,2808.0,2806.5,2805.5,2802.5,True,False,57772.734
2022-01-04,20.4742,2815.0,2815.5,2822.0,2823.0,2590.0,2595.0,2370.0,2375.0,2275.0,2280.0,2839.0,2833.75,2837.5,2840.0,2839.0,2838.5,2836.5,False,False,57645.1101
2022-01-05,20.3977,2865.5,2866.0,2883.0,2885.0,2655.0,2660.0,2435.0,2440.0,2340.0,2345.0,2922.0,2915.75,2920.25,2922.56,2921.75,2921.25,2920.0,False,False,58459.8082
2022-01-06,20.4588,2912.0,2912.5,2922.5,2923.5,2695.0,2700.0,2495.0,2500.0,2400.0,2405.0,2921.5,2913.78,2919.28,2921.51,2921.18,2920.18,2919.18,False,False,59586.255
2022-01-07,20.4237,2919.0,2919.5,2930.0,2932.0,2682.0,2687.0,2472.0,2477.0,2377.0,2382.0,2914.5,2907.5,2913.5,2915.5,2913.0,2912.0,2911.5,False,False,59626.9922
2022-01-08,20.4237,2919.0,2919.5,2930.0,2932.0,2682.0,2687.0,2472.0,2477.0,2377.0,2382.0,2914.5,2907.5,2913.5,2915.5,2913.0,2912.0,2911.5,True,True,59626.9922
2022-01-09,20.4237,2919.0,2919.5,2930.0,2932.0,2682.0,2687.0,2472.0,2477.0,2377.0,2382.0,2914.5,2907.5,2913.5,2915.5,2913.0,2912.0,2911.5,True,True,59626.9922
2022-01-10,20.4453,2922.0,2923.0,2934.0,2934.5,2693.0,2698.0,2488.0,2493.0,2393.0,2398.0,2931.5,2922.74,2929.24,2932.0,2930.75,2929.5,2928.25,False,False,59761.6119
2022-01-11,20.3785,2948.0,2950.0,2960.0,2962.0,2727.0,2732.0,2535.0,2540.0,2440.0,2445.0,2970.0,2961.25,2968.5,2969.75,2968.0,2966.5,2964.75,False,False,60116.575
2022-01-12,20.366,3002.0,3003.0,3012.0,3014.0,2775.0,2780.0,2597.0,2602.0,2497.0,2502.0,2982.5,2972.51,2981.76,2982.75,2980.5,2978.75,2976.25,False,False,61159.098
2022-01-13,20.3607,2959.5,2960.0,2968.0,2970.0,2748.0,2753.0,2568.0,2573.0,2463.0,2468.0,2952.0,2940.26,2949.51,2952.5,2950.5,2947.5,2945.0,False,False,60267.672
2022-01-14,20.3118,2977.0,2977.5,2978.0,2980.0,2745.0,2750.0,2592.0,2597.0,2487.0,2492.0,2976.5,2976.25,2984.0,2980.5,2974.75,2971.0,2965.5,False,False,60478.3845
2022-01-15,20.3118,2977.0,2977.5,2978.0,2980.0,2745.0,2750.0,2592.0,2597.0,2487.0,2492.0,2976.5,2976.25,2984.0,2980.5,2974.75,2971.0,2965.5,True,True,60478.3845
2022-01-16,20.3118,2977.0,2977.5,2978.0,2980.0,2745.0,2750.0,2592.0,2597.0,2487.0,2492.0,2976.5,2976.25,2984.0,2980.5,2974.75,2971.0,2965.5,True,True,60478.3845
2022-01-17,20.3002,3008.0,3009.0,2994.0,2996.0,2725.0,2730.0,2535.0,2540.0,2430.0,2435.0,2997.0,3009.25,3002.0,2995.75,2990.5,2984.94,2977.94,False,False,61083.3018
2022-01-18,20.403,3005.0,3006.0,3005.5,3006.0,2733.0,2738.0,2543.0,2548.0,2438.0,2443.0,3024.5,3034.5,3029.0,3023.5,3016.5,3010.0,3002.0,False,False,61331.418
2022-01-19,20.46,3035.0,3036.0,3026.5,3027.0,2733.0,2738.0,2542.0,2547.0,2437.0,2442.0,3050.5,3065.0,3055.5,3049.25,3042.75,3034.5,3024.75,False,False,62116.56
2022-01-20,20.4507,3109.0,3109.5,3080.0,3082.0,2728.0,2733.0,2508.0,2513.0,2403.0,2408.0,3111.0,3132.0,3118.0,3111.0,3103.0,3096.0,3082.0,False,False,63591.4516
2022-01-21,20.4598,3079.0,3079.5,3060.0,3061.0,2728.0,2733.0,2508.0,2513.0,2398.0,2403.0,3040.5,3052.77,3044.27,3041.76,3035.0,3028.0,3020.0,False,False,63005.9541
2022-01-22,20.4598,3079.0,3079.5,3060.0,3061.0,2728.0,2733.0,2508.0,2513.0,2398.0,2403.0,3040.5,3052.77,3044.27,3041.76,3035.0,3028.0,3020.0,True,True,63005.9541
2022-01-23,20.4598,3079.0,3079.5,3060.0,3061.0,2728.0,2733.0,2508.0,2513.0,2398.0,2403.0,3040.5,3052.77,3044.27,3041.76,3035.0,3028.0,3020.0,True,True,63005.9541
2022-01-24,20.6308,3044.0,3044.5,3029.0,3031.0,2767.0,2772.0,2577.0,2582.0,2467.0,2472.0,3028.5,3045.0,3035.0,3030.5,3025.0,3018.75,3009.75,False,False,62810.4706
2022-01-25,20.6683,3063.0,3064.0,3060.0,3061.0,2780.0,2785.0,2590.0,2595.0,2480.0,2485.0,3092.0,3106.5,3098.5,3093.5,3088.5,3083.0,3075.0,False,False,63327.6712
2022-01-26,20.6415,3092.5,3093.0,3079.5,3080.0,2800.0,2805.0,2610.0,2615.0,2500.0,2505.0,3094.0,3108.0,3100.0,3096.0,3092.5,3085.5,3075.0,False,False,63844.1595
2022-01-27,20.7383,3106.0,3107.0,3095.0,3096.0,2823.0,2828.0,2630.0,2635.0,2520.0,2525.0,3098.5,3115.25,3106.5,3100.5,3096.5,3090.0,3080.5,False,False,64433.8981
2022-01-28,20.8597,3108.0,3110.0,3085.0,3085.5,2815.0,2820.0,2625.0,2630.0,2515.0,2520.0,3082.5,3103.5,3090.5,3084.25,3080.24,3073.74,3064.29,False,False,64873.667
2022-01-29,20.8597,3108.0,3110.0,3085.0,3085.5,2815.0,2820.0,2625.0,2630.0,2515.0,2520.0,3082.5,3103.5,3090.5,3084.25,3080.24,3073.74,3064.29,True,True,64873.667
2022-01-30,20.8597,3108.0,3110.0,3085.0,3085.5,2815.0,2820.0,2625.0,2630.0,2515.0,2520.0,3082.5,3103.5,3090.5,3084.25,3080.24,3073.74,3064.29,True,True,64873.667
2022-01-31,20.6352,3074.0,3076.0,3050.0,3052.0,2783.0,2788.0,2603.0,2608.0,2503.0,2508.0,3021.0,3047.0,3029.0,3022.75,3016.75,3010.0,3002.0,False,False,63473.8752
2022-02-01,20.58,3071.5,3072.0,3048.0,3049.0,2795.0,2800.0,2615.0,2620.0,2515.0,2520.0,3032.5,3051.76,3038.26,3034.5,3029.51,3024.75,3017.74,False,False,63221.76
2022-02-02,20.6003,3042.5,3043.0,3026.0,3028.0,2823.0,2828.0,2653.0,2658.0,2563.0,2568.0,2986.0,3007.1,2991.1,2987.1,2982.5,2977.5,2970.75,False,False,62686.7129
2022-02-03,20.5562,3058.0,3058.5,3033.0,3035.0,2797.0,2802.0,2627.0,2632.0,2537.0,2542.0,3050.0,3073.25,3055.75,3051.5,3046.5,3039.75,3032.25,False,False,62871.1377
2022-02-04,20.7325,3086.5,3087.0,3063.0,3065.0,2820.0,2825.0,2645.0,2650.0,2553.0,2558.0,3074.0,3097.5,3079.75,3075.75,3069.75,3063.75,3056.0,False,False,64001.2275
2022-02-05,20.7325,3086.5,3087.0,3063.0,3065.0,2820.0,2825.0,2645.0,2650.0,2553.0,2558.0,3074.0,3097.5,3079.75,3075.75,3069.75,3063.75,3056.0,True,True,64001.2275
2022-02-06,20.7325,3086.5,3087.0,3063.0,3065.0,2820.0,2825.0,2645.0,2650.0,2553.0,2558.0,3074.0,3097.5,3079.75,3075.75,3069.75,3063.75,3056.0,True,True,64001.2275
2022-02-07,20.7325,3147.5,3148.0,3110.5,3111.0,2848.0,2853.0,2663.0,2668.0,2553.0,2558.0,3132.0,3164.5,3141.0,3135.5,3127.75,3119.0,3110.0,False,True,65265.91
2022-02-08,20.6413,3244.0,3245.0,3194.5,3195.5,2843.0,2848.0,2618.0,2623.0,2488.0,2493.0,3183.0,3210.5,3192.5,3185.75,3176.5,3167.0,3154.5,False,False,66981.0185
2022-02-09,20.5008,3246.0,3248.0,3224.5,3225.5,2880.0,2885.0,2640.0,2645.0,2465.0,2470.0,3266.0,3284.75,3272.5,3269.0,3260.0,3250.5,3238.0,False,False,66586.5984
2022-02-10,20.4148,3312.0,3313.0,3286.0,3287.0,2863.0,2868.0,2600.0,2605.0,2385.0,2390.0,3250.5,3266.0,3256.0,3253.5,3245.0,3235.5,3222.5,False,False,67634.2324
2022-02-11,20.4188,3199.5,3200.0,3179.0,3180.0,2817.0,2822.0,2557.0,2562.0,2377.0,2382.0,3136.5,3146.5,3139.5,3139.0,3135.5,3127.0,3117.5,False,False,65340.16
2022-02-12,20.4188,3199.5,3200.0,3179.0,3180.0,2817.0,2822.0,2557.0,2562.0,2377.0,2382.0,3136.5,3146.5,3139.5,3139.0,3135.5,3127.0,3117.5,True,True,65340.16
2022-02-13,20.4188,3199.5,3200.0,3179.0,3180.0,2817.0,2822.0,2557.0,2562.0,2377.0,2382.0,3136.5,3146.5,3139.5,3139.0,3135.5,3127.0,3117.5,True,True,65340.16
2022-02-14,20.411,3305.0,3306.0,3231.0,3232.0,2897.0,2902.0,2647.0,2652.0,2467.0,2472.0,3214.5,3224.75,3220.5,3213.25,3204.65,3193.65,3182.65,False,False,67478.766
2022-02-15,20.3992,3221.0,3223.0,3194.0,3195.0,2865.0,2870.0,2625.0,2630.0,2445.0,2450.0,3208.0,3217.5,3215.5,3207.0,3200.0,3190.0,3180.0,False,False,65746.6216
2022-02-16,20.3335,3280.0,3282.0,3240.0,3242.0,2910.0,2915.0,2658.0,2663.0,2483.0,2488.0,3256.0,3265.0,3262.75,3255.0,3247.5,3237.0,3227.0,False,False,66734.547
2022-02-17,20.2978,3292.0,3294.0,3240.0,3241.0,2892.0,2897.0,2640.0,2645.0,2465.0,2470.0,3268.0,3281.6,3278.35,3267.7,3259.5,3248.35,3239.35,False,False,66860.9532
2022-02-18,20.3063,3313.0,3314.0,3263.0,3265.0,2917.0,2922.0,2672.0,2677.0,2502.0,2507.0,3262.5,3275.0,3272.0,3262.5,3255.25,3245.5,3233.25,False,False,67295.0782
2022-02-19,20.3063,3313.0,3314.0,3263.0,3265.0,2917.0,2922.0,2672.0,2677.0,2502.0,2507.0,3262.5,3275.0,3272.0,3262.5,3255.25,3245.5,3233.25,True,True,67295.0782
2022-02-20,20.3063,3313.0,3314.0,3263.0,3265.0,2917.0,2922.0,2672.0,2677.0,2502.0,2507.0,3262.5,3275.0,3272.0,3262.5,3255.25,3245.5,3233.25,True,True,67295.0782
2022-02-21,20.2825,3313.0,3315.0,3269.0,3270.0,2938.0,2943.0,2680.0,2685.0,2510.0,2515.0,3279.5,3295.75,3293.75,3281.5,3273.75,3263.75,3252.0,False,False,67236.4875
2022-02-22,20.2977,3419.0,3420.0,3366.0,3366.5,2983.0,2988.0,2713.0,2718.0,2553.0,2558.0,3303.0,3316.5,3317.75,3305.0,3296.25,3285.5,3272.5,False,False,69418.134
2022-02-23,20.2435,3323.0,3323.5,3288.0,3290.0,2975.0,2980.0,2750.0,2755.0,2575.0,2580.0,3292.5,3299.0,3302.5,3294.0,3285.5,3275.5,3265.5,False,False,67279.2723
2022-02-24,20.6525,3518.0,3519.0,3443.0,3445.0,3063.0,3068.0,2810.0,2815.0,2635.0,2640.0,3394.5,3412.0,3410.5,3399.0,3387.0,3375.0,3363.0,False,False,72676.1475
2022-02-25,20.4465,3354.5,3355.5,3312.0,3314.0,2972.0,2977.0,2712.0,2717.0,2522.0,2527.0,3357.5,3366.5,3369.5,3360.5,3351.5,3342.0,3340.0,False,False,68608.2308
2022-02-26,20.4465,3354.5,3355.5,3312.0,3314.0,2972.0,2977.0,2712.0,2717.0,2522.0,2527.0,3357.5,3366.5,3369.5,3360.5,3351.5,3342.0,3340.0,True,True,68608.2308
2022-02-27,20.4465,3354.5,3355.5,3312.0,3314.0,2972.0,2977.0,2712.0,2717.0,2522.0,2527.0,3357.5,3366.5,3369.5,3360.5,3351.5,3342.0,3340.0,True,True,68608.2308
2022-02-28,20.4257,3448.0,3450.0,3445.0,3447.0,3133.0,3138.0,2918.0,2923.0,2750.0,2755.0,3368.5,3374.0,3379.0,3371.5,3365.5,3357.5,3350.5,False,False,70468.665
2022-03-01,20.5272,3495.0,3495.5,3462.0,3464.0,3175.0,3180.0,2935.0,2940.0,2768.0,2773.0,3478.0,3487.0,3490.25,3481.5,3474.9,3466.4,3458.4,False,False,71752.8276
2022-03-02,20.7193,3604.5,3605.0,3568.0,3570.0,3265.0,3270.0,3010.0,3015.0,2820.0,2825.0,3569.0,3582.0,3584.0,3574.5,3567.5,3557.5,3548.25,False,False,74693.0765
2022-03-03,20.7033,3728.0,3728.5,3703.5,3704.0,3323.0,3328.0,3058.0,3063.0,2873.0,2878.0,3716.5,3733.5,3733.5,3723.0,3714.75,3703.5,3685.5,False,False,77192.254
2022-03-04,20.9262,3850.0,3851.0,3819.0,3820.0,3368.0,3373.0,3087.0,3092.0,2865.0,2870.0,3849.0,3875.5,3872.5,3855.5,3846.0,3832.0,3811.0,False,False,80586.7962
2022-03-05,20.9262,3850.0,3851.0,3819.0,3820.0,3368.0,3373.0,3087.0,3092.0,2865.0,2870.0,3849.0,3875.5,3872.5,3855.5,3846.0,3832.0,3811.0,True,True,80586.7962
2022-03-06,20.9262,3850.0,3851.0,3819.0,3820.0,3368.0,3373.0,3087.0,3092.0,2865.0,2870.0,3849.0,3875.5,3872.5,3855.5,3846.0,3832.0,3811.0,True,True,80586.7962
2022-03-07,21.1947,3983.5,3984.5,3966.0,3968.0,3400.0,3405.0,3082.0,3087.0,2852.0,2857.0,3740.0,3733.0,3746.5,3743.5,3738.5,3735.0,3723.25,False,False,84450.2822
2022-03-08,21.3775,3500.0,3500.5,3514.0,3516.0,3245.0,3250.0,3005.0,3010.0,2805.0,2810.0,3498.0,3474.25,3492.25,3499.0,3497.0,3490.0,3482.5,False,False,74831.9388
2022-03-09,20.9677,3530.0,3532.0,3533.0,3535.0,3315.0,3320.0,3065.0,3070.0,2865.0,2870.0,3341.0,3321.0,3336.5,3342.0,3340.5,3334.0,3329.0,False,False,74057.9164
2022-03-10,20.9743,3534.0,3535.0,3530.0,3531.0,3298.0,3303.0,3083.0,3088.0,2883.0,2888.0,3427.5,3408.5,3426.0,3430.0,3428.0,3420.0,3413.5,False,False,74144.1505
2022-03-11,20.9695,3470.0,3472.0,3499.5,3500.0,3265.0,3270.0,3052.0,3057.0,2852.0,2857.0,3483.0,3459.5,3482.0,3485.5,3482.75,3477.25,3469.25,False,False,72806.104
2022-03-12,20.9695,3470.0,3472.0,3499.5,3500.0,3265.0,3270.0,3052.0,3057.0,2852.0,2857.0,3483.0,3459.5,3482.0,3485.5,3482.75,3477.25,3469.25,True,True,72806.104
2022-03-13,20.9695,3470.0,3472.0,3499.5,3500.0,3265.0,3270.0,3052.0,3057.0,2852.0,2857.0,3483.0,3459.5,3482.0,3485.5,3482.75,3477.25,3469.25,True,True,72806.104
2022-03-14,20.8908,3398.0,3399.0,3410.0,3411.0,3205.0,3210.0,3015.0,3020.0,2820.0,2825.0,3319.5,3305.75,3314.5,3318.75,3316.0,3310.25,3305.25,False,False,71007.8292
2022-03-15,20.8743,3216.5,3217.5,3252.0,3254.0,3093.0,3098.0,2963.0,2968.0,2793.0,2798.0,3277.5,3266.0,3274.5,3277.5,3274.0,3270.5,3266.5,False,False,67163.0603
2022-03-16,20.7035,3305.0,3306.0,3325.0,3327.0,3122.0,3127.0,2972.0,2977.0,2807.0,2812.0,3258.5,3248.75,3257.5,3259.25,3253.25,3240.5,3232.5,False,False,68445.771
2022-03-17,20.5585,3287.5,3288.0,3315.0,3317.0,3110.0,3115.0,2970.0,2975.0,2805.0,2810.0,3384.5,3379.97,3386.97,3385.5,3378.25,3369.25,3360.25,False,False,67596.348
2022-03-18,20.4145,3379.5,3380.5,3399.0,3400.0,3192.0,3197.0,3022.0,3027.0,2857.0,2862.0,3381.0,3375.5,3383.25,3381.5,3375.25,3367.75,3358.75,False,False,69011.2172
2022-03-19,20.4145,3379.5,3380.5,3399.0,3400.0,3192.0,3197.0,3022.0,3027.0,2857.0,2862.0,3381.0,3375.5,3383.25,3381.5,3375.25,3367.75,3358.75,True,True,69011.2172
2022-03-20,20.4145,3379.5,3380.5,3399.0,3400.0,3192.0,3197.0,3022.0,3027.0,2857.0,2862.0,3381.0,3375.5,3383.25,3381.5,3375.25,3367.75,3358.75,True,True,69011.2172
2022-03-21,20.4145,3517.0,3518.0,3524.0,3525.0,3325.0,3330.0,3155.0,3160.0,2990.0,2995.0,3521.0,3522.5,3524.5,3522.5,3515.0,3506.0,3495.0,False,True,71818.211
2022-03-22,20.2782,3550.0,3550.5,3550.0,3550.5,3325.0,3330.0,3155.0,3160.0,2960.0,2965.0,3504.5,3504.5,3506.0,3506.5,3500.0,3491.0,3479.0,False,False,71997.7491
2022-03-23,20.18,3558.0,3560.0,3558.0,3560.0,3307.0,3312.0,3137.0,3142.0,2945.0,2950.0,3653.0,3657.25,3658.25,3655.75,3649.5,3639.75,3628.25,False,False,71840.8
2022-03-24,20.1313,3663.0,3664.0,3675.0,3675.5,3398.0,3403.0,3210.0,3215.0,3018.0,3023.0,3623.5,3622.25,3625.25,3624.5,3621.5,3612.25,3606.5,False,False,73761.0832
2022-03-25,19.9577,3582.0,3583.0,3590.0,3590.5,3380.0,3385.0,3210.0,3215.0,3030.0,3035.0,3605.0,3604.25,3607.0,3606.0,3602.0,3595.0,3586.0,False,False,71508.4391
2022-03-26,19.9577,3582.0,3583.0,3590.0,3590.5,3380.0,3385.0,3210.0,3215.0,3030.0,3035.0,3605.0,3604.25,3607.0,3606.0,3602.0,3595.0,3586.0,True,True,71508.4391
2022-03-27,19.9577,3582.0,3583.0,3590.0,3590.5,3380.0,3385.0,3210.0,3215.0,3030.0,3035.0,3605.0,3604.25,3607.0,3606.0,3602.0,3595.0,3586.0,True,True,71508.4391
2022-03-28,20.1195,3604.0,3606.0,3615.0,3616.0,3425.0,3430.0,3275.0,3280.0,3125.0,3130.0,3614.0,3605.75,3610.25,3614.25,3612.25,3607.25,3601.75,False,False,72550.917
2022-03-29,19.9942,3581.0,3583.0,3606.0,3608.0,3440.0,3445.0,3300.0,3305.0,3160.0,3165.0,3436.0,3428.75,3433.5,3437.5,3437.0,3434.0,3430.0,False,False,71639.2186
2022-03-30,19.8632,3506.0,3508.0,3526.0,3527.0,3373.0,3378.0,3243.0,3248.0,3113.0,3118.0,3551.0,3545.0,3548.5,3552.5,3552.5,3549.0,3544.5,False,False,69680.1056
2022-03-31,19.9112,3502.0,3503.0,3517.5,3518.0,3367.0,3372.0,3223.0,3228.0,3093.0,3098.0,3491.0,3483.61,3487.11,3491.5,3493.0,3489.5,3485.0,False,False,69748.9336
2022-04-01,19.8432,3482.5,3483.0,3497.0,3499.0,3350.0,3355.0,3200.0,3205.0,3070.0,3075.0,3450.0,3439.75,3444.5,3450.0,3451.5,3449.5,3445.5,False,False,69113.8656
2022-04-02,19.8432,3482.5,3483.0,3497.0,3499.0,3350.0,3355.0,3200.0,3205.0,3070.0,3075.0,3450.0,3439.75,3444.5,3450.0,3451.5,3449.5,3445.5,True,True,69113.8656
2022-04-03,19.8432,3482.5,3483.0,3497.0,3499.0,3350.0,3355.0,3200.0,3205.0,3070.0,3075.0,3450.0,3439.75,3444.5,3450.0,3451.5,3449.5,3445.5,True,True,69113.8656
2022-04-04,19.7443,3443.5,3444.0,3459.0,3461.0,3325.0,3330.0,3215.0,3220.0,3090.0,3095.0,3447.0,3433.6,3439.75,3446.0,3451.5,3451.5,3451.0,False,False,67999.3692
2022-04-05,19.9012,3414.0,3415.0,3440.0,3441.0,3340.0,3345.0,3230.0,3235.0,3110.0,3115.0,3465.0,3448.5,3455.75,3463.0,3469.5,3471.98,3472.0,False,False,67962.598
2022-04-06,20.0665,3443.0,3443.5,3466.0,3467.0,3355.0,3360.0,3245.0,3250.0,3128.0,3133.0,3441.0,3422.51,3431.0,3437.75,3442.0,3441.75,3442.25,False,False,69098.9928
2022-04-07,20.1605,3344.0,3346.0,3372.0,3374.0,3265.0,3270.0,3140.0,3145.0,3023.0,3028.0,3385.0,3366.75,3373.0,3381.25,3385.0,3387.0,3387.0,False,False,67457.033
2022-04-08,20.12,3393.0,3395.0,3421.0,3423.0,3295.0,3300.0,3175.0,3180.0,3058.0,3063.0,3374.5,3356.25,3363.0,3371.0,3373.5,3375.0,3375.0,False,False,68307.4
2022-04-09,20.12,3393.0,3395.0,3421.0,3423.0,3295.0,3300.0,3175.0,3180.0,3058.0,3063.0,3374.5,3356.25,3363.0,3371.0,3373.5,3375.0,3375.0,True,True,68307.4
2022-04-10,20.12,3393.0,3395.0,3421.0,3423.0,3295.0,3300.0,3175.0,3180.0,3058.0,3063.0,3374.5,3356.25,3363.0,3371.0,3373.5,3375.0,3375.0,True,True,68307.4
2022-04-11,20.0093,3233.5,3234.5,3249.0,3251.0,3110.0,3115.0,3005.0,3010.0,2855.0,2860.0,3248.0,3223.25,3233.25,3244.5,3248.25,3250.75,3253.25,False,False,64720.0808
2022-04-12,19.8407,3214.0,3214.5,3244.0,3245.0,3125.0,3130.0,3058.0,3063.0,2938.0,2943.0,3267.0,3239.63,3250.63,3261.13,3266.88,3270.13,3272.13,False,False,63777.9301
2022-04-13,19.7967,3205.0,3207.0,3237.5,3238.5,3120.0,3125.0,3038.0,3043.0,2903.0,2908.0,3236.0,3211.5,3220.0,3230.5,3236.0,3238.5,3240.25,False,False,63488.0169
2022-04-14,19.7967,3237.0,3237.5,3265.0,3266.0,3130.0,3135.0,3035.0,3040.0,2910.0,2915.0,3285.5,3271.5,3275.5,3280.5,3286.0,3288.0,3288.0,False,True,64091.8162
2022-04-15,19.7967,3237.0,3237.5,3265.0,3266.0,3130.0,3135.0,3035.0,3040.0,2910.0,2915.0,3285.5,3271.5,3275.5,3280.5,3286.0,3288.0,3288.0,True,True,64091.8162
2022-04-16,19.7967,3237.0,3237.5,3265.0,3266.0,3130.0,3135.0,3035.0,3040.0,2910.0,2915.0,3285.5,3271.5,3275.5,3280.5,3286.0,3288.0,3288.0,True,True,64091.8162
2022-04-17,19.7967,3237.0,3237.5,3265.0,3266.0,3130.0,3135.0,3035.0,3040.0,2910.0,2915.0,3285.5,3271.5,3275.5,3280.5,3286.0,3288.0,3288.0,True,True,64091.8162
2022-04-18,19.9377,3237.0,3237.5,3265.0,3266.0,3130.0,3135.0,3035.0,3040.0,2910.0,2915.0,3285.5,3271.5,3275.5,3280.5,3286.0,3288.0,3288.0,True,False,64548.3038
2022-04-19,20.0447,3310.0,3312.0,3325.0,3326.0,3173.0,3178.0,3043.0,3048.0,2918.0,2923.0,3261.0,3247.0,3255.5,3261.0,3262.25,3260.5,3255.0,False,False,66388.0464
2022-04-20,20.0383,3239.0,3240.0,3248.0,3250.0,3095.0,3100.0,2965.0,2970.0,2825.0,2830.0,3269.0,3250.75,3261.75,3269.0,3271.25,3271.25,3268.75,False,False,64924.092
2022-04-21,20.1802,3261.0,3262.0,3275.5,3276.0,3125.0,3130.0,2993.0,2998.0,2853.0,2858.0,3298.0,3284.5,3293.5,3299.5,3300.75,3299.75,3297.0,False,False,65827.8124
2022-04-22,20.3183,3243.5,3244.0,3259.0,3261.0,3085.0,3090.0,2948.0,2953.0,2808.0,2813.0,3245.5,3230.0,3240.0,3247.0,3248.75,3247.75,3242.75,False,False,65912.5652
2022-04-23,20.3183,3243.5,3244.0,3259.0,3261.0,3085.0,3090.0,2948.0,2953.0,2808.0,2813.0,3245.5,3230.0,3240.0,3247.0,3248.75,3247.75,3242.75,True,True,65912.5652
2022-04-24,20.3183,3243.5,3244.0,3259.0,3261.0,3085.0,3090.0,2948.0,2953.0,2808.0,2813.0,3245.5,3230.0,3240.0,3247.0,3248.75,3247.75,3242.75,True,True,65912.5652
2022-04-25,20.2992,3089.0,3090.0,3103.0,3105.0,2965.0,2970.0,2870.0,2875.0,2770.0,2775.0,3090.5,3071.5,3082.25,3090.0,3093.75,3093.75,3090.0,False,False,62724.528
2022-04-26,20.356,3102.0,3102.5,3117.0,3118.0,2990.0,2995.0,2903.0,2908.0,2803.0,2808.0,3064.5,3046.6,3056.1,3063.1,3065.5,3066.5,3064.5,False,False,63154.49
2022-04-27,20.4707,3099.0,3100.0,3115.0,3117.0,2998.0,3003.0,2913.0,2918.0,2813.0,2818.0,3093.5,3078.0,3087.0,3092.5,3093.5,3093.75,3090.75,False,False,63459.17
2022-04-28,20.567,3065.0,3065.5,3083.0,3083.5,2955.0,2960.0,2840.0,2845.0,2740.0,2745.0,3031.5,3014.5,3023.25,3029.0,3032.0,3033.5,3031.5,False,False,63048.1385
2022-04-29,20.3728,3038.0,3039.0,3043.0,3044.0,2932.0,2937.0,2852.0,2857.0,2752.0,2757.0,3052.5,3035.5,3043.25,3050.25,3053.0,3056.0,3055.0,False,False,61912.9392
2022-04-30,20.3728,3038.0,3039.0,3043.0,3044.0,2932.0,2937.0,2852.0,2857.0,2752.0,2757.0,3052.5,3035.5,3043.25,3050.25,3053.0,3056.0,3055.0,True,True,61912.9392
2022-05-01,20.3728,3038.0,3039.0,3043.0,3044.0,2932.0,2937.0,2852.0,2857.0,2752.0,2757.0,3052.5,3035.5,3043.25,3050.25,3053.0,3056.0,3055.0,True,True,61912.9392
2022-05-02,20.4075,3038.0,3039.0,3043.0,3044.0,2932.0,2937.0,2852.0,2857.0,2752.0,2757.0,3052.5,3035.5,3043.25,3050.25,3053.0,3056.0,3055.0,True,False,62018.3925
2022-05-03,20.335,2911.0,2911.5,2944.0,2945.0,2842.0,2847.0,2762.0,2767.0,2662.0,2667.0,2911.0,2884.25,2895.75,2905.75,2911.75,2915.25,2915.25,False,False,59205.3525
2022-05-04,20.2535,2928.5,2929.0,2961.5,2962.5,2875.0,2880.0,2798.0,2803.0,2703.0,2708.0,2911.0,2884.25,2895.75,2905.75,2911.75,2915.25,2915.25,False,False,59322.5015
2022-05-05,20.2218,2916.5,2917.0,2945.0,2947.0,2873.0,2878.0,2790.0,2795.0,2697.0,2702.0,2916.0,2887.75,2899.74,2910.24,2916.74,2920.74,2922.24,False,False,58986.9906
2022-05-06,20.1085,2832.0,2832.5,2868.0,2870.0,2813.0,2818.0,2743.0,2748.0,2653.0,2658.0,2842.0,2813.99,2825.5,2836.25,2843.25,2849.25,2852.25,False,False,56957.3262
2022-05-07,20.1085,2832.0,2832.5,2868.0,2870.0,2813.0,2818.0,2743.0,2748.0,2653.0,2658.0,2842.0,2813.99,2825.5,2836.25,2843.25,2849.25,2852.25,True,True,56957.3262
2022-05-08,20.1085,2832.0,2832.5,2868.0,2870.0,2813.0,2818.0,2743.0,2748.0,2653.0,2658.0,2842.0,2813.99,2825.5,2836.25,2843.25,2849.25,2852.25,True,True,56957.3262
2022-05-09,20.3172,2707.0,2708.0,2748.0,2750.0,2715.0,2720.0,2655.0,2660.0,2605.0,2610.0,2755.0,2723.0,2735.0,2748.0,2754.75,2761.25,2767.75,False,False,55018.9776
2022-05-10,20.372,2676.0,2677.0,2713.0,2715.0,2695.0,2700.0,2650.0,2655.0,2600.0,2605.0,2753.5,2723.45,2734.2,2746.5,2753.25,2760.5,2765.48,False,False,54535.844
2022-05-11,20.2592,2736.0,2737.0,2770.0,2772.0,2745.0,2750.0,2680.0,2685.0,2615.0,2620.0,2778.0,2747.75,2758.75,2770.5,2777.0,2784.5,2788.0,False,False,55449.4304
2022-05-12,20.32,2686.0,2688.0,2722.0,2723.0,2698.0,2703.0,2628.0,2633.0,2568.0,2573.0,2742.0,2711.75,2722.75,2735.0,2741.0,2748.5,2753.25,False,False,54620.16
2022-05-13,20.1443,2721.0,2723.0,2748.0,2750.0,2723.0,2728.0,2687.0,2692.0,2647.0,2652.0,2788.0,2760.75,2772.25,2781.25,2787.0,2793.5,2797.0,False,False,54852.9289
2022-05-14,20.1443,2721.0,2723.0,2748.0,2750.0,2723.0,2728.0,2687.0,2692.0,2647.0,2652.0,2788.0,2760.75,2772.25,2781.25,2787.0,2793.5,2797.0,True,True,54852.9289
2022-05-15,20.1443,2721.0,2723.0,2748.0,2750.0,2723.0,2728.0,2687.0,2692.0,2647.0,2652.0,2788.0,2760.75,2772.25,2781.25,2787.0,2793.5,2797.0,True,True,54852.9289
2022-05-16,20.0782,2790.0,2791.0,2820.0,2822.0,2775.0,2780.0,2715.0,2720.0,2673.0,2678.0,2832.0,2815.75,2825.5,2831.5,2838.49,2842.49,2842.49,False,False,56038.2562
2022-05-17,19.9637,2835.0,2836.0,2856.0,2858.0,2808.0,2813.0,2748.0,2753.0,2678.0,2683.0,2890.5,2877.0,2885.25,2890.5,2896.75,2900.0,2898.0,False,False,56617.0532
2022-05-18,19.9663,2844.5,2845.0,2873.0,2875.0,2813.0,2818.0,2743.0,2748.0,2673.0,2678.0,2857.5,2847.01,2853.51,2858.01,2864.26,2867.51,2865.01,False,False,56804.1235
2022-05-19,19.9267,2825.5,2826.0,2839.5,2840.0,2785.0,2790.0,2720.0,2725.0,2650.0,2655.0,2906.5,2901.54,2905.5,2907.5,2912.54,2914.29,2911.0,False,False,56312.8542
2022-05-20,19.8657,2930.0,2931.0,2933.0,2935.0,2845.0,2850.0,2770.0,2775.0,2700.0,2705.0,2946.0,2940.51,2943.0,2947.5,2951.5,2951.75,2945.75,False,False,58226.3667
2022-05-21,19.8657,2930.0,2931.0,2933.0,2935.0,2845.0,2850.0,2770.0,2775.0,2700.0,2705.0,2946.0,2940.51,2943.0,2947.5,2951.5,2951.75,2945.75,True,True,58226.3667
2022-05-22,19.8657,2930.0,2931.0,2933.0,2935.0,2845.0,2850.0,2770.0,2775.0,2700.0,2705.0,2946.0,2940.51,2943.0,2947.5,2951.5,2951.75,2945.75,True,True,58226.3667
2022-05-23,19.8282,2962.0,2963.0,2973.0,2975.0,2855.0,2860.0,2757.0,2762.0,2637.0,2642.0,2956.0,2940.25,2947.75,2954.75,2961.5,2963.5,2961.5,False,False,58750.9566
2022-05-24,19.887,2880.5,2881.0,2907.0,2908.0,2823.0,2828.0,2743.0,2748.0,2643.0,2648.0,2901.5,2882.9,2892.9,2900.25,2908.25,2911.25,2910.75,False,False,57294.447
2022-05-25,19.8377,2829.0,2829.5,2857.5,2858.0,2822.0,2827.0,2767.0,2772.0,2702.0,2707.0,2874.0,2856.0,2865.5,2872.25,2880.0,2883.5,2883.0,False,False,56130.7722
2022-05-26,19.7933,2825.0,2825.5,2856.0,2857.0,2813.0,2818.0,2758.0,2763.0,2718.0,2723.0,2865.0,2846.5,2855.75,2862.75,2870.75,2875.0,2875.0,False,False,55925.9692
2022-05-27,19.5965,2822.5,2823.0,2845.0,2847.0,2805.0,2810.0,2750.0,2755.0,2710.0,2715.0,2871.5,2853.0,2861.26,2868.5,2877.0,2881.5,2881.75,False,False,55320.9195
2022-05-28,19.5965,2822.5,2823.0,2845.0,2847.0,2805.0,2810.0,2750.0,2755.0,2710.0,2715.0,2871.5,2853.0,2861.26,2868.5,2877.0,2881.5,2881.75,True,True,55320.9195
2022-05-29,19.5965,2822.5,2823.0,2845.0,2847.0,2805.0,2810.0,2750.0,2755.0,2710.0,2715.0,2871.5,2853.0,2861.26,2868.5,2877.0,2881.5,2881.75,True,True,55320.9195
2022-05-30,19.4953,2862.0,2863.0,2890.0,2891.0,2845.0,2850.0,2790.0,2795.0,2750.0,2755.0,2888.5,2867.68,2876.68,2884.66,2893.13,2898.88,2898.63,False,False,55815.0439
2022-05-31,19.694,2816.0,2816.5,2848.0,2850.0,2805.0,2810.0,2750.0,2755.0,2710.0,2715.0,2787.0,2763.75,2774.0,2782.25,2791.0,2797.5,2800.0,False,False,55468.151
2022-06-01,19.7388,2701.0,2701.5,2728.0,2730.0,2710.0,2715.0,2675.0,2680.0,2660.0,2665.0,2726.0,2703.0,2713.0,2721.0,2729.0,2735.75,2738.25,False,False,53324.3682
2022-06-02,19.5585,2701.0,2701.5,2728.0,2730.0,2710.0,2715.0,2675.0,2680.0,2660.0,2665.0,2726.0,2703.0,2713.0,2721.0,2729.0,2735.75,2738.25,True,False,52837.2877
2022-06-03,19.5742,2701.0,2701.5,2728.0,2730.0,2710.0,2715.0,2675.0,2680.0,2660.0,2665.0,2726.0,2703.0,2713.0,2721.0,2729.0,2735.75,2738.25,True,False,52879.7013
2022-06-04,19.5742,2701.0,2701.5,2728.0,2730.0,2710.0,2715.0,2675.0,2680.0,2660.0,2665.0,2726.0,2703.0,2713.0,2721.0,2729.0,2735.75,2738.25,True,True,52879.7013
2022-06-05,19.5742,2701.0,2701.5,2728.0,2730.0,2710.0,2715.0,2675.0,2680.0,2660.0,2665.0,2726.0,2703.0,2713.0,2721.0,2729.0,2735.75,2738.25,True,True,52879.7013
2022-06-06,19.5547,2741.0,2742.0,2772.0,2774.0,2732.0,2737.0,2702.0,2707.0,2687.0,2692.0,2782.5,2755.61,2767.5,2776.5,2785.5,2791.75,2793.75,False,False,53618.9874
2022-06-07,19.5998,2714.0,2715.0,2744.5,2745.0,2708.0,2713.0,2668.0,2673.0,2628.0,2633.0,2778.5,2749.0,2763.0,2772.25,2781.25,2788.0,2789.0,False,False,53213.457
2022-06-08,19.59,2765.0,2765.5,2797.0,2798.0,2755.0,2760.0,2720.0,2725.0,2680.0,2685.0,2819.0,2790.5,2803.75,2812.5,2820.75,2823.75,2820.0,False,False,54176.145
2022-06-09,19.6128,2752.0,2752.5,2785.0,2786.0,2727.0,2732.0,2690.0,2695.0,2650.0,2655.0,2761.0,2733.5,2745.5,2753.75,2761.5,2766.75,2763.25,False,False,53984.232
2022-06-10,19.9297,2694.5,2695.0,2709.5,2710.0,2658.0,2663.0,2623.0,2628.0,2588.0,2593.0,2680.0,2661.25,2667.25,2672.75,2679.75,2684.75,2683.25,False,False,53710.5415
2022-06-11,19.9297,2694.5,2695.0,2709.5,2710.0,2658.0,2663.0,2623.0,2628.0,2588.0,2593.0,2680.0,2661.25,2667.25,2672.75,2679.75,2684.75,2683.25,True,True,53710.5415
2022-06-12,19.9297,2694.5,2695.0,2709.5,2710.0,2658.0,2663.0,2623.0,2628.0,2588.0,2593.0,2680.0,2661.25,2667.25,2672.75,2679.75,2684.75,2683.25,True,True,53710.5415
2022-06-13,20.4527,2589.0,2589.5,2605.0,2606.0,2575.0,2580.0,2550.0,2555.0,2515.0,2520.0,2628.0,2611.5,2618.25,2627.75,2634.0,2633.5,2635.5,False,False,52962.2666
2022-06-14,20.6583,2587.0,2588.0,2610.0,2611.0,2588.0,2593.0,2573.0,2578.0,2558.0,2563.0,2570.0,2553.75,2559.75,2569.5,2575.75,2575.25,2578.0,False,False,53463.6804
2022-06-15,20.6675,2579.0,2580.0,2594.0,2594.5,2580.0,2585.0,2580.0,2585.0,2565.0,2570.0,2592.5,2578.5,2583.5,2591.5,2596.5,2594.0,2596.0,False,False,53322.15
2022-06-16,20.5728,2500.0,2500.5,2524.0,2525.0,2518.0,2523.0,2518.0,2523.0,2518.0,2523.0,2504.5,2489.01,2494.76,2503.25,2508.75,2507.5,2512.5,False,False,51442.2864
2022-06-17,20.476,2473.5,2474.0,2500.0,2502.0,2512.0,2517.0,2520.0,2525.0,2520.0,2525.0,2498.0,2483.25,2489.5,2496.75,2502.5,2501.25,2506.75,False,False,50657.624
2022-06-18,20.476,2473.5,2474.0,2500.0,2502.0,2512.0,2517.0,2520.0,2525.0,2520.0,2525.0,2498.0,2483.25,2489.5,2496.75,2502.5,2501.25,2506.75,True,True,50657.624
2022-06-19,20.476,2473.5,2474.0,2500.0,2502.0,2512.0,2517.0,2520.0,2525.0,2520.0,2525.0,2498.0,2483.25,2489.5,2496.75,2502.5,2501.25,2506.75,True,True,50657.624
2022-06-20,20.2442,2461.0,2462.0,2480.0,2481.0,2498.0,2503.0,2508.0,2513.0,2513.0,2518.0,2527.0,2514.75,2519.25,2526.0,2532.0,2529.0,2534.0,False,False,49841.2204
2022-06-21,20.1963,2518.5,2519.5,2530.0,2532.0,2547.0,2552.0,2555.0,2560.0,2560.0,2565.0,2533.5,2524.25,2527.75,2533.5,2538.5,2534.25,2538.5,False,False,50884.5778
2022-06-22,20.0465,2455.0,2455.5,2469.5,2470.0,2485.0,2490.0,2495.0,2500.0,2500.0,2505.0,2479.5,2468.65,2473.9,2479.65,2484.9,2481.4,2486.3,False,False,49224.1808
2022-06-23,20.0365,2478.0,2480.0,2493.0,2494.0,2500.0,2505.0,2510.0,2515.0,2518.0,2523.0,2477.5,2469.5,2474.75,2477.75,2482.5,2476.5,2481.5,False,False,49690.52
2022-06-24,19.8707,2435.5,2436.0,2450.0,2450.5,2462.0,2467.0,2472.0,2477.0,2480.0,2485.0,2456.0,2445.26,2451.76,2456.26,2461.01,2454.51,2458.5,False,False,48405.0252
2022-06-25,19.8707,2435.5,2436.0,2450.0,2450.5,2462.0,2467.0,2472.0,2477.0,2480.0,2485.0,2456.0,2445.26,2451.76,2456.26,2461.01,2454.51,2458.5,True,True,48405.0252
2022-06-26,19.8707,2435.5,2436.0,2450.0,2450.5,2462.0,2467.0,2472.0,2477.0,2480.0,2485.0,2456.0,2445.26,2451.76,2456.26,2461.01,2454.51,2458.5,True,True,48405.0252
2022-06-27,19.8797,2452.5,2453.0,2479.0,2480.0,2500.0,2505.0,2513.0,2518.0,2528.0,2533.0,2495.5,2479.75,2487.75,2494.25,2500.75,2494.25,2498.75,False,False,48764.9041
2022-06-28,19.9847,2499.0,2500.0,2519.5,2520.0,2545.0,2550.0,2563.0,2568.0,2583.0,2588.0,2491.0,2475.75,2483.5,2490.25,2496.25,2488.75,2493.75,False,False,49961.75
2022-06-29,20.1443,2451.0,2452.0,2470.0,2470.5,2500.0,2505.0,2520.0,2525.0,2545.0,2550.0,2471.0,2457.5,2464.5,2471.0,2475.0,2468.5,2473.0,False,False,49393.8236
2022-06-30,20.1335,2396.5,2397.0,2420.5,2421.0,2452.0,2457.0,2473.0,2478.0,2498.0,2503.0,2445.5,2432.5,2438.5,2445.25,2449.75,2443.75,2448.0,False,False,48259.9995
2022-07-01,20.3817,2383.0,2384.0,2399.0,2400.0,2438.0,2443.0,2470.0,2475.0,2495.0,2500.0,2444.0,2435.51,2441.01,2445.51,2450.51,2444.26,2448.51,False,False,48589.9728
2022-07-02,20.3817,2383.0,2384.0,2399.0,2400.0,2438.0,2443.0,2470.0,2475.0,2495.0,2500.0,2444.0,2435.51,2441.01,2445.51,2450.51,2444.26,2448.51,True,True,48589.9728
2022-07-03,20.3817,2383.0,2384.0,2399.0,2400.0,2438.0,2443.0,2470.0,2475.0,2495.0,2500.0,2444.0,2435.51,2441.01,2445.51,2450.51,2444.26,2448.51,True,True,48589.9728
2022-07-04,20.2877,2431.0,2431.5,2450.0,2452.0,2488.0,2493.0,2520.0,2525.0,2543.0,2548.0,2464.0,2458.25,2461.75,2464.5,2469.25,2462.0,2466.0,False,False,49329.5426
2022-07-05,20.5598,2372.0,2374.0,2387.0,2387.5,2423.0,2428.0,2455.0,2460.0,2478.0,2483.0,2392.0,2380.5,2387.75,2391.75,2396.5,2390.5,2395.5,False,False,48808.9652
2022-07-06,20.7228,2357.0,2358.0,2379.0,2380.0,2422.0,2427.0,2457.0,2462.0,2480.0,2485.0,2409.5,2399.5,2405.75,2408.75,2413.05,2406.3,2410.8,False,False,48864.3624
2022-07-07,20.6022,2416.5,2417.5,2433.0,2435.0,2463.0,2468.0,2498.0,2503.0,2523.0,2528.0,2442.5,2435.5,2439.0,2441.5,2444.5,2437.0,2441.0,False,False,49805.8185
2022-07-08,20.4423,2399.0,2399.5,2414.0,2414.5,2435.0,2440.0,2458.0,2463.0,2480.0,2485.0,2436.5,2426.5,2432.25,2436.0,2439.0,2429.5,2431.5,False,False,49051.2988
2022-07-09,20.4423,2399.0,2399.5,2414.0,2414.5,2435.0,2440.0,2458.0,2463.0,2480.0,2485.0,2436.5,2426.5,2432.25,2436.0,2439.0,2429.5,2431.5,True,True,49051.2988
2022-07-10,20.4423,2399.0,2399.5,2414.0,2414.5,2435.0,2440.0,2458.0,2463.0,2480.0,2485.0,2436.5,2426.5,2432.25,2436.0,2439.0,2429.5,2431.5,True,True,49051.2988
2022-07-11,20.7473,2416.0,2417.0,2421.0,2423.0,2433.0,2438.0,2453.0,2458.0,2473.0,2478.0,2379.5,2368.5,2373.75,2377.5,2380.75,2368.75,2371.25,False,False,50146.2241
2022-07-12,20.7882,2357.0,2358.0,2370.0,2370.5,2390.0,2395.0,2418.0,2423.0,2438.0,2443.0,2360.0,2350.25,2355.25,2357.5,2360.0,2345.5,2348.4,False,False,49018.5756
2022-07-13,20.7613,2342.5,2343.0,2355.0,2355.5,2375.0,2380.0,2410.0,2415.0,2435.0,2440.0,2355.5,2345.0,2351.0,2353.5,2355.5,2343.5,2346.0,False,False,48643.7259
2022-07-14,20.9415,2328.0,2329.0,2339.5,2340.0,2367.0,2372.0,2403.0,2408.0,2440.0,2445.0,2336.5,2324.0,2331.25,2333.75,2336.25,2325.75,2329.25,False,False,48772.7535
2022-07-15,20.611,2319.5,2320.5,2335.0,2336.0,2368.0,2373.0,2410.0,2415.0,2470.0,2475.0,2343.0,2326.5,2334.5,2339.0,2343.5,2334.5,2338.0,False,False,47827.8255
2022-07-16,20.611,2319.5,2320.5,2335.0,2336.0,2368.0,2373.0,2410.0,2415.0,2470.0,2475.0,2343.0,2326.5,2334.5,2339.0,2343.5,2334.5,2338.0,True,True,47827.8255
2022-07-17,20.611,2319.5,2320.5,2335.0,2336.0,2368.0,2373.0,2410.0,2415.0,2470.0,2475.0,2343.0,2326.5,2334.5,2339.0,2343.5,2334.5,2338.0,True,True,47827.8255
2022-07-18,20.3957,2377.0,2377.5,2390.0,2392.0,2425.0,2430.0,2470.0,2475.0,2517.0,2522.0,2426.5,2417.44,2422.94,2426.35,2414.35,2417.6,2420.35,False,False,48490.7768
2022-07-19,20.4407,2411.5,2412.0,2419.5,2420.5,2450.0,2455.0,2500.0,2505.0,2550.0,2555.0,2389.0,2381.25,2385.75,2389.0,2378.75,2380.75,2384.25,False,False,49302.9684
2022-07-20,20.4913,2456.0,2456.5,2446.0,2448.0,2470.0,2475.0,2522.0,2527.0,2570.0,2575.0,2430.0,2431.75,2434.25,2435.5,2423.75,2425.25,2428.25,False,False,50336.8784
2022-07-21,20.6562,2424.0,2426.0,2424.0,2425.0,2458.0,2463.0,2510.0,2515.0,2562.0,2567.0,2420.5,2421.25,2424.25,2427.25,2416.25,2418.75,2422.75,False,False,50111.9412
2022-07-22,20.515,2459.0,2460.0,2457.0,2457.5,2495.0,2500.0,2545.0,2550.0,2605.0,2610.0,2475.5,2481.75,2484.25,2486.5,2474.0,2476.5,2477.5,False,False,50466.9
2022-07-23,20.515,2459.0,2460.0,2457.0,2457.5,2495.0,2500.0,2545.0,2550.0,2605.0,2610.0,2475.5,2481.75,2484.25,2486.5,2474.0,2476.5,2477.5,True,True,50466.9
2022-07-24,20.515,2459.0,2460.0,2457.0,2457.5,2495.0,2500.0,2545.0,2550.0,2605.0,2610.0,2475.5,2481.75,2484.25,2486.5,2474.0,2476.5,2477.5,True,True,50466.9
2022-07-25,20.4652,2431.0,2431.5,2431.0,2432.0,2470.0,2475.0,2520.0,2525.0,2577.0,2582.0,2408.5,2412.5,2415.75,2419.25,2408.5,2411.5,2414.25,False,False,49761.1338
2022-07-26,20.433,2435.0,2437.0,2425.0,2427.0,2467.0,2472.0,2515.0,2520.0,2573.0,2578.0,2421.5,2428.25,2430.0,2433.5,2421.25,2424.0,2426.5,False,False,49795.221
2022-07-27,20.512,2390.0,2390.5,2385.5,2386.5,2427.0,2432.0,2475.0,2480.0,2532.0,2537.0,2422.5,2428.25,2430.25,2433.75,2424.5,2427.5,2429.5,False,False,49033.936
2022-07-28,20.3778,2457.0,2458.0,2445.5,2446.0,2485.0,2490.0,2535.0,2540.0,2592.0,2597.0,2456.0,2463.5,2465.0,2468.0,2458.0,2461.0,2463.5,False,False,50088.6324
2022-07-29,20.3485,2450.0,2452.0,2437.5,2438.0,2478.0,2483.0,2528.0,2533.0,2585.0,2590.0,2488.5,2501.24,2503.24,2505.74,2490.74,2492.24,2494.24,False,False,49894.522
2022-07-30,20.3485,2450.0,2452.0,2437.5,2438.0,2478.0,2483.0,2528.0,2533.0,2585.0,2590.0,2488.5,2501.24,2503.24,2505.74,2490.74,2492.24,2494.24,True,True,49894.522
2022-07-31,20.3485,2450.0,2452.0,2437.5,2438.0,2478.0,2483.0,2528.0,2533.0,2585.0,2590.0,2488.5,2501.24,2503.24,2505.74,2490.74,2492.24,2494.24,True,True,49894.522
2022-08-01,20.2633,2469.0,2469.5,2447.5,2448.0,2487.0,2492.0,2523.0,2528.0,2580.0,2585.0,2430.5,2443.21,2443.96,2446.01,2432.75,2434.75,2436.75,False,False,50040.2194
2022-08-02,20.5152,2448.0,2448.5,2436.0,2437.0,2475.0,2480.0,2515.0,2520.0,2572.0,2577.0,2414.5,2421.75,2424.5,2427.5,2416.75,2419.75,2422.25,False,False,50231.4672
2022-08-03,20.6305,2402.5,2403.0,2400.0,2401.0,2445.0,2450.0,2487.0,2492.0,2543.0,2548.0,2378.0,2383.6,2386.35,2390.1,2380.6,2383.6,2386.6,False,False,49575.0915
2022-08-04,20.3358,2373.5,2374.0,2372.5,2373.0,2417.0,2422.0,2462.0,2467.0,2522.0,2527.0,2403.0,2410.76,2413.76,2417.75,2405.25,2408.0,2410.75,False,False,48277.1892
2022-08-05,20.401,2447.0,2447.5,2440.0,2441.0,2485.0,2490.0,2533.0,2538.0,2593.0,2598.0,2416.0,2426.75,2430.25,2433.5,2418.5,2420.05,2422.05,False,False,49931.4475
2022-08-06,20.401,2447.0,2447.5,2440.0,2441.0,2485.0,2490.0,2533.0,2538.0,2593.0,2598.0,2416.0,2426.75,2430.25,2433.5,2418.5,2420.05,2422.05,True,True,49931.4475
2022-08-07,20.401,2447.0,2447.5,2440.0,2441.0,2485.0,2490.0,2533.0,2538.0,2593.0,2598.0,2416.0,2426.75,2430.25,2433.5,2418.5,2420.05,2422.05,True,True,49931.4475
2022-08-08,20.2789,2435.0,2435.5,2432.0,2434.0,2475.0,2480.0,2525.0,2530.0,2583.0,2588.0,2445.5,2457.5,2459.5,2462.5,2446.5,2446.5,2448.5,False,False,49389.261
2022-08-09,20.2715,2487.0,2488.0,2473.0,2473.5,2508.0,2513.0,2555.0,2560.0,2620.0,2625.0,2490.5,2501.75,2503.25,2506.0,2491.0,2491.0,2492.0,False,False,50435.492
2022-08-10,19.9562,2462.0,2462.5,2448.0,2449.0,2483.0,2488.0,2528.0,2533.0,2590.0,2595.0,2489.5,2497.26,2499.51,2502.5,2489.5,2490.0,2491.5,False,False,49142.1425
2022-08-11,19.9595,2496.0,2498.0,2491.0,2493.0,2527.0,2532.0,2572.0,2577.0,2635.0,2640.0,2520.5,2525.2,2527.95,2532.7,2520.7,2521.0,2522.0,False,False,49858.831
2022-08-12,19.874,2468.0,2468.5,2465.5,2466.0,2500.0,2505.0,2545.0,2550.0,2590.0,2595.0,2434.5,2438.15,2441.4,2446.0,2434.5,2435.3,2437.55,False,False,49058.969
2022-08-13,19.874,2468.0,2468.5,2465.5,2466.0,2500.0,2505.0,2545.0,2550.0,2590.0,2595.0,2434.5,2438.15,2441.4,2446.0,2434.5,2435.3,2437.55,True,True,49058.969
2022-08-14,19.874,2468.0,2468.5,2465.5,2466.0,2500.0,2505.0,2545.0,2550.0,2590.0,2595.0,2434.5,2438.15,2441.4,2446.0,2434.5,2435.3,2437.55,True,True,49058.969
2022-08-15,19.8618,2389.0,2389.5,2383.0,2385.0,2425.0,2430.0,2470.0,2475.0,2515.0,2520.0,2390.0,2393.0,2398.0,2389.75,2390.5,2393.25,2397.25,False,False,47459.7711
2022-08-16,19.9303,2440.0,2442.0,2441.0,2443.0,2485.0,2490.0,2533.0,2538.0,2583.0,2588.0,2392.0,2391.75,2397.0,2392.0,2393.0,2395.5,2398.75,False,False,48669.7926
2022-08-17,20.0387,2413.5,2414.0,2412.0,2413.0,2457.0,2462.0,2503.0,2508.0,2553.0,2558.0,2411.0,2412.25,2417.5,2411.5,2413.0,2415.0,2418.75,False,False,48373.4218
2022-08-18,20.0835,2410.0,2412.0,2413.0,2414.0,2458.0,2463.0,2505.0,2510.0,2555.0,2560.0,2403.0,2405.5,2410.5,2403.5,2406.0,2407.0,2411.0,False,False,48441.402
2022-08-19,20.1957,2375.5,2376.0,2373.0,2373.5,2417.0,2422.0,2463.0,2468.0,2512.0,2517.0,2386.0,2392.25,2396.25,2386.75,2389.0,2390.5,2394.75,False,False,47984.9832
2022-08-20,20.1957,2375.5,2376.0,2373.0,2373.5,2417.0,2422.0,2463.0,2468.0,2512.0,2517.0,2386.0,2392.25,2396.25,2386.75,2389.0,2390.5,2394.75,True,True,47984.9832
2022-08-21,20.1957,2375.5,2376.0,2373.0,2373.5,2417.0,2422.0,2463.0,2468.0,2512.0,2517.0,2386.0,2392.25,2396.25,2386.75,2389.0,2390.5,2394.75,True,True,47984.9832
2022-08-22,20.1598,2387.0,2387.5,2380.0,2380.5,2425.0,2430.0,2475.0,2480.0,2525.0,2530.0,2390.5,2398.75,2401.5,2391.75,2392.75,2393.0,2392.75,False,False,48131.5225
2022-08-23,19.9982,2438.0,2438.5,2416.0,2417.0,2458.0,2463.0,2508.0,2513.0,2557.0,2562.0,2424.0,2434.5,2437.25,2426.25,2426.5,2427.25,2429.0,False,False,48765.6107
2022-08-24,19.9198,2421.5,2422.0,2413.0,2414.0,2453.0,2458.0,2500.0,2505.0,2543.0,2548.0,2430.0,2437.99,2440.5,2432.5,2433.0,2434.0,2435.5,False,False,48245.7556
2022-08-25,19.9437,2441.5,2442.5,2426.5,2427.5,2465.0,2470.0,2508.0,2513.0,2553.0,2558.0,2433.5,2440.75,2443.5,2436.5,2437.0,2437.0,2439.0,False,False,48712.4872
2022-08-26,19.9268,2493.0,2495.0,2484.5,2485.5,2525.0,2530.0,2568.0,2573.0,2613.0,2618.0,2493.5,2499.25,2501.75,2495.5,2497.25,2498.25,2500.5,False,False,49717.366
2022-08-27,19.9268,2493.0,2495.0,2484.5,2485.5,2525.0,2530.0,2568.0,2573.0,2613.0,2618.0,2493.5,2499.25,2501.75,2495.5,2497.25,2498.25,2500.5,True,True,49717.366
2022-08-28,19.9268,2493.0,2495.0,2484.5,2485.5,2525.0,2530.0,2568.0,2573.0,2613.0,2618.0,2493.5,2499.25,2501.75,2495.5,2497.25,2498.25,2500.5,True,True,49717.366
2022-08-29,19.9945,2493.0,2495.0,2484.5,2485.5,2525.0,2530.0,2568.0,2573.0,2613.0,2618.0,2493.5,2499.25,2501.75,2495.5,2497.25,2498.25,2500.5,True,False,49886.2775
2022-08-30,20.1465,2406.0,2406.5,2404.5,2405.0,2452.0,2457.0,2502.0,2507.0,2548.0,2553.0,2391.0,2395.0,2397.5,2391.0,2393.5,2395.5,2399.0,False,False,48482.5522
2022-08-31,20.0962,2368.0,2368.5,2356.0,2357.0,2405.0,2410.0,2463.0,2468.0,2510.0,2515.0,2359.0,2364.75,2367.0,2359.5,2362.0,2364.25,2367.75,False,False,47597.8497
2022-09-01,20.2473,2305.5,2306.0,2300.5,2301.5,2352.0,2357.0,2408.0,2413.0,2457.0,2462.0,2295.0,2299.0,2301.25,2294.75,2297.73,2300.48,2305.73,False,False,46690.2738
2022-09-02,19.9753,2308.0,2309.0,2300.0,2301.0,2357.0,2362.0,2418.0,2423.0,2468.0,2473.0,2295.5,2296.75,2299.5,2294.5,2297.55,2300.3,2305.3,False,False,46122.9677
2022-09-03,19.9753,2308.0,2309.0,2300.0,2301.0,2357.0,2362.0,2418.0,2423.0,2468.0,2473.0,2295.5,2296.75,2299.5,2294.5,2297.55,2300.3,2305.3,True,True,46122.9677
2022-09-04,19.9753,2308.0,2309.0,2300.0,2301.0,2357.0,2362.0,2418.0,2423.0,2468.0,2473.0,2295.5,2296.75,2299.5,2294.5,2297.55,2300.3,2305.3,True,True,46122.9677
2022-09-05,19.962,2290.0,2290.5,2289.0,2290.0,2347.0,2352.0,2410.0,2415.0,2460.0,2465.0,2285.5,2287.25,2290.0,2283.75,2286.75,2290.0,2295.25,False,False,45722.961
2022-09-06,20.138,2258.0,2260.0,2262.0,2263.0,2325.0,2330.0,2397.0,2402.0,2457.0,2462.0,2260.5,2254.75,2260.25,2257.25,2261.25,2265.24,2271.24,False,False,45511.88
2022-09-07,20.0297,2230.0,2230.5,2237.0,2238.0,2312.0,2317.0,2388.0,2393.0,2458.0,2463.0,2235.0,2227.0,2233.0,2230.75,2235.0,2239.5,2246.0,False,False,44676.2458
2022-09-08,20.0203,2255.5,2256.0,2267.0,2268.0,2347.0,2352.0,2427.0,2432.0,2503.0,2508.0,2267.5,2259.01,2265.0,2263.5,2267.5,2271.25,2278.25,False,False,45165.7968
2022-09-09,19.9027,2279.5,2280.0,2289.0,2290.0,2372.0,2377.0,2455.0,2460.0,2540.0,2545.0,2286.0,2277.25,2284.5,2282.0,2287.0,2293.5,2301.5,False,False,45378.156
2022-09-10,19.9027,2279.5,2280.0,2289.0,2290.0,2372.0,2377.0,2455.0,2460.0,2540.0,2545.0,2286.0,2277.25,2284.5,2282.0,2287.0,2293.5,2301.5,True,True,45378.156
2022-09-11,19.9027,2279.5,2280.0,2289.0,2290.0,2372.0,2377.0,2455.0,2460.0,2540.0,2545.0,2286.0,2277.25,2284.5,2282.0,2287.0,2293.5,2301.5,True,True,45378.156
2022-09-12,19.7957,2288.0,2288.5,2309.0,2309.5,2397.0,2402.0,2493.0,2498.0,2588.0,2593.0,2283.0,2271.25,2279.5,2277.25,2283.0,2288.25,2297.75,False,False,45302.4594
2022-09-13,20.055,2309.0,2309.5,2325.5,2326.5,2410.0,2415.0,2500.0,2505.0,2593.0,2598.0,2313.0,2301.25,2311.0,2307.75,2312.75,2317.0,2325.0,False,False,46317.0225
2022-09-14,19.9768,2227.0,2227.5,2243.0,2244.0,2332.0,2337.0,2430.0,2435.0,2530.0,2535.0,2270.5,2259.5,2269.5,2264.5,2269.5,2275.0,2283.5,False,False,44498.322
2022-09-15,20.0525,2271.0,2272.0,2281.0,2282.0,2372.0,2377.0,2473.0,2478.0,2578.0,2583.0,2307.5,2299.5,2308.5,2301.75,2307.25,2312.75,2320.25,False,False,45559.28
2022-09-16,20.0525,2257.0,2259.0,2266.0,2267.0,2358.0,2363.0,2463.0,2468.0,2568.0,2573.0,2277.0,2268.75,2278.25,2271.5,2277.0,2282.5,2290.0,False,True,45298.5975
2022-09-17,20.0525,2257.0,2259.0,2266.0,2267.0,2358.0,2363.0,2463.0,2468.0,2568.0,2573.0,2277.0,2268.75,2278.25,2271.5,2277.0,2282.5,2290.0,True,True,45298.5975
2022-09-18,20.0525,2257.0,2259.0,2266.0,2267.0,2358.0,2363.0,2463.0,2468.0,2568.0,2573.0,2277.0,2268.75,2278.25,2271.5,2277.0,2282.5,2290.0,True,True,45298.5975
2022-09-19,19.9943,2231.0,2232.0,2246.0,2247.0,2335.0,2340.0,2440.0,2445.0,2548.0,2553.0,2251.0,2248.0,2244.5,2250.0,2255.65,2263.5,2270.0,False,False,44627.2776
2022-09-20,20.0,2245.0,2245.5,2265.0,2266.0,2355.0,2360.0,2457.0,2462.0,2563.0,2568.0,2245.5,2238.75,2238.25,2245.05,2251.05,2259.0,2267.55,False,False,44910.0
2022-09-21,20.0027,2189.0,2191.0,2216.0,2218.0,2317.0,2322.0,2423.0,2428.0,2528.0,2533.0,2202.5,2192.0,2195.0,2202.5,2209.9,2218.4,2226.4,False,False,43825.9157
2022-09-22,19.9608,2195.0,2195.5,2214.5,2215.5,2313.0,2318.0,2420.0,2425.0,2527.0,2532.0,2228.5,2225.85,2223.35,2230.1,2237.5,2245.5,2253.5,False,False,43823.9364
2022-09-23,20.1627,2152.5,2153.0,2171.0,2172.0,2272.0,2277.0,2377.0,2382.0,2483.0,2488.0,2165.0,2160.12,2158.12,2166.1,2173.6,2182.1,2190.6,False,False,43410.2931
2022-09-24,20.1627,2152.5,2153.0,2171.0,2172.0,2272.0,2277.0,2377.0,2382.0,2483.0,2488.0,2165.0,2160.12,2158.12,2166.1,2173.6,2182.1,2190.6,True,True,43410.2931
2022-09-25,20.1627,2152.5,2153.0,2171.0,2172.0,2272.0,2277.0,2377.0,2382.0,2483.0,2488.0,2165.0,2160.12,2158.12,2166.1,2173.6,2182.1,2190.6,True,True,43410.2931
2022-09-26,20.3517,2125.0,2125.5,2145.0,2145.5,2243.0,2248.0,2345.0,2350.0,2453.0,2458.0,2139.5,2131.75,2130.75,2138.75,2146.75,2155.75,2164.0,False,False,43257.5384
2022-09-27,20.357,2105.5,2106.0,2128.0,2130.0,2230.0,2235.0,2335.0,2340.0,2443.0,2448.0,2114.0,2106.5,2104.5,2112.5,2120.5,2130.0,2139.5,False,False,42871.842
2022-09-28,20.3058,2079.0,2080.0,2102.0,2103.0,2213.0,2218.0,2330.0,2335.0,2448.0,2453.0,2124.0,2116.75,2113.25,2122.5,2131.25,2140.5,2150.25,False,False,42236.064
2022-09-29,20.1927,2260.5,2261.0,2271.0,2273.0,2373.0,2378.0,2478.0,2483.0,2598.0,2603.0,2197.0,2195.25,2187.25,2196.5,2203.0,2212.0,2221.75,False,False,45655.6947
2022-09-30,20.0925,2179.5,2180.0,2195.0,2197.0,2293.0,2298.0,2408.0,2413.0,2528.0,2533.0,2162.0,2164.25,2153.25,2161.0,2168.75,2175.75,2184.25,False,False,43801.65
2022-10-01,20.0925,2179.5,2180.0,2195.0,2197.0,2293.0,2298.0,2408.0,2413.0,2528.0,2533.0,2162.0,2164.25,2153.25,2161.0,2168.75,2175.75,2184.25,True,True,43801.65
2022-10-02,20.0925,2179.5,2180.0,2195.0,2197.0,2293.0,2298.0,2408.0,2413.0,2528.0,2533.0,2162.0,2164.25,2153.25,2161.0,2168.75,2175.75,2184.25,True,True,43801.65
2022-10-03,20.0008,2163.0,2164.0,2168.0,2169.0,2270.0,2275.0,2390.0,2395.0,2510.0,2515.0,2219.5,2220.0,2211.0,2218.5,2226.5,2235.5,2244.75,False,False,43281.7312
2022-10-04,19.9698,2261.0,2261.5,2270.0,2272.0,2368.0,2373.0,2473.0,2478.0,2585.0,2590.0,2348.0,2348.4,2340.4,2347.15,2353.75,2361.5,2369.75,False,False,45161.7027
2022-10-05,20.1267,2288.0,2289.0,2297.0,2299.0,2390.0,2395.0,2490.0,2495.0,2595.0,2600.0,2352.0,2349.75,2343.75,2349.75,2356.75,2364.75,2373.5,False,False,46070.0163
2022-10-06,20.1087,2354.5,2355.0,2359.0,2360.0,2452.0,2457.0,2553.0,2558.0,2658.0,2663.0,2347.0,2342.5,2338.5,2345.0,2352.5,2361.0,2368.25,False,False,47355.9885
2022-10-07,20.0502,2341.0,2342.0,2344.5,2345.5,2433.0,2438.0,2528.0,2533.0,2628.0,2633.0,2299.0,2297.0,2288.0,2296.0,2302.5,2311.0,2319.5,False,False,46957.5684
2022-10-08,20.0502,2341.0,2342.0,2344.5,2345.5,2433.0,2438.0,2528.0,2533.0,2628.0,2633.0,2299.0,2297.0,2288.0,2296.0,2302.5,2311.0,2319.5,True,True,46957.5684
2022-10-09,20.0502,2341.0,2342.0,2344.5,2345.5,2433.0,2438.0,2528.0,2533.0,2628.0,2633.0,2299.0,2297.0,2288.0,2296.0,2302.5,2311.0,2319.5,True,True,46957.5684
2022-10-10,19.9752,2273.5,2274.0,2277.0,2278.0,2363.0,2368.0,2458.0,2463.0,2553.0,2558.0,2260.0,2257.8,2246.8,2254.5,2261.0,2269.75,2278.25,False,False,45423.6048
2022-10-11,19.9652,2218.0,2218.5,2215.0,2215.5,2297.0,2302.0,2393.0,2398.0,2488.0,2493.0,2236.0,2234.0,2224.0,2231.0,2235.5,2243.5,2251.5,False,False,44292.7962
2022-10-12,20.0352,2226.0,2227.0,2219.5,2220.0,2302.0,2307.0,2392.0,2397.0,2483.0,2488.0,2305.0,2313.5,2301.0,2305.0,2302.5,2307.5,2307.5,False,False,44618.3904
2022-10-13,20.0398,2373.5,2374.0,2360.0,2360.5,2420.0,2425.0,2495.0,2500.0,2583.0,2588.0,2359.5,2356.15,2347.15,2355.5,2358.5,2366.5,2373.75,False,False,47574.4852
2022-10-14,20.0838,2308.5,2309.0,2302.0,2303.0,2368.0,2373.0,2440.0,2445.0,2525.0,2530.0,2306.0,2304.5,2293.5,2302.5,2305.25,2313.5,2321.0,False,False,46373.4942
2022-10-15,20.0838,2308.5,2309.0,2302.0,2303.0,2368.0,2373.0,2440.0,2445.0,2525.0,2530.0,2306.0,2304.5,2293.5,2302.5,2305.25,2313.5,2321.0,True,True,46373.4942
2022-10-16,20.0838,2308.5,2309.0,2302.0,2303.0,2368.0,2373.0,2440.0,2445.0,2525.0,2530.0,2306.0,2304.5,2293.5,2302.5,2305.25,2313.5,2321.0,True,True,46373.4942
2022-10-17,19.9913,2239.0,2240.0,2240.0,2240.5,2317.0,2322.0,2402.0,2407.0,2487.0,2492.0,2229.0,2214.06,2223.76,2228.75,2237.75,2246.0,2255.76,False,False,44780.512
2022-10-18,20.0207,2200.0,2200.5,2216.0,2216.5,2300.0,2305.0,2388.0,2393.0,2473.0,2478.0,2193.0,2178.01,2188.0,2193.0,2200.0,2208.5,2218.5,False,False,44055.5504
2022-10-19,20.1272,2168.0,2169.0,2180.0,2181.0,2268.0,2273.0,2360.0,2365.0,2450.0,2455.0,2170.5,2156.25,2166.5,2171.5,2178.5,2187.0,2197.0,False,False,43655.8968
2022-10-20,20.0448,2213.5,2214.0,2227.0,2228.0,2307.0,2312.0,2398.0,2403.0,2498.0,2503.0,2209.5,2198.75,2207.25,2210.5,2217.5,2225.0,2234.25,False,False,44379.1872
2022-10-21,19.9647,2155.0,2155.5,2174.5,2175.5,2255.0,2260.0,2343.0,2348.0,2435.0,2440.0,2206.0,2195.25,2204.5,2207.75,2214.5,2222.5,2232.5,False,False,43033.9108
2022-10-22,19.9647,2155.0,2155.5,2174.5,2175.5,2255.0,2260.0,2343.0,2348.0,2435.0,2440.0,2206.0,2195.25,2204.5,2207.75,2214.5,2222.5,2232.5,True,True,43033.9108
2022-10-23,19.9647,2155.0,2155.5,2174.5,2175.5,2255.0,2260.0,2343.0,2348.0,2435.0,2440.0,2206.0,2195.25,2204.5,2207.75,2214.5,2222.5,2232.5,True,True,43033.9108
2022-10-24,19.9535,2158.0,2160.0,2178.0,2179.0,2262.0,2267.0,2348.0,2353.0,2440.0,2445.0,2175.0,2163.76,2172.5,2175.5,2182.25,2190.25,2199.0,False,False,43099.56
2022-10-25,19.8712,2170.0,2170.5,2190.0,2192.0,2272.0,2277.0,2362.0,2367.0,2452.0,2457.0,2215.0,2213.3,2216.8,2215.25,2219.25,2226.25,2230.75,False,False,43130.4396
2022-10-26,19.8553,2265.0,2265.5,2260.0,2262.0,2332.0,2337.0,2413.0,2418.0,2505.0,2510.0,2335.0,2336.25,2342.25,2336.25,2342.5,2349.5,2355.0,False,False,44982.1822
2022-10-27,19.8365,2296.5,2297.0,2300.0,2302.0,2375.0,2380.0,2448.0,2453.0,2538.0,2543.0,2287.5,2283.52,2292.27,2288.77,2295.5,2302.75,2309.75,False,False,45564.4405
2022-10-28,19.8303,2225.5,2226.0,2235.5,2236.0,2315.0,2320.0,2400.0,2405.0,2490.0,2495.0,2211.5,2205.25,2212.75,2211.0,2217.5,2224.75,2232.25,False,False,44142.2478
2022-10-29,19.8303,2225.5,2226.0,2235.5,2236.0,2315.0,2320.0,2400.0,2405.0,2490.0,2495.0,2211.5,2205.25,2212.75,2211.0,2217.5,2224.75,2232.25,True,True,44142.2478
2022-10-30,19.8303,2225.5,2226.0,2235.5,2236.0,2315.0,2320.0,2400.0,2405.0,2490.0,2495.0,2211.5,2205.25,2212.75,2211.0,2217.5,2224.75,2232.25,True,True,44142.2478
2022-10-31,19.8245,2196.0,2197.0,2205.0,2207.0,2280.0,2285.0,2362.0,2367.0,2457.0,2462.0,2222.0,2220.0,2226.0,2222.0,2226.5,2231.75,2239.75,False,False,43554.4265
2022-11-01,19.7463,2245.0,2245.5,2253.5,2254.0,2323.0,2328.0,2395.0,2400.0,2485.0,2490.0,2242.5,2237.25,2245.75,2243.25,2246.75,2253.75,2262.5,False,False,44340.3166
2022-11-02,19.7463,2226.5,2227.0,2237.5,2238.5,2315.0,2320.0,2390.0,2395.0,2478.0,2483.0,2251.0,2243.95,2252.45,2250.75,2254.0,2260.9,2269.9,False,True,43975.0101
2022-11-03,19.6673,2215.5,2216.0,2240.0,2242.0,2318.0,2323.0,2390.0,2395.0,2470.0,2475.0,2264.0,2254.75,2263.25,2262.0,2266.25,2272.75,2281.75,False,False,43582.7368
2022-11-04,19.5202,2305.0,2306.0,2316.0,2318.0,2390.0,2395.0,2460.0,2465.0,2540.0,2545.0,2355.5,2348.25,2355.0,2354.0,2357.5,2363.5,2370.5,False,False,45013.5812
2022-11-05,19.5202,2305.0,2306.0,2316.0,2318.0,2390.0,2395.0,2460.0,2465.0,2540.0,2545.0,2355.5,2348.25,2355.0,2354.0,2357.5,2363.5,2370.5,True,True,45013.5812
2022-11-06,19.5202,2305.0,2306.0,2316.0,2318.0,2390.0,2395.0,2460.0,2465.0,2540.0,2545.0,2355.5,2348.25,2355.0,2354.0,2357.5,2363.5,2370.5,True,True,45013.5812
2022-11-07,19.4647,2291.5,2292.0,2301.0,2302.0,2370.0,2375.0,2440.0,2445.0,2517.0,2522.0,2337.0,2326.09,2332.84,2334.34,2338.34,2343.84,2352.09,False,False,44613.0924
2022-11-08,19.4775,2326.5,2327.0,2338.5,2339.5,2407.0,2412.0,2477.0,2482.0,2552.0,2557.0,2372.0,2360.01,2369.01,2370.0,2373.0,2379.0,2384.5,False,False,45324.1425
2022-11-09,19.5887,2337.5,2338.0,2354.0,2355.0,2420.0,2425.0,2493.0,2498.0,2575.0,2580.0,2319.0,2304.99,2314.0,2316.0,2320.25,2326.75,2334.75,False,False,45798.3806
2022-11-10,19.394,2271.5,2272.0,2283.0,2285.0,2353.0,2358.0,2425.0,2430.0,2498.0,2503.0,2327.0,2310.25,2319.25,2322.5,2327.5,2333.75,2342.5,False,False,44063.168
2022-11-11,19.5353,2408.0,2410.0,2425.0,2426.0,2492.0,2497.0,2567.0,2572.0,2645.0,2650.0,2463.5,2446.25,2456.25,2458.75,2463.85,2469.85,2477.85,False,False,47080.073
2022-11-12,19.5353,2408.0,2410.0,2425.0,2426.0,2492.0,2497.0,2567.0,2572.0,2645.0,2650.0,2463.5,2446.25,2456.25,2458.75,2463.85,2469.85,2477.85,True,True,47080.073
2022-11-13,19.5353,2408.0,2410.0,2425.0,2426.0,2492.0,2497.0,2567.0,2572.0,2645.0,2650.0,2463.5,2446.25,2456.25,2458.75,2463.85,2469.85,2477.85,True,True,47080.073
2022-11-14,19.4015,2391.5,2392.0,2416.0,2418.0,2482.0,2487.0,2553.0,2558.0,2628.0,2633.0,2452.5,2440.0,2445.75,2452.5,2460.25,2469.0,2480.0,False,False,46408.388
2022-11-15,19.3818,2409.0,2410.0,2443.0,2445.0,2518.0,2523.0,2593.0,2598.0,2678.0,2683.0,2435.0,2421.25,2428.25,2435.0,2443.0,2451.0,2459.0,False,False,46710.138
2022-11-16,19.3137,2392.0,2393.0,2418.0,2420.0,2493.0,2498.0,2573.0,2578.0,2663.0,2668.0,2412.0,2399.0,2406.75,2413.0,2420.75,2429.5,2437.5,False,False,46217.6841
2022-11-17,19.4333,2342.0,2342.5,2370.0,2371.0,2445.0,2450.0,2525.0,2530.0,2615.0,2620.0,2391.0,2376.75,2385.5,2391.5,2399.5,2408.25,2415.75,False,False,45522.5052
2022-11-18,19.493,2368.0,2369.0,2399.5,2400.0,2473.0,2478.0,2552.0,2557.0,2633.0,2638.0,2430.0,2415.51,2424.51,2430.51,2438.5,2447.0,2453.5,False,False,46178.917
2022-11-19,19.493,2368.0,2369.0,2399.5,2400.0,2473.0,2478.0,2552.0,2557.0,2633.0,2638.0,2430.0,2415.51,2424.51,2430.51,2438.5,2447.0,2453.5,True,True,46178.917
2022-11-20,19.493,2368.0,2369.0,2399.5,2400.0,2473.0,2478.0,2552.0,2557.0,2633.0,2638.0,2430.0,2415.51,2424.51,2430.51,2438.5,2447.0,2453.5,True,True,46178.917
2022-11-21,19.493,2342.0,2344.0,2366.0,2368.0,2435.0,2440.0,2512.0,2517.0,2592.0,2597.0,2379.0,2363.55,2372.55,2379.0,2385.5,2394.0,2400.0,False,True,45691.592
2022-11-22,19.4667,2393.5,2394.0,2417.0,2419.0,2488.0,2493.0,2565.0,2570.0,2645.0,2650.0,2429.0,2413.53,2422.05,2428.5,2435.25,2443.75,2450.25,False,False,46603.2798
2022-11-23,19.3683,2363.0,2364.0,2389.0,2391.0,2455.0,2460.0,2532.0,2537.0,2612.0,2617.0,2397.0,2377.9,2386.65,2394.25,2402.25,2410.5,2417.25,False,False,45786.6612
2022-11-24,19.3692,2343.5,2344.0,2373.0,2375.0,2443.0,2448.0,2518.0,2523.0,2598.0,2603.0,2367.5,2346.5,2355.75,2364.25,2371.25,2379.5,2386.75,False,False,45401.4048
2022-11-25,19.3393,2345.5,2346.0,2380.0,2381.0,2450.0,2455.0,2523.0,2528.0,2605.0,2610.0,2362.5,2339.05,2349.55,2358.55,2366.8,2375.3,2382.8,False,False,45369.9978
2022-11-26,19.3393,2345.5,2346.0,2380.0,2381.0,2450.0,2455.0,2523.0,2528.0,2605.0,2610.0,2362.5,2339.05,2349.55,2358.55,2366.8,2375.3,2382.8,True,True,45369.9978
2022-11-27,19.3393,2345.5,2346.0,2380.0,2381.0,2450.0,2455.0,2523.0,2528.0,2605.0,2610.0,2362.5,2339.05,2349.55,2358.55,2366.8,2375.3,2382.8,True,True,45369.9978
2022-11-28,19.325,2315.0,2315.5,2353.0,2353.5,2422.0,2427.0,2497.0,2502.0,2573.0,2578.0,2362.5,2337.26,2348.26,2357.75,2366.51,2374.51,2383.51,False,False,44747.0375
2022-11-29,19.216,2341.0,2341.5,2380.0,2382.0,2450.0,2455.0,2525.0,2530.0,2603.0,2608.0,2379.5,2354.49,2365.99,2375.24,2382.5,2390.5,2398.5,False,False,44994.264
2022-11-30,19.3965,2386.0,2387.0,2418.0,2419.0,2487.0,2492.0,2562.0,2567.0,2637.0,2642.0,2477.5,2455.0,2464.5,2473.25,2480.0,2487.5,2495.5,False,False,46299.4455
2022-12-01,19.1433,2430.0,2430.5,2459.5,2460.5,2525.0,2530.0,2600.0,2605.0,2675.0,2680.0,2485.0,2462.99,2472.25,2480.5,2487.0,2494.0,2501.0,False,False,46527.7906
2022-12-02,19.3422,2448.0,2448.5,2477.0,2479.0,2540.0,2545.0,2613.0,2618.0,2688.0,2693.0,2545.5,2524.45,2532.2,2539.95,2546.95,2553.95,2560.45,False,False,47359.3767
2022-12-03,19.3422,2448.0,2448.5,2477.0,2479.0,2540.0,2545.0,2613.0,2618.0,2688.0,2693.0,2545.5,2524.45,2532.2,2539.95,2546.95,2553.95,2560.45,True,True,47359.3767
2022-12-04,19.3422,2448.0,2448.5,2477.0,2479.0,2540.0,2545.0,2613.0,2618.0,2688.0,2693.0,2545.5,2524.45,2532.2,2539.95,2546.95,2553.95,2560.45,True,True,47359.3767
2022-12-05,19.7567,2484.5,2485.0,2515.0,2517.0,2577.0,2582.0,2648.0,2653.0,2718.0,2723.0,2522.5,2498.75,2506.75,2515.25,2524.25,2531.25,2539.25,False,False,49095.3995
2022-12-06,19.803,2460.5,2461.0,2490.0,2490.5,2553.0,2558.0,2627.0,2632.0,2697.0,2702.0,2508.5,2484.51,2493.01,2501.01,2510.0,2516.5,2523.0,False,False,48735.183
2022-12-07,19.6977,2450.0,2450.5,2476.5,2477.0,2538.0,2543.0,2610.0,2615.0,2680.0,2685.0,2485.5,2459.5,2468.5,2477.5,2486.5,2493.0,2499.75,False,False,48269.2138
2022-12-08,19.6732,2467.5,2468.5,2496.0,2498.0,2560.0,2565.0,2638.0,2643.0,2710.0,2715.0,2503.0,2475.51,2485.51,2494.76,2504.26,2512.76,2520.76,False,False,48563.2942
2022-12-09,19.8192,2453.0,2453.5,2487.5,2488.0,2553.0,2558.0,2638.0,2643.0,2718.0,2723.0,2480.5,2451.75,2461.75,2472.25,2482.25,2490.25,2498.5,False,False,48626.4072
2022-12-10,19.8192,2453.0,2453.5,2487.5,2488.0,2553.0,2558.0,2638.0,2643.0,2718.0,2723.0,2480.5,2451.75,2461.75,2472.25,2482.25,2490.25,2498.5,True,True,48626.4072
2022-12-11,19.8192,2453.0,2453.5,2487.5,2488.0,2553.0,2558.0,2638.0,2643.0,2718.0,2723.0,2480.5,2451.75,2461.75,2472.25,2482.25,2490.25,2498.5,True,True,48626.4072
2022-12-12,19.8192,2389.5,2390.0,2428.0,2430.0,2500.0,2505.0,2588.0,2593.0,2673.0,2678.0,2414.0,2379.75,2391.75,2403.75,2414.5,2424.25,2432.25,False,True,47367.888
2022-12-13,19.6458,2387.0,2388.0,2427.0,2428.0,2503.0,2508.0,2598.0,2603.0,2688.0,2693.0,2461.0,2423.0,2437.0,2449.5,2461.0,2471.5,2480.75,False,False,46914.1704
2022-12-14,19.6955,2379.0,2379.5,2427.0,2428.0,2505.0,2510.0,2600.0,2605.0,2683.0,2688.0,2444.0,2404.5,2419.0,2431.75,2444.25,2455.25,2465.0,False,False,46865.4422
2022-12-15,19.7963,2395.0,2396.0,2428.0,2430.0,2512.0,2517.0,2608.0,2613.0,2698.0,2703.0,2384.0,2345.75,2359.75,2372.0,2384.0,2394.0,2403.5,False,False,47431.9348
2022-12-16,19.7932,2353.0,2354.0,2396.0,2398.0,2480.0,2485.0,2577.0,2582.0,2667.0,2672.0,2375.0,2337.1,2352.6,2364.1,2374.6,2384.6,2393.6,False,False,46593.1928
2022-12-17,19.7932,2353.0,2354.0,2396.0,2398.0,2480.0,2485.0,2577.0,2582.0,2667.0,2672.0,2375.0,2337.1,2352.6,2364.1,2374.6,2384.6,2393.6,True,True,46593.1928
2022-12-18,19.7932,2353.0,2354.0,2396.0,2398.0,2480.0,2485.0,2577.0,2582.0,2667.0,2672.0,2375.0,2337.1,2352.6,2364.1,2374.6,2384.6,2393.6,True,True,46593.1928
2022-12-19,19.7557,2325.0,2327.0,2363.5,2364.0,2448.0,2453.0,2553.0,2558.0,2648.0,2653.0,2361.0,2337.5,2348.25,2358.75,2369.75,2378.75,2390.0,False,False,45971.5139
2022-12-20,19.7482,2329.0,2329.5,2370.0,2371.0,2453.0,2458.0,2553.0,2558.0,2652.0,2657.0,2372.5,2349.0,2359.0,2369.75,2382.25,2390.75,2401.75,False,False,46003.4319
2022-12-21,19.6932,2355.0,2357.0,2390.0,2392.0,2475.0,2480.0,2578.0,2583.0,2678.0,2683.0,2391.5,2368.25,2378.0,2388.5,2401.5,2409.5,2420.5,False,False,46416.8724
2022-12-22,19.574,2361.0,2362.0,2395.0,2397.0,2480.0,2485.0,2585.0,2590.0,2685.0,2690.0,2406.0,2381.0,2391.5,2403.0,2416.0,2425.5,2435.5,False,False,46233.788
2022-12-23,19.4287,2341.5,2342.0,2371.0,2373.0,2457.0,2462.0,2553.0,2558.0,2652.0,2657.0,2389.5,2362.41,2373.41,2385.41,2399.5,2409.5,2421.0,False,False,45502.0154
2022-12-24,19.4287,2341.5,2342.0,2371.0,2373.0,2457.0,2462.0,2553.0,2558.0,2652.0,2657.0,2389.5,2362.41,2373.41,2385.41,2399.5,2409.5,2421.0,True,True,45502.0154
2022-12-25,19.4287,2341.5,2342.0,2371.0,2373.0,2457.0,2462.0,2553.0,2558.0,2652.0,2657.0,2389.5,2362.41,2373.41,2385.41,2399.5,2409.5,2421.0,True,True,45502.0154
2022-12-26,19.3983,2341.5,2342.0,2371.0,2373.0,2457.0,2462.0,2553.0,2558.0,2652.0,2657.0,2389.5,2362.41,2373.41,2385.41,2399.5,2409.5,2421.0,True,False,45430.8186
2022-12-27,19.4407,2341.5,2342.0,2371.0,2373.0,2457.0,2462.0,2553.0,2558.0,2652.0,2657.0,2389.5,2362.41,2373.41,2385.41,2399.5,2409.5,2421.0,True,False,45530.1194
2022-12-28,19.4143,2342.0,2343.0,2376.0,2378.0,2458.0,2463.0,2557.0,2562.0,2647.0,2652.0,2381.0,2352.26,2362.76,2375.25,2388.25,2398.25,2409.75,False,False,45487.7049
2022-12-29,19.3615,2371.0,2371.5,2398.0,2399.0,2480.0,2485.0,2580.0,2585.0,2670.0,2675.0,2405.0,2377.5,2387.0,2399.5,2411.5,2421.0,2431.5,False,False,45915.7972
2022-12-30,19.4715,2360.0,2360.5,2391.0,2392.0,2470.0,2475.0,2568.0,2573.0,2658.0,2663.0,2378.0,2349.51,2359.51,2372.01,2386.0,2395.0,2405.5,False,False,45962.4758
2022-12-31,19.4715,2360.0,2360.5,2391.0,2392.0,2470.0,2475.0,2568.0,2573.0,2658.0,2663.0,2378.0,2349.51,2359.51,2372.01,2386.0,2395.0,2405.5,True,True,45962.4758
2023-01-01,19.4715,2360.0,2360.5,2391.0,2392.0,2470.0,2475.0,2568.0,2573.0,2658.0,2663.0,2378.0,2349.51,2359.51,2372.01,2386.0,2395.0,2405.5,True,True,45962.4758
2023-01-02,19.4883,2360.0,2360.5,2391.0,2392.0,2470.0,2475.0,2568.0,2573.0,2658.0,2663.0,2378.0,2349.51,2359.51,2372.01,2386.0,2395.0,2405.5,True,False,46002.1322
2023-01-03,19.422,2337.0,2337.5,2368.0,2369.0,2542.0,2547.0,2627.0,2632.0,2708.0,2713.0,2311.0,2278.5,2289.5,2302.0,2316.75,2327.75,2338.25,False,False,45398.925
2023-01-04,19.3568,2249.0,2250.0,2286.0,2287.0,2477.0,2482.0,2568.0,2573.0,2650.0,2655.0,2266.5,2235.25,2246.75,2258.5,2272.5,2283.25,2295.0,False,False,43552.8
2023-01-05,19.3672,2268.0,2270.0,2303.0,2304.0,2493.0,2498.0,2585.0,2590.0,2668.0,2673.0,2255.5,2225.45,2236.25,2247.75,2261.2,2271.5,2282.5,False,False,43963.544
2023-01-06,19.1753,2242.0,2242.5,2274.0,2275.0,2460.0,2465.0,2550.0,2555.0,2632.0,2637.0,2295.5,2266.01,2277.0,2287.5,2300.5,2311.0,2322.75,False,False,43000.6102
2023-01-07,19.1753,2242.0,2242.5,2274.0,2275.0,2460.0,2465.0,2550.0,2555.0,2632.0,2637.0,2295.5,2266.01,2277.0,2287.5,2300.5,2311.0,2322.75,True,True,43000.6102
2023-01-08,19.1753,2242.0,2242.5,2274.0,2275.0,2460.0,2465.0,2550.0,2555.0,2632.0,2637.0,2295.5,2266.01,2277.0,2287.5,2300.5,2311.0,2322.75,True,True,43000.6102
2023-01-09,19.1648,2336.0,2336.5,2368.0,2370.0,2545.0,2550.0,2630.0,2635.0,2712.0,2717.0,2438.5,2406.75,2417.5,2429.25,2442.25,2452.75,2465.25,False,False,44778.5552
2023-01-10,19.1108,2395.0,2397.0,2430.0,2432.0,2612.0,2617.0,2698.0,2703.0,2780.0,2785.0,2463.5,2431.0,2441.75,2453.5,2466.75,2477.2,2489.7,False,False,45808.5876
2023-01-11,19.026,2450.5,2451.0,2486.0,2487.0,2665.0,2670.0,2765.0,2770.0,2847.0,2852.0,2510.0,2479.25,2489.5,2500.75,2512.75,2523.0,2535.5,False,False,46632.726
2023-01-12,18.8735,2446.0,2447.0,2475.5,2476.0,2650.0,2655.0,2745.0,2750.0,2820.0,2825.0,2548.5,2516.25,2527.75,2539.5,2551.25,2561.5,2573.75,False,False,46183.4545
2023-01-13,18.7922,2510.5,2511.0,2544.0,2546.0,2710.0,2715.0,2805.0,2810.0,2885.0,2890.0,2595.0,2566.75,2575.75,2585.75,2596.25,2606.25,2618.5,False,False,47187.2142
2023-01-14,18.7922,2510.5,2511.0,2544.0,2546.0,2710.0,2715.0,2805.0,2810.0,2885.0,2890.0,2595.0,2566.75,2575.75,2585.75,2596.25,2606.25,2618.5,True,True,47187.2142
2023-01-15,18.7922,2510.5,2511.0,2544.0,2546.0,2710.0,2715.0,2805.0,2810.0,2885.0,2890.0,2595.0,2566.75,2575.75,2585.75,2596.25,2606.25,2618.5,True,True,47187.2142
2023-01-16,18.7913,2602.5,2603.0,2623.5,2624.0,2767.0,2772.0,2843.0,2848.0,2923.0,2928.0,2621.0,2604.0,2613.0,2621.0,2629.75,2640.5,2649.5,False,False,48913.7539
2023-01-17,18.7493,2562.0,2562.5,2586.0,2587.0,2723.0,2728.0,2798.0,2803.0,2875.0,2880.0,2618.5,2601.5,2610.75,2618.5,2627.5,2638.0,2646.5,False,False,48045.0812
2023-01-18,18.7493,2635.0,2636.0,2660.0,2662.0,2780.0,2785.0,2850.0,2855.0,2915.0,2920.0,2638.0,2618.7,2628.7,2637.95,2647.45,2656.95,2664.5,False,False,49423.1548
2023-01-19,19.0327,2539.0,2541.0,2570.5,2571.0,2707.0,2712.0,2777.0,2782.0,2845.0,2850.0,2587.5,2565.75,2576.25,2587.5,2597.75,2607.0,2614.75,False,False,48362.0907
2023-01-20,18.9257,2585.0,2585.5,2613.0,2614.0,2753.0,2758.0,2830.0,2835.0,2898.0,2903.0,2610.5,2589.5,2599.74,2611.0,2621.5,2631.26,2639.25,False,False,48932.3974
2023-01-21,18.9257,2585.0,2585.5,2613.0,2614.0,2753.0,2758.0,2830.0,2835.0,2898.0,2903.0,2610.5,2589.5,2599.74,2611.0,2621.5,2631.26,2639.25,True,True,48932.3974
2023-01-22,18.9257,2585.0,2585.5,2613.0,2614.0,2753.0,2758.0,2830.0,2835.0,2898.0,2903.0,2610.5,2589.5,2599.74,2611.0,2621.5,2631.26,2639.25,True,True,48932.3974
2023-01-23,18.8267,2592.5,2593.0,2619.0,2619.5,2760.0,2765.0,2828.0,2833.0,2898.0,2903.0,2636.5,2613.3,2623.55,2635.05,2645.5,2659.0,2668.0,False,False,48817.6331
2023-01-24,18.8318,2594.0,2594.5,2626.0,2627.0,2763.0,2768.0,2835.0,2840.0,2903.0,2908.0,2650.5,2627.5,2637.75,2649.5,2660.2,2672.2,2680.7,False,False,48859.1051
2023-01-25,18.82,2605.5,2606.0,2637.5,2638.5,2773.0,2778.0,2848.0,2853.0,2918.0,2923.0,2658.5,2633.75,2644.5,2657.0,2668.0,2680.25,2688.0,False,False,49044.92
2023-01-26,18.8355,2597.0,2598.0,2640.0,2642.0,2780.0,2785.0,2850.0,2855.0,2920.0,2925.0,2639.0,2609.75,2622.75,2636.25,2648.0,2661.5,2671.0,False,False,48934.629
2023-01-27,18.7872,2596.5,2597.0,2637.0,2638.0,2790.0,2795.0,2863.0,2868.0,2938.0,2943.0,2627.0,2597.5,2609.0,2623.5,2635.0,2649.5,2659.5,False,False,48790.3584
2023-01-28,18.7872,2596.5,2597.0,2637.0,2638.0,2790.0,2795.0,2863.0,2868.0,2938.0,2943.0,2627.0,2597.5,2609.0,2623.5,2635.0,2649.5,2659.5,True,True,48790.3584
2023-01-29,18.7872,2596.5,2597.0,2637.0,2638.0,2790.0,2795.0,2863.0,2868.0,2938.0,2943.0,2627.0,2597.5,2609.0,2623.5,2635.0,2649.5,2659.5,True,True,48790.3584
2023-01-30,18.7793,2576.0,2577.0,2613.0,2615.0,2765.0,2770.0,2840.0,2845.0,2915.0,2920.0,2589.5,2559.0,2571.0,2585.5,2597.0,2611.5,2621.5,False,False,48394.2561
2023-01-31,18.7937,2532.5,2533.5,2573.5,2574.0,2740.0,2745.0,2815.0,2820.0,2890.0,2895.0,2644.0,2618.25,2628.5,2642.0,2652.5,2665.75,2675.0,False,False,47613.839
2023-02-01,18.739,2610.0,2611.0,2642.0,2644.0,2798.0,2803.0,2868.0,2873.0,2943.0,2948.0,2631.5,2602.25,2612.25,2626.0,2637.5,2651.0,2662.0,False,False,48927.529
2023-02-02,18.6232,2572.0,2572.5,2607.0,2609.0,2768.0,2773.0,2847.0,2852.0,2922.0,2927.0,2617.0,2587.01,2597.51,2611.51,2622.51,2636.51,2647.51,False,False,47908.182
2023-02-03,18.8895,2558.0,2560.0,2593.0,2594.0,2755.0,2760.0,2830.0,2835.0,2905.0,2910.0,2569.5,2538.0,2548.5,2562.5,2574.25,2588.25,2599.25,False,False,48357.12
2023-02-04,18.8895,2558.0,2560.0,2593.0,2594.0,2755.0,2760.0,2830.0,2835.0,2905.0,2910.0,2569.5,2538.0,2548.5,2562.5,2574.25,2588.25,2599.25,True,True,48357.12
2023-02-05,18.8895,2558.0,2560.0,2593.0,2594.0,2755.0,2760.0,2830.0,2835.0,2905.0,2910.0,2569.5,2538.0,2548.5,2562.5,2574.25,2588.25,2599.25,True,True,48357.12
2023-02-06,18.8895,2486.0,2486.5,2525.0,2527.0,2698.0,2703.0,2778.0,2783.0,2855.0,2860.0,2533.5,2500.26,2511.01,2525.51,2537.26,2551.26,2562.26,False,True,46968.7418
2023-02-07,19.0517,2472.0,2472.5,2513.0,2514.0,2685.0,2690.0,2775.0,2780.0,2853.0,2858.0,2524.5,2489.25,2500.25,2514.75,2527.0,2541.5,2552.75,False,False,47105.3282
2023-02-08,18.9435,2468.5,2469.0,2507.0,2508.0,2678.0,2683.0,2763.0,2768.0,2848.0,2853.0,2481.0,2445.15,2456.9,2471.75,2484.0,2498.75,2510.5,False,False,46771.5015
2023-02-09,18.9543,2424.0,2424.5,2465.0,2467.0,2638.0,2643.0,2723.0,2728.0,2805.0,2810.0,2499.0,2463.6,2474.35,2489.25,2501.6,2516.35,2527.79,False,False,45954.7004
2023-02-10,18.6893,2434.0,2435.0,2465.0,2466.0,2635.0,2640.0,2715.0,2720.0,2798.0,2803.0,2440.5,2405.24,2415.49,2430.24,2442.49,2457.0,2468.5,False,False,45508.4455
2023-02-11,18.6893,2434.0,2435.0,2465.0,2466.0,2635.0,2640.0,2715.0,2720.0,2798.0,2803.0,2440.5,2405.24,2415.49,2430.24,2442.49,2457.0,2468.5,True,True,45508.4455
2023-02-12,18.6893,2434.0,2435.0,2465.0,2466.0,2635.0,2640.0,2715.0,2720.0,2798.0,2803.0,2440.5,2405.24,2415.49,2430.24,2442.49,2457.0,2468.5,True,True,45508.4455
2023-02-13,18.6327,2381.5,2382.5,2423.0,2424.0,2598.0,2603.0,2683.0,2688.0,2765.0,2770.0,2412.5,2386.5,2401.5,2413.25,2428.25,2438.75,2450.25,False,False,44392.4078
2023-02-14,18.5383,2389.0,2391.0,2419.0,2420.0,2588.0,2593.0,2670.0,2675.0,2753.0,2758.0,2408.0,2383.75,2397.25,2407.75,2421.75,2432.75,2443.25,False,False,44325.0753
2023-02-15,18.6428,2366.5,2367.0,2392.0,2393.0,2560.0,2565.0,2640.0,2645.0,2723.0,2728.0,2384.5,2357.5,2373.0,2384.25,2398.75,2410.0,2421.5,False,False,44127.5076
2023-02-16,18.5497,2341.0,2341.5,2381.0,2382.0,2555.0,2560.0,2637.0,2642.0,2718.0,2723.0,2394.0,2366.75,2382.65,2393.75,2408.75,2420.75,2432.75,False,False,43434.1226
2023-02-17,18.4142,2334.5,2335.0,2372.0,2374.0,2550.0,2555.0,2638.0,2643.0,2720.0,2725.0,2387.5,2360.0,2376.0,2387.5,2402.0,2414.0,2426.0,False,False,42997.157
2023-02-18,18.4142,2334.5,2335.0,2372.0,2374.0,2550.0,2555.0,2638.0,2643.0,2720.0,2725.0,2387.5,2360.0,2376.0,2387.5,2402.0,2414.0,2426.0,True,True,42997.157
2023-02-19,18.4142,2334.5,2335.0,2372.0,2374.0,2550.0,2555.0,2638.0,2643.0,2720.0,2725.0,2387.5,2360.0,2376.0,2387.5,2402.0,2414.0,2426.0,True,True,42997.157
2023-02-20,18.397,2390.0,2392.0,2428.0,2430.0,2598.0,2603.0,2683.0,2688.0,2765.0,2770.0,2457.5,2432.25,2447.25,2457.5,2470.25,2481.25,2492.0,False,False,44005.624
2023-02-21,18.3938,2430.0,2430.5,2470.0,2472.0,2635.0,2640.0,2718.0,2723.0,2800.0,2805.0,2467.5,2438.98,2454.73,2465.5,2479.25,2490.0,2501.0,False,False,44706.1309
2023-02-22,18.3483,2385.0,2385.5,2428.0,2429.0,2600.0,2605.0,2692.0,2697.0,2777.0,2782.0,2418.0,2388.0,2404.25,2416.01,2431.51,2443.11,2454.86,False,False,43769.8696
2023-02-23,18.4107,2368.0,2368.5,2407.5,2408.0,2585.0,2590.0,2680.0,2685.0,2770.0,2775.0,2396.0,2363.0,2380.1,2393.1,2409.1,2422.1,2434.85,False,False,43605.743
2023-02-24,18.4023,2305.0,2307.0,2355.0,2356.0,2558.0,2563.0,2668.0,2673.0,2768.0,2773.0,2335.5,2297.76,2317.75,2332.25,2350.0,2363.5,2377.0,False,False,42454.1061
2023-02-25,18.4023,2305.0,2307.0,2355.0,2356.0,2558.0,2563.0,2668.0,2673.0,2768.0,2773.0,2335.5,2297.76,2317.75,2332.25,2350.0,2363.5,2377.0,True,True,42454.1061
2023-02-26,18.4023,2305.0,2307.0,2355.0,2356.0,2558.0,2563.0,2668.0,2673.0,2768.0,2773.0,2335.5,2297.76,2317.75,2332.25,2350.0,2363.5,2377.0,True,True,42454.1061
2023-02-27,18.4077,2313.0,2314.0,2358.0,2360.0,2560.0,2565.0,2660.0,2665.0,2757.0,2762.0,2363.0,2327.25,2345.0,2358.6,2376.5,2389.85,2402.5,False,False,42595.4178
2023-02-28,18.3448,2298.0,2300.0,2345.0,2346.0,2533.0,2538.0,2628.0,2633.0,2723.0,2728.0,2373.0,2337.13,2353.63,2366.63,2384.0,2397.49,2409.99,False,False,42193.04
2023-03-01,18.17,2362.0,2364.0,2405.5,2406.5,2593.0,2598.0,2683.0,2688.0,2778.0,2783.0,2431.5,2393.88,2410.38,2424.13,2441.5,2454.75,2467.5,False,False,42953.88
2023-03-02,18.126,2365.5,2366.5,2410.0,2411.0,2605.0,2610.0,2693.0,2698.0,2788.0,2793.0,2399.5,2362.25,2378.25,2391.75,2409.25,2422.5,2436.5,False,False,42895.179
2023-03-03,18.0123,2361.0,2361.5,2403.0,2404.0,2605.0,2610.0,2695.0,2700.0,2793.0,2798.0,2405.0,2367.0,2383.0,2397.0,2414.75,2427.75,2440.75,False,False,42536.0464
2023-03-04,18.0123,2361.0,2361.5,2403.0,2404.0,2605.0,2610.0,2695.0,2700.0,2793.0,2798.0,2405.0,2367.0,2383.0,2397.0,2414.75,2427.75,2440.75,True,True,42536.0464
2023-03-05,18.0123,2361.0,2361.5,2403.0,2404.0,2605.0,2610.0,2695.0,2700.0,2793.0,2798.0,2405.0,2367.0,2383.0,2397.0,2414.75,2427.75,2440.75,True,True,42536.0464
2023-03-06,18.0122,2321.0,2321.5,2367.0,2368.0,2568.0,2573.0,2663.0,2668.0,2760.0,2765.0,2382.0,2339.5,2357.25,2371.75,2389.5,2403.4,2417.4,False,False,41815.3223
2023-03-07,18.1155,2312.0,2312.5,2359.0,2360.0,2568.0,2573.0,2673.0,2678.0,2772.0,2777.0,2350.0,2306.0,2324.25,2339.0,2356.5,2371.0,2385.5,False,False,41892.0938
2023-03-08,17.9662,2288.0,2288.5,2335.0,2336.0,2552.0,2557.0,2660.0,2665.0,2760.0,2765.0,2354.0,2310.0,2328.25,2343.0,2359.75,2373.5,2386.75,False,False,41115.6487
2023-03-09,18.0577,2290.0,2291.0,2335.0,2335.5,2548.0,2553.0,2655.0,2660.0,2758.0,2763.0,2328.0,2283.0,2301.5,2316.5,2333.0,2347.25,2360.25,False,False,41370.1907
2023-03-10,18.4083,2248.0,2249.0,2297.0,2297.5,2510.0,2515.0,2617.0,2622.0,2718.0,2723.0,2313.0,2264.0,2285.75,2300.5,2318.0,2332.5,2346.5,False,False,41400.2667
2023-03-11,18.4083,2248.0,2249.0,2297.0,2297.5,2510.0,2515.0,2617.0,2622.0,2718.0,2723.0,2313.0,2264.0,2285.75,2300.5,2318.0,2332.5,2346.5,True,True,41400.2667
2023-03-12,18.4083,2248.0,2249.0,2297.0,2297.5,2510.0,2515.0,2617.0,2622.0,2718.0,2723.0,2313.0,2264.0,2285.75,2300.5,2318.0,2332.5,2346.5,True,True,41400.2667
2023-03-13,18.8302,2235.5,2236.5,2286.0,2287.0,2502.0,2507.0,2613.0,2618.0,2715.0,2720.0,2333.5,2306.0,2319.75,2337.0,2350.75,2365.0,2383.0,False,False,42113.7423
2023-03-14,18.6427,2271.0,2272.0,2320.0,2321.0,2535.0,2540.0,2642.0,2647.0,2745.0,2750.0,2352.5,2326.0,2339.25,2355.75,2369.25,2382.75,2400.25,False,False,42356.2144
2023-03-15,18.9972,2245.0,2246.0,2295.0,2295.5,2507.0,2512.0,2610.0,2615.0,2715.0,2720.0,2277.0,2247.5,2262.25,2279.85,2293.85,2307.85,2325.6,False,False,42667.7112
2023-03-16,18.9095,2237.0,2237.5,2286.0,2287.0,2508.0,2513.0,2612.0,2617.0,2715.0,2720.0,2267.5,2236.75,2252.0,2269.25,2283.25,2297.0,2314.5,False,False,42310.0063
2023-03-17,18.8977,2230.0,2232.0,2279.0,2280.0,2498.0,2503.0,2607.0,2612.0,2710.0,2715.0,2274.0,2244.0,2259.0,2276.0,2289.75,2303.75,2321.5,False,False,42179.6664
2023-03-18,18.8977,2230.0,2232.0,2279.0,2280.0,2498.0,2503.0,2607.0,2612.0,2710.0,2715.0,2274.0,2244.0,2259.0,2276.0,2289.75,2303.75,2321.5,True,True,42179.6664
2023-03-19,18.8977,2230.0,2232.0,2279.0,2280.0,2498.0,2503.0,2607.0,2612.0,2710.0,2715.0,2274.0,2244.0,2259.0,2276.0,2289.75,2303.75,2321.5,True,True,42179.6664
2023-03-20,18.8977,2237.0,2237.5,2282.5,2283.0,2498.0,2503.0,2608.0,2613.0,2712.0,2717.0,2274.5,2241.42,2256.67,2274.92,2289.42,2303.42,2320.92,False,True,42283.6038
2023-03-21,18.6755,2234.5,2235.0,2284.0,2286.0,2500.0,2505.0,2608.0,2613.0,2712.0,2717.0,2266.5,2233.0,2248.25,2266.5,2280.6,2294.6,2312.25,False,False,41739.7425
2023-03-22,18.5437,2231.5,2232.0,2282.0,2282.5,2497.0,2502.0,2602.0,2607.0,2705.0,2710.0,2286.5,2253.6,2268.85,2286.6,2300.5,2314.0,2331.5,False,False,41389.5384
2023-03-23,18.4902,2264.0,2265.0,2312.5,2313.5,2520.0,2525.0,2630.0,2635.0,2732.0,2737.0,2326.0,2294.0,2308.75,2326.25,2339.25,2352.75,2369.75,False,False,41880.303
2023-03-24,18.5178,2264.0,2265.0,2312.0,2313.0,2513.0,2518.0,2617.0,2622.0,2717.0,2722.0,2337.0,2306.81,2320.06,2337.56,2350.5,2364.0,2380.0,False,False,41942.817
2023-03-25,18.5178,2264.0,2265.0,2312.0,2313.0,2513.0,2518.0,2617.0,2622.0,2717.0,2722.0,2337.0,2306.81,2320.06,2337.56,2350.5,2364.0,2380.0,True,True,41942.817
2023-03-26,18.5178,2264.0,2265.0,2312.0,2313.0,2513.0,2518.0,2617.0,2622.0,2717.0,2722.0,2337.0,2306.81,2320.06,2337.56,2350.5,2364.0,2380.0,True,True,41942.817
2023-03-27,18.383,2297.0,2298.0,2340.0,2340.5,2538.0,2543.0,2642.0,2647.0,2737.0,2742.0,2363.5,2331.25,2344.75,2362.5,2375.25,2388.75,2404.25,False,False,42244.134
2023-03-28,18.2523,2314.0,2315.0,2360.0,2361.0,2553.0,2558.0,2657.0,2662.0,2752.0,2757.0,2389.0,2355.25,2369.5,2387.0,2399.55,2412.6,2428.5,False,False,42254.0745
2023-03-29,18.1052,2365.5,2366.0,2409.5,2410.0,2593.0,2598.0,2695.0,2700.0,2790.0,2795.0,2380.0,2347.0,2360.75,2377.75,2390.25,2402.35,2418.85,False,False,42836.9032
2023-03-30,18.0932,2343.5,2344.0,2386.0,2388.0,2577.0,2582.0,2680.0,2685.0,2772.0,2777.0,2386.0,2352.25,2365.75,2383.0,2396.25,2408.75,2425.25,False,False,42410.4608
2023-03-31,18.0415,2336.0,2336.5,2375.0,2375.5,2565.0,2570.0,2675.0,2680.0,2767.0,2772.0,2413.0,2382.75,2393.75,2410.5,2423.0,2434.5,2450.75,False,False,42153.9648
2023-04-01,18.0415,2336.0,2336.5,2375.0,2375.5,2565.0,2570.0,2675.0,2680.0,2767.0,2772.0,2413.0,2382.75,2393.75,2410.5,2423.0,2434.5,2450.75,True,True,42153.9648
2023-04-02,18.0415,2336.0,2336.5,2375.0,2375.5,2565.0,2570.0,2675.0,2680.0,2767.0,2772.0,2413.0,2382.75,2393.75,2410.5,2423.0,2434.5,2450.75,True,True,42153.9648
2023-04-03,18.107,2380.0,2380.5,2429.0,2430.0,2620.0,2625.0,2727.0,2732.0,2818.0,2823.0,2397.5,2362.0,2374.75,2392.0,2404.74,2416.77,2433.52,False,False,43103.7135
2023-04-04,18.1185,2340.5,2341.5,2393.0,2394.0,2583.0,2588.0,2688.0,2693.0,2778.0,2783.0,2370.5,2332.27,2346.02,2363.5,2376.75,2389.25,2406.25,False,False,42424.4678
2023-04-05,18.3323,2305.5,2306.0,2353.0,2354.0,2550.0,2555.0,2653.0,2658.0,2743.0,2748.0,2333.5,2295.25,2308.5,2325.75,2338.75,2351.25,2367.75,False,False,42274.2838
2023-04-06,18.3323,2300.0,2300.5,2340.0,2340.5,2533.0,2538.0,2633.0,2638.0,2723.0,2728.0,2333.5,2294.75,2307.75,2325.0,2338.0,2350.5,2367.0,False,True,42173.4562
2023-04-07,18.3323,2300.0,2300.5,2340.0,2340.5,2533.0,2538.0,2633.0,2638.0,2723.0,2728.0,2333.5,2294.75,2307.75,2325.0,2338.0,2350.5,2367.0,True,True,42173.4562
2023-04-08,18.3323,2300.0,2300.5,2340.0,2340.5,2533.0,2538.0,2633.0,2638.0,2723.0,2728.0,2333.5,2294.75,2307.75,2325.0,2338.0,2350.5,2367.0,True,True,42173.4562
2023-04-09,18.3323,2300.0,2300.5,2340.0,2340.5,2533.0,2538.0,2633.0,2638.0,2723.0,2728.0,2333.5,2294.75,2307.75,2325.0,2338.0,2350.5,2367.0,True,True,42173.4562
2023-04-10,18.1765,2300.0,2300.5,2340.0,2340.5,2533.0,2538.0,2633.0,2638.0,2723.0,2728.0,2333.5,2294.75,2307.75,2325.0,2338.0,2350.5,2367.0,True,False,41815.0383
2023-04-11,18.187,2267.0,2268.0,2307.0,2308.0,2497.0,2502.0,2597.0,2602.0,2688.0,2693.0,2302.5,2259.75,2274.0,2291.0,2304.25,2317.75,2334.25,False,False,41248.116
2023-04-12,18.066,2258.0,2258.5,2301.5,2302.0,2495.0,2500.0,2600.0,2605.0,2690.0,2695.0,2325.0,2287.25,2300.25,2314.25,2326.0,2338.5,2354.75,False,False,40802.061
2023-04-13,18.0152,2329.0,2330.0,2364.0,2365.0,2550.0,2555.0,2653.0,2658.0,2743.0,2748.0,2367.0,2331.0,2343.0,2357.0,2367.25,2379.5,2395.25,False,False,41975.416
2023-04-14,18.0638,2355.0,2356.0,2387.0,2388.0,2563.0,2568.0,2660.0,2665.0,2752.0,2757.0,2385.5,2357.01,2362.51,2373.5,2385.5,2397.25,2413.25,False,False,42558.3128
2023-04-15,18.0638,2355.0,2356.0,2387.0,2388.0,2563.0,2568.0,2660.0,2665.0,2752.0,2757.0,2385.5,2357.01,2362.51,2373.5,2385.5,2397.25,2413.25,True,True,42558.3128
2023-04-16,18.0638,2355.0,2356.0,2387.0,2388.0,2563.0,2568.0,2660.0,2665.0,2752.0,2757.0,2385.5,2357.01,2362.51,2373.5,2385.5,2397.25,2413.25,True,True,42558.3128
2023-04-17,18.0868,2363.5,2364.5,2370.0,2371.0,2545.0,2550.0,2638.0,2643.0,2728.0,2733.0,2378.5,2359.0,2368.0,2378.25,2390.0,2406.0,2417.0,False,False,42766.2386
2023-04-18,18.063,2400.0,2401.0,2422.0,2423.0,2595.0,2600.0,2688.0,2693.0,2778.0,2783.0,2437.0,2418.0,2427.0,2436.95,2447.0,2462.5,2472.5,False,False,43369.263
2023-04-19,18.0448,2381.5,2382.0,2401.0,2402.0,2575.0,2580.0,2667.0,2672.0,2758.0,2763.0,2445.0,2430.4,2434.9,2445.0,2456.0,2471.0,2481.75,False,False,42982.7136
2023-04-20,18.009,2409.5,2410.0,2430.0,2431.0,2597.0,2602.0,2688.0,2693.0,2775.0,2780.0,2421.0,2407.5,2411.5,2422.25,2432.75,2447.5,2458.25,False,False,43401.69
2023-04-21,17.9988,2388.0,2388.5,2398.0,2400.0,2563.0,2568.0,2650.0,2655.0,2737.0,2742.0,2396.5,2388.5,2387.5,2397.6,2408.1,2422.5,2433.0,False,False,42990.1338
2023-04-22,17.9988,2388.0,2388.5,2398.0,2400.0,2563.0,2568.0,2650.0,2655.0,2737.0,2742.0,2396.5,2388.5,2387.5,2397.6,2408.1,2422.5,2433.0,True,True,42990.1338
2023-04-23,17.9988,2388.0,2388.5,2398.0,2400.0,2563.0,2568.0,2650.0,2655.0,2737.0,2742.0,2396.5,2388.5,2387.5,2397.6,2408.1,2422.5,2433.0,True,True,42990.1338
2023-04-24,18.0082,2354.0,2354.5,2372.5,2373.0,2540.0,2545.0,2630.0,2635.0,2713.0,2718.0,2381.0,2370.0,2369.0,2379.75,2391.75,2406.75,2418.0,False,False,42400.3069
2023-04-25,18.0892,2312.0,2313.0,2331.5,2332.0,2505.0,2510.0,2597.0,2602.0,2680.0,2685.0,2335.5,2335.5,2323.5,2334.5,2346.0,2360.75,2372.75,False,False,41840.3196
2023-04-26,18.103,2339.0,2339.5,2355.0,2356.0,2532.0,2537.0,2625.0,2630.0,2708.0,2713.0,2327.0,2322.25,2314.0,2325.25,2337.0,2351.95,2363.95,False,False,42351.9685
2023-04-27,18.0723,2301.5,2302.0,2309.5,2310.0,2487.0,2492.0,2580.0,2585.0,2662.0,2667.0,2319.0,2316.0,2305.0,2316.5,2328.0,2343.0,2355.55,False,False,41602.4346
2023-04-28,17.9975,2340.0,2342.0,2342.0,2344.0,2522.0,2527.0,2613.0,2618.0,2698.0,2703.0,2356.0,2372.0,2344.0,2354.75,2365.5,2379.5,2391.0,False,False,42150.145
2023-04-29,17.9975,2340.0,2342.0,2342.0,2344.0,2522.0,2527.0,2613.0,2618.0,2698.0,2703.0,2356.0,2372.0,2344.0,2354.75,2365.5,2379.5,2391.0,True,True,42150.145
2023-04-30,17.9975,2340.0,2342.0,2342.0,2344.0,2522.0,2527.0,2613.0,2618.0,2698.0,2703.0,2356.0,2372.0,2344.0,2354.75,2365.5,2379.5,2391.0,True,True,42150.145
2023-05-01,17.9975,2340.0,2342.0,2342.0,2344.0,2522.0,2527.0,2613.0,2618.0,2698.0,2703.0,2356.0,2372.0,2344.0,2354.75,2365.5,2379.5,2391.0,True,True,42150.145
2023-05-02,18.0325,2352.5,2353.0,2353.0,2355.0,2523.0,2528.0,2617.0,2622.0,2702.0,2707.0,2366.5,2372.76,2353.76,2364.25,2374.0,2388.0,2400.0,False,False,42430.4725
2023-05-03,17.906,2329.0,2330.0,2342.0,2343.0,2518.0,2523.0,2615.0,2620.0,2710.0,2715.0,2321.0,2319.24,2305.24,2317.49,2327.74,2342.5,2355.0,False,False,41720.98
2023-05-04,17.9575,2296.0,2297.0,2306.0,2308.0,2483.0,2488.0,2585.0,2590.0,2678.0,2683.0,2287.0,2283.25,2270.25,2281.75,2292.95,2307.95,2321.45,False,False,41248.3775
2023-05-05,17.7863,2277.0,2277.5,2290.0,2292.0,2470.0,2475.0,2570.0,2575.0,2663.0,2668.0,2318.5,2320.75,2302.75,2312.75,2323.0,2338.0,2351.0,False,False,40508.2982
2023-05-06,17.7863,2277.0,2277.5,2290.0,2292.0,2470.0,2475.0,2570.0,2575.0,2663.0,2668.0,2318.5,2320.75,2302.75,2312.75,2323.0,2338.0,2351.0,True,True,40508.2982
2023-05-07,17.7863,2277.0,2277.5,2290.0,2292.0,2470.0,2475.0,2570.0,2575.0,2663.0,2668.0,2318.5,2320.75,2302.75,2312.75,2323.0,2338.0,2351.0,True,True,40508.2982
2023-05-08,17.8213,2277.0,2277.5,2290.0,2292.0,2470.0,2475.0,2570.0,2575.0,2663.0,2668.0,2318.5,2320.75,2302.75,2312.75,2323.0,2338.0,2351.0,True,False,40588.0108
2023-05-09,17.7608,2320.0,2321.0,2326.0,2327.0,2500.0,2505.0,2597.0,2602.0,2688.0,2693.0,2318.5,2320.75,2302.75,2312.75,2323.0,2338.0,2351.0,False,False,41222.8168
2023-05-10,17.5845,2275.5,2276.0,2280.0,2281.0,2455.0,2460.0,2555.0,2560.0,2647.0,2652.0,2268.0,2263.5,2248.51,2259.5,2270.0,2285.25,2297.5,False,False,40022.322
2023-05-11,17.6287,2228.0,2229.0,2236.5,2237.0,2415.0,2420.0,2515.0,2520.0,2605.0,2610.0,2211.0,2197.45,2193.45,2202.2,2212.5,2228.25,2240.75,False,False,39294.3723
2023-05-12,17.6142,2230.0,2230.5,2236.5,2237.0,2415.0,2420.0,2520.0,2525.0,2608.0,2613.0,2231.5,2222.0,2216.0,2224.5,2232.5,2247.75,2260.75,False,False,39288.4731
2023-05-13,17.6142,2230.0,2230.5,2236.5,2237.0,2415.0,2420.0,2520.0,2525.0,2608.0,2613.0,2231.5,2222.0,2216.0,2224.5,2232.5,2247.75,2260.75,True,True,39288.4731
2023-05-14,17.6142,2230.0,2230.5,2236.5,2237.0,2415.0,2420.0,2520.0,2525.0,2608.0,2613.0,2231.5,2222.0,2216.0,2224.5,2232.5,2247.75,2260.75,True,True,39288.4731
2023-05-15,17.538,2260.0,2260.5,2266.0,2268.0,2435.0,2440.0,2540.0,2545.0,2628.0,2633.0,2259.5,2244.0,2251.75,2259.7,2273.7,2285.95,2297.96,False,False,39644.649
2023-05-16,17.4672,2235.0,2235.5,2241.5,2242.5,2410.0,2415.0,2513.0,2518.0,2602.0,2607.0,2259.5,2242.5,2250.99,2259.5,2274.0,2286.0,2298.25,False,False,39047.9256
2023-05-17,17.5872,2268.5,2269.0,2273.0,2273.5,2440.0,2445.0,2538.0,2543.0,2630.0,2635.0,2296.5,2282.55,2289.3,2297.3,2311.0,2322.0,2333.5,False,False,39905.3568
2023-05-18,17.7342,2310.0,2312.0,2302.0,2304.0,2463.0,2468.0,2563.0,2568.0,2655.0,2660.0,2283.5,2271.75,2278.25,2285.25,2297.5,2308.5,2320.5,False,False,41001.4704
2023-05-19,17.693,2298.0,2300.0,2295.0,2297.0,2448.0,2453.0,2548.0,2553.0,2640.0,2645.0,2283.5,2271.25,2278.25,2285.25,2297.75,2308.25,2319.25,False,False,40693.9
2023-05-20,17.693,2298.0,2300.0,2295.0,2297.0,2448.0,2453.0,2548.0,2553.0,2640.0,2645.0,2283.5,2271.25,2278.25,2285.25,2297.75,2308.25,2319.25,True,True,40693.9
2023-05-21,17.693,2298.0,2300.0,2295.0,2297.0,2448.0,2453.0,2548.0,2553.0,2640.0,2645.0,2283.5,2271.25,2278.25,2285.25,2297.75,2308.25,2319.25,True,True,40693.9
2023-05-22,17.868,2261.0,2262.0,2260.0,2262.0,2418.0,2423.0,2513.0,2518.0,2605.0,2610.0,2263.5,2246.25,2254.75,2262.26,2277.0,2287.75,2299.0,False,False,40417.416
2023-05-23,17.9687,2201.5,2202.0,2225.0,2227.0,2398.0,2403.0,2502.0,2507.0,2593.0,2598.0,2227.0,2203.6,2215.85,2223.85,2240.1,2251.85,2264.6,False,False,39567.0774
2023-05-24,17.8195,2233.0,2234.0,2228.0,2229.0,2398.0,2403.0,2498.0,2503.0,2590.0,2595.0,2205.0,2188.18,2198.19,2203.0,2216.99,2228.74,2239.74,False,False,39808.763
2023-05-25,17.8252,2235.0,2236.0,2225.5,2226.0,2390.0,2395.0,2485.0,2490.0,2580.0,2585.0,2231.0,2220.75,2227.5,2229.0,2242.75,2253.75,2264.75,False,False,39857.1472
2023-05-26,17.6723,2241.0,2242.0,2237.0,2238.0,2400.0,2405.0,2500.0,2505.0,2595.0,2600.0,2237.5,2223.0,2232.0,2235.75,2250.0,2261.4,2272.0,False,False,39621.2966
2023-05-27,17.6723,2241.0,2242.0,2237.0,2238.0,2400.0,2405.0,2500.0,2505.0,2595.0,2600.0,2237.5,2223.0,2232.0,2235.75,2250.0,2261.4,2272.0,True,True,39621.2966
2023-05-28,17.6723,2241.0,2242.0,2237.0,2238.0,2400.0,2405.0,2500.0,2505.0,2595.0,2600.0,2237.5,2223.0,2232.0,2235.75,2250.0,2261.4,2272.0,True,True,39621.2966
2023-05-29,17.5605,2241.0,2242.0,2237.0,2238.0,2400.0,2405.0,2500.0,2505.0,2595.0,2600.0,2237.5,2223.0,2232.0,2235.75,2250.0,2261.4,2272.0,True,False,39370.641
2023-05-30,17.6532,2229.5,2230.0,2224.0,2225.0,2390.0,2395.0,2485.0,2490.0,2580.0,2585.0,2224.0,2213.5,2221.0,2221.0,2233.0,2243.5,2254.0,False,False,39366.636
2023-05-31,17.7418,2254.5,2255.0,2221.0,2221.5,2380.0,2385.0,2478.0,2483.0,2578.0,2583.0,2246.0,2242.5,2248.5,2244.23,2254.48,2264.98,2275.0,False,False,40007.759
2023-06-01,17.5673,2280.5,2281.0,2252.5,2253.0,2402.0,2407.0,2500.0,2505.0,2608.0,2613.0,2282.5,2279.75,2285.0,2282.0,2289.25,2298.0,2308.0,False,False,40071.0113
2023-06-02,17.5063,2263.0,2263.5,2289.0,2289.5,2438.0,2443.0,2540.0,2545.0,2640.0,2645.0,2263.5,2242.21,2253.71,2260.21,2270.0,2279.75,2289.25,False,False,39625.51
2023-06-03,17.5063,2263.0,2263.5,2289.0,2289.5,2438.0,2443.0,2540.0,2545.0,2640.0,2645.0,2263.5,2242.21,2253.71,2260.21,2270.0,2279.75,2289.25,True,True,39625.51
2023-06-04,17.5063,2263.0,2263.5,2289.0,2289.5,2438.0,2443.0,2540.0,2545.0,2640.0,2645.0,2263.5,2242.21,2253.71,2260.21,2270.0,2279.75,2289.25,True,True,39625.51
2023-06-05,17.4732,2214.0,2216.0,2254.5,2255.0,2402.0,2407.0,2502.0,2507.0,2613.0,2618.0,2244.0,2212.75,2225.0,2234.5,2248.0,2258.5,2269.75,False,False,38720.6112
2023-06-06,17.4192,2171.0,2172.0,2218.5,2219.0,2380.0,2385.0,2480.0,2485.0,2587.0,2592.0,2210.0,2175.68,2187.73,2199.23,2213.98,2225.73,2236.73,False,False,37834.5024
2023-06-07,17.3608,2168.0,2169.0,2213.0,2215.0,2373.0,2378.0,2483.0,2488.0,2593.0,2598.0,2219.0,2184.25,2197.25,2208.25,2222.0,2233.75,2244.25,False,False,37655.5752
2023-06-08,17.4085,2187.0,2187.5,2226.0,2227.0,2382.0,2387.0,2490.0,2495.0,2600.0,2605.0,2254.5,2222.25,2234.25,2243.5,2255.75,2267.0,2276.5,False,False,38081.0938
2023-06-09,17.284,2220.5,2221.0,2265.5,2266.0,2415.0,2420.0,2518.0,2523.0,2628.0,2633.0,2268.0,2235.51,2248.0,2257.75,2269.75,2281.5,2291.0,False,False,38387.764
2023-06-10,17.284,2220.5,2221.0,2265.5,2266.0,2415.0,2420.0,2518.0,2523.0,2628.0,2633.0,2268.0,2235.51,2248.0,2257.75,2269.75,2281.5,2291.0,True,True,38387.764
2023-06-11,17.284,2220.5,2221.0,2265.5,2266.0,2415.0,2420.0,2518.0,2523.0,2628.0,2633.0,2268.0,2235.51,2248.0,2257.75,2269.75,2281.5,2291.0,True,True,38387.764
2023-06-12,17.312,2187.5,2188.0,2233.0,2234.0,2387.0,2392.0,2490.0,2495.0,2595.0,2600.0,2228.0,2192.54,2204.04,2215.0,2227.5,2238.5,2249.5,False,False,37878.656
2023-06-13,17.2185,2193.0,2193.5,2235.0,2236.0,2388.0,2393.0,2495.0,2500.0,2603.0,2608.0,2232.0,2199.5,2212.5,2219.5,2232.0,2240.0,2251.0,False,False,37768.7797
2023-06-14,17.1247,2199.0,2200.0,2242.5,2243.0,2388.0,2393.0,2490.0,2495.0,2593.0,2598.0,2253.5,2218.25,2232.0,2242.0,2254.0,2262.5,2272.5,False,False,37674.34
2023-06-15,17.1762,2196.0,2197.0,2236.5,2237.0,2383.0,2388.0,2485.0,2490.0,2588.0,2593.0,2249.5,2213.65,2227.5,2238.5,2251.0,2260.0,2269.5,False,False,37736.1114
2023-06-16,17.0792,2224.0,2224.5,2269.5,2270.0,2415.0,2420.0,2515.0,2520.0,2618.0,2623.0,2271.0,2231.5,2247.5,2259.25,2272.75,2283.0,2293.0,False,False,37992.6804
2023-06-17,17.0792,2224.0,2224.5,2269.5,2270.0,2415.0,2420.0,2515.0,2520.0,2618.0,2623.0,2271.0,2231.5,2247.5,2259.25,2272.75,2283.0,2293.0,True,True,37992.6804
2023-06-18,17.0792,2224.0,2224.5,2269.5,2270.0,2415.0,2420.0,2515.0,2520.0,2618.0,2623.0,2271.0,2231.5,2247.5,2259.25,2272.75,2283.0,2293.0,True,True,37992.6804
2023-06-19,17.0945,2194.5,2195.0,2244.0,2245.0,2392.0,2397.0,2492.0,2497.0,2595.0,2600.0,2241.0,2215.75,2228.0,2241.0,2251.75,2261.75,2275.25,False,False,37522.4275
2023-06-20,17.2043,2184.0,2184.5,2227.0,2229.0,2378.0,2383.0,2480.0,2485.0,2585.0,2590.0,2230.0,2206.25,2219.0,2230.0,2240.5,2250.25,2264.25,False,False,37582.7934
2023-06-21,17.1547,2156.5,2157.0,2204.5,2205.0,2358.0,2363.0,2465.0,2470.0,2570.0,2575.0,2223.0,2200.75,2213.75,2223.75,2234.25,2244.5,2259.0,False,False,37002.6879
2023-06-22,17.1713,2190.0,2190.5,2233.5,2234.0,2385.0,2390.0,2490.0,2495.0,2595.0,2600.0,2201.0,2176.75,2191.5,2202.0,2211.75,2223.5,2238.0,False,False,37613.7326
2023-06-23,17.1795,2132.0,2132.5,2174.0,2175.0,2333.0,2338.0,2440.0,2445.0,2550.0,2555.0,2174.5,2150.9,2165.65,2175.25,2185.25,2196.75,2211.25,False,False,36635.2838
2023-06-24,17.1795,2132.0,2132.5,2174.0,2175.0,2333.0,2338.0,2440.0,2445.0,2550.0,2555.0,2174.5,2150.9,2165.65,2175.25,2185.25,2196.75,2211.25,True,True,36635.2838
2023-06-25,17.1795,2132.0,2132.5,2174.0,2175.0,2333.0,2338.0,2440.0,2445.0,2550.0,2555.0,2174.5,2150.9,2165.65,2175.25,2185.25,2196.75,2211.25,True,True,36635.2838
2023-06-26,17.1445,2115.5,2116.0,2154.5,2155.0,2310.0,2315.0,2418.0,2423.0,2527.0,2532.0,2148.5,2125.25,2139.75,2147.75,2156.75,2168.0,2182.5,False,False,36277.762
2023-06-27,17.1013,2151.0,2151.5,2191.0,2191.5,2342.0,2347.0,2453.0,2458.0,2560.0,2565.0,2195.0,2172.5,2187.0,2194.5,2203.0,2213.0,2227.0,False,False,36793.447
2023-06-28,17.072,2141.0,2141.5,2183.0,2183.5,2333.0,2338.0,2440.0,2445.0,2548.0,2553.0,2173.5,2146.45,2160.95,2171.45,2181.45,2192.95,2206.95,False,False,36559.688
2023-06-29,17.1187,2105.0,2105.5,2150.0,2152.0,2310.0,2315.0,2430.0,2435.0,2550.0,2555.0,2160.0,2130.84,2144.34,2156.74,2166.75,2178.75,2193.5,False,False,36043.4228
2023-06-30,17.1358,2096.0,2096.5,2141.0,2141.5,2302.0,2307.0,2422.0,2427.0,2540.0,2545.0,2151.5,2121.0,2134.75,2147.5,2157.5,2169.5,2184.0,False,False,35925.2047
2023-07-01,17.1358,2096.0,2096.5,2141.0,2141.5,2302.0,2307.0,2422.0,2427.0,2540.0,2545.0,2151.5,2121.0,2134.75,2147.5,2157.5,2169.5,2184.0,True,True,35925.2047
2023-07-02,17.1358,2096.0,2096.5,2141.0,2141.5,2302.0,2307.0,2422.0,2427.0,2540.0,2545.0,2151.5,2121.0,2134.75,2147.5,2157.5,2169.5,2184.0,True,True,35925.2047
2023-07-03,17.0517,2105.0,2107.0,2146.0,2147.0,2312.0,2317.0,2435.0,2440.0,2558.0,2563.0,2157.5,2122.5,2137.0,2151.75,2163.0,2176.0,2191.0,False,False,35927.9319
2023-07-04,17.026,2102.0,2102.5,2155.5,2156.5,2318.0,2323.0,2438.0,2443.0,2558.0,2563.0,2167.5,2132.74,2148.24,2162.75,2173.75,2186.5,2201.25,False,False,35797.165
2023-07-05,17.004,2092.5,2093.0,2146.0,2147.0,2305.0,2310.0,2425.0,2430.0,2547.0,2552.0,2142.5,2106.25,2122.25,2137.25,2147.75,2160.5,2175.5,False,False,35589.372
2023-07-06,17.2825,2103.0,2103.5,2149.5,2150.0,2308.0,2313.0,2430.0,2435.0,2555.0,2560.0,2129.0,2091.5,2107.35,2122.6,2133.85,2147.0,2162.0,False,False,36353.7387
2023-07-07,17.1012,2085.0,2086.0,2130.5,2131.0,2288.0,2293.0,2407.0,2412.0,2525.0,2530.0,2145.5,2106.0,2123.0,2138.25,2150.25,2163.5,2178.0,False,False,35673.1032
2023-07-08,17.1012,2085.0,2086.0,2130.5,2131.0,2288.0,2293.0,2407.0,2412.0,2525.0,2530.0,2145.5,2106.0,2123.0,2138.25,2150.25,2163.5,2178.0,True,True,35673.1032
2023-07-09,17.1012,2085.0,2086.0,2130.5,2131.0,2288.0,2293.0,2407.0,2412.0,2525.0,2530.0,2145.5,2106.0,2123.0,2138.25,2150.25,2163.5,2178.0,True,True,35673.1032
2023-07-10,17.0605,2095.5,2096.0,2145.0,2147.0,2303.0,2308.0,2420.0,2425.0,2535.0,2540.0,2147.0,2103.74,2119.24,2135.5,2147.0,2161.0,2176.5,False,False,35758.808
2023-07-11,17.0783,2128.5,2129.0,2179.0,2179.5,2332.0,2337.0,2452.0,2457.0,2572.0,2577.0,2168.5,2128.25,2142.0,2158.0,2168.5,2182.5,2197.25,False,False,36359.7007
2023-07-12,16.8537,2146.5,2147.5,2185.0,2186.0,2340.0,2345.0,2462.0,2467.0,2583.0,2588.0,2236.0,2198.75,2212.0,2227.0,2237.0,2249.75,2263.0,False,False,36193.3208
2023-07-13,16.8905,2235.5,2236.0,2277.0,2279.0,2422.0,2427.0,2540.0,2545.0,2658.0,2663.0,2278.0,2239.0,2253.0,2268.25,2278.5,2291.25,2305.5,False,False,37767.158
2023-07-14,16.7892,2224.5,2225.0,2268.0,2269.0,2418.0,2423.0,2535.0,2540.0,2653.0,2658.0,2276.5,2233.25,2250.0,2265.5,2277.25,2290.24,2305.0,False,False,37355.97
2023-07-15,16.7892,2224.5,2225.0,2268.0,2269.0,2418.0,2423.0,2535.0,2540.0,2653.0,2658.0,2276.5,2233.25,2250.0,2265.5,2277.25,2290.24,2305.0,True,True,37355.97
2023-07-16,16.7892,2224.5,2225.0,2268.0,2269.0,2418.0,2423.0,2535.0,2540.0,2653.0,2658.0,2276.5,2233.25,2250.0,2265.5,2277.25,2290.24,2305.0,True,True,37355.97
2023-07-17,16.7858,2194.0,2195.0,2244.0,2245.0,2402.0,2407.0,2520.0,2525.0,2638.0,2643.0,2255.0,2227.51,2243.01,2255.01,2268.5,2284.0,2295.5,False,False,36844.831
2023-07-18,16.748,2168.5,2169.5,2215.0,2216.0,2375.0,2380.0,2492.0,2497.0,2613.0,2618.0,2203.5,2174.49,2190.75,2203.5,2217.5,2233.0,2244.5,False,False,36334.786
2023-07-19,16.7667,2141.5,2142.0,2186.0,2186.5,2350.0,2355.0,2470.0,2475.0,2585.0,2590.0,2190.5,2160.5,2177.5,2190.5,2204.75,2221.0,2232.5,False,False,35914.2714
2023-07-20,16.846,2171.0,2172.0,2219.5,2220.0,2383.0,2388.0,2505.0,2510.0,2620.0,2625.0,2201.0,2171.55,2188.05,2200.75,2214.05,2229.3,2240.8,False,False,36589.512
2023-07-21,16.9393,2153.0,2153.5,2196.5,2197.5,2360.0,2365.0,2480.0,2485.0,2595.0,2600.0,2204.5,2177.0,2192.25,2204.5,2217.25,2232.5,2243.5,False,False,36478.7825
2023-07-22,16.9393,2153.0,2153.5,2196.5,2197.5,2360.0,2365.0,2480.0,2485.0,2595.0,2600.0,2204.5,2177.0,2192.25,2204.5,2217.25,2232.5,2243.5,True,True,36478.7825
2023-07-23,16.9393,2153.0,2153.5,2196.5,2197.5,2360.0,2365.0,2480.0,2485.0,2595.0,2600.0,2204.5,2177.0,2192.25,2204.5,2217.25,2232.5,2243.5,True,True,36478.7825
2023-07-24,16.8367,2154.0,2155.0,2191.0,2193.0,2355.0,2360.0,2473.0,2478.0,2585.0,2590.0,2209.0,2179.25,2194.25,2206.25,2219.5,2235.25,2247.0,False,False,36283.0885
2023-07-25,16.9075,2183.0,2184.0,2226.0,2226.5,2385.0,2390.0,2503.0,2508.0,2615.0,2620.0,2240.0,2211.0,2225.25,2237.0,2249.75,2265.5,2276.75,False,False,36925.98
2023-07-26,16.8825,2170.0,2170.5,2214.0,2215.0,2370.0,2375.0,2488.0,2493.0,2597.0,2602.0,2213.0,2183.0,2197.0,2209.75,2223.0,2238.0,2248.0,False,False,36643.4662
2023-07-27,16.7338,2175.5,2176.0,2219.0,2220.0,2375.0,2380.0,2495.0,2500.0,2608.0,2613.0,2205.0,2173.76,2187.01,2200.51,2214.75,2230.5,2241.5,False,False,36412.7488
2023-07-28,16.6895,2161.0,2161.5,2202.0,2203.0,2365.0,2370.0,2483.0,2488.0,2595.0,2600.0,2222.0,2197.5,2207.5,2219.5,2232.0,2247.75,2259.5,False,False,36074.3542
2023-07-29,16.6895,2161.0,2161.5,2202.0,2203.0,2365.0,2370.0,2483.0,2488.0,2595.0,2600.0,2222.0,2197.5,2207.5,2219.5,2232.0,2247.75,2259.5,True,True,36074.3542
2023-07-30,16.6895,2161.0,2161.5,2202.0,2203.0,2365.0,2370.0,2483.0,2488.0,2595.0,2600.0,2222.0,2197.5,2207.5,2219.5,2232.0,2247.75,2259.5,True,True,36074.3542
2023-07-31,16.7303,2195.0,2195.5,2240.0,2242.0,2400.0,2405.0,2515.0,2520.0,2627.0,2632.0,2282.5,2256.51,2268.01,2278.51,2290.76,2306.26,2317.76,False,False,36731.3736
2023-08-01,16.8533,2216.0,2217.0,2260.0,2262.0,2417.0,2422.0,2533.0,2538.0,2640.0,2645.0,2255.5,2221.06,2236.5,2249.5,2263.0,2279.5,2291.0,False,False,37363.7661
2023-08-02,17.0193,2176.0,2176.5,2226.0,2227.0,2385.0,2390.0,2500.0,2505.0,2605.0,2610.0,2209.0,2170.01,2186.76,2201.75,2216.51,2233.01,2245.9,False,False,37042.5064
2023-08-03,17.2892,2146.5,2147.0,2193.0,2195.0,2363.0,2368.0,2485.0,2490.0,2610.0,2615.0,2230.0,2188.0,2207.75,2222.5,2237.25,2254.25,2267.25,False,False,37119.9124
2023-08-04,17.0555,2164.0,2166.0,2210.0,2211.0,2383.0,2388.0,2508.0,2513.0,2628.0,2633.0,2232.5,2190.25,2210.5,2225.25,2240.25,2257.75,2270.0,False,False,36942.213
2023-08-05,17.0555,2164.0,2166.0,2210.0,2211.0,2383.0,2388.0,2508.0,2513.0,2628.0,2633.0,2232.5,2190.25,2210.5,2225.25,2240.25,2257.75,2270.0,True,True,36942.213
2023-08-06,17.0555,2164.0,2166.0,2210.0,2211.0,2383.0,2388.0,2508.0,2513.0,2628.0,2633.0,2232.5,2190.25,2210.5,2225.25,2240.25,2257.75,2270.0,True,True,36942.213
2023-08-07,17.0608,2177.5,2178.0,2229.0,2230.0,2393.0,2398.0,2518.0,2523.0,2637.0,2642.0,2230.0,2186.5,2204.0,2219.4,2235.0,2252.0,2264.75,False,False,37158.4224
2023-08-08,17.1122,2142.0,2143.0,2194.0,2195.0,2363.0,2368.0,2485.0,2490.0,2600.0,2605.0,2200.5,2153.25,2173.25,2188.25,2202.25,2219.25,2232.25,False,False,36671.4446
2023-08-09,17.0767,2152.0,2153.0,2204.0,2205.0,2365.0,2370.0,2487.0,2492.0,2602.0,2607.0,2195.0,2148.5,2168.25,2182.25,2195.0,2211.5,2223.5,False,False,36766.1351
2023-08-10,16.9548,2161.0,2161.5,2212.0,2213.0,2373.0,2378.0,2497.0,2502.0,2615.0,2620.0,2204.0,2156.45,2176.25,2191.25,2204.0,2220.0,2232.01,False,False,36647.8002
2023-08-11,17.0045,2125.0,2127.0,2177.0,2178.0,2342.0,2347.0,2472.0,2477.0,2602.0,2607.0,2175.5,2126.0,2146.5,2161.75,2175.5,2192.0,2204.5,False,False,36168.5715
2023-08-12,17.0045,2125.0,2127.0,2177.0,2178.0,2342.0,2347.0,2472.0,2477.0,2602.0,2607.0,2175.5,2126.0,2146.5,2161.75,2175.5,2192.0,2204.5,True,True,36168.5715
2023-08-13,17.0045,2125.0,2127.0,2177.0,2178.0,2342.0,2347.0,2472.0,2477.0,2602.0,2607.0,2175.5,2126.0,2146.5,2161.75,2175.5,2192.0,2204.5,True,True,36168.5715
2023-08-14,17.0672,2095.5,2096.0,2146.0,2146.5,2312.0,2317.0,2443.0,2448.0,2573.0,2578.0,2146.0,2115.5,2131.5,2145.5,2162.5,2175.5,2192.5,False,False,35772.8512
2023-08-15,17.1388,2085.0,2085.5,2138.0,2140.0,2310.0,2315.0,2445.0,2450.0,2580.0,2585.0,2142.5,2113.5,2129.5,2142.5,2159.25,2171.75,2189.75,False,False,35742.9674
2023-08-16,17.0768,2088.5,2089.0,2142.0,2144.0,2312.0,2317.0,2447.0,2452.0,2582.0,2587.0,2143.0,2114.74,2129.99,2142.99,2159.0,2171.0,2188.0,False,False,35673.4352
2023-08-17,17.1225,2130.0,2131.0,2171.0,2171.5,2337.0,2342.0,2473.0,2478.0,2610.0,2615.0,2145.5,2118.5,2133.0,2145.5,2161.5,2172.5,2188.0,False,False,36488.0475
2023-08-18,17.0477,2095.5,2096.0,2137.0,2139.0,2300.0,2305.0,2432.0,2437.0,2568.0,2573.0,2137.0,2105.25,2121.25,2136.25,2152.75,2165.0,2180.25,False,False,35731.9792
2023-08-19,17.0477,2095.5,2096.0,2137.0,2139.0,2300.0,2305.0,2432.0,2437.0,2568.0,2573.0,2137.0,2105.25,2121.25,2136.25,2152.75,2165.0,2180.25,True,True,35731.9792
2023-08-20,17.0477,2095.5,2096.0,2137.0,2139.0,2300.0,2305.0,2432.0,2437.0,2568.0,2573.0,2137.0,2105.25,2121.25,2136.25,2152.75,2165.0,2180.25,True,True,35731.9792
2023-08-21,17.0202,2068.0,2068.5,2122.0,2123.0,2288.0,2293.0,2435.0,2440.0,2580.0,2585.0,2144.0,2109.74,2125.74,2141.25,2158.0,2170.5,2186.75,False,False,35206.2837
2023-08-22,16.9267,2121.0,2121.5,2172.0,2174.0,2335.0,2340.0,2473.0,2478.0,2605.0,2610.0,2177.0,2143.75,2159.15,2174.4,2191.25,2203.75,2220.25,False,False,35909.994
2023-08-23,16.8077,2128.5,2129.0,2178.0,2180.0,2343.0,2348.0,2482.0,2487.0,2610.0,2615.0,2179.5,2145.25,2160.75,2176.0,2193.5,2205.5,2222.25,False,False,35783.5933
2023-08-24,16.809,2119.0,2119.5,2162.0,2163.0,2323.0,2328.0,2460.0,2465.0,2588.0,2593.0,2157.5,2125.5,2140.5,2154.5,2171.0,2182.25,2199.25,False,False,35626.6755
2023-08-25,16.7718,2123.0,2124.0,2160.0,2160.5,2320.0,2325.0,2457.0,2462.0,2578.0,2583.0,2150.5,2120.0,2134.0,2147.5,2164.0,2175.25,2191.5,False,False,35623.3032
2023-08-26,16.7718,2123.0,2124.0,2160.0,2160.5,2320.0,2325.0,2457.0,2462.0,2578.0,2583.0,2150.5,2120.0,2134.0,2147.5,2164.0,2175.25,2191.5,True,True,35623.3032
2023-08-27,16.7718,2123.0,2124.0,2160.0,2160.5,2320.0,2325.0,2457.0,2462.0,2578.0,2583.0,2150.5,2120.0,2134.0,2147.5,2164.0,2175.25,2191.5,True,True,35623.3032
2023-08-28,16.7432,2123.0,2124.0,2160.0,2160.5,2320.0,2325.0,2457.0,2462.0,2578.0,2583.0,2150.5,2120.0,2134.0,2147.5,2164.0,2175.25,2191.5,True,False,35562.5568
2023-08-29,16.8402,2116.0,2116.5,2159.0,2160.0,2313.0,2318.0,2448.0,2453.0,2565.0,2570.0,2168.5,2136.0,2149.75,2162.5,2178.0,2189.75,2204.75,False,False,35642.2833
2023-08-30,16.7477,2140.0,2140.5,2178.5,2179.5,2328.0,2333.0,2465.0,2470.0,2582.0,2587.0,2201.5,2169.8,2183.3,2195.8,2210.8,2222.8,2237.81,False,False,35848.4518
2023-08-31,16.917,2165.0,2165.5,2203.0,2204.0,2352.0,2357.0,2485.0,2490.0,2603.0,2608.0,2208.0,2173.75,2187.75,2202.25,2217.25,2228.25,2243.25,False,False,36633.7635
2023-09-01,17.1113,2183.5,2184.0,2233.5,2234.0,2375.0,2380.0,2498.0,2503.0,2608.0,2613.0,2237.0,2201.25,2216.0,2230.5,2244.7,2255.2,2270.2,False,False,37371.0792
2023-09-02,17.1113,2183.5,2184.0,2233.5,2234.0,2375.0,2380.0,2498.0,2503.0,2608.0,2613.0,2237.0,2201.25,2216.0,2230.5,2244.7,2255.2,2270.2,True,True,37371.0792
2023-09-03,17.1113,2183.5,2184.0,2233.5,2234.0,2375.0,2380.0,2498.0,2503.0,2608.0,2613.0,2237.0,2201.25,2216.0,2230.5,2244.7,2255.2,2270.2,True,True,37371.0792
2023-09-04,17.175,2149.0,2149.5,2196.0,2197.0,2340.0,2345.0,2465.0,2470.0,2573.0,2578.0,2212.5,2174.1,2190.1,2204.5,2218.6,2229.6,2245.1,False,False,36917.6625
2023-09-05,17.3492,2136.0,2136.5,2188.0,2188.5,2333.0,2338.0,2460.0,2465.0,2570.0,2575.0,2193.0,2153.0,2169.5,2184.25,2198.25,2209.25,2225.25,False,False,37066.5658
2023-09-06,17.5805,2157.5,2158.0,2205.0,2206.0,2350.0,2355.0,2478.0,2483.0,2585.0,2590.0,2193.5,2153.25,2169.75,2184.7,2199.4,2210.2,2225.2,False,False,37938.719
2023-09-07,17.5543,2134.5,2135.0,2178.0,2180.0,2323.0,2328.0,2447.0,2452.0,2548.0,2553.0,2196.0,2156.5,2172.0,2186.5,2201.25,2212.25,2227.5,False,False,37478.4305
2023-09-08,17.5767,2132.0,2132.5,2180.0,2181.0,2327.0,2332.0,2448.0,2453.0,2547.0,2552.0,2183.5,2146.69,2159.5,2174.0,2188.5,2198.5,2213.0,False,False,37482.3128
2023-09-09,17.5767,2132.0,2132.5,2180.0,2181.0,2327.0,2332.0,2448.0,2453.0,2547.0,2552.0,2183.5,2146.69,2159.5,2174.0,2188.5,2198.5,2213.0,True,True,37482.3128
2023-09-10,17.5767,2132.0,2132.5,2180.0,2181.0,2327.0,2332.0,2448.0,2453.0,2547.0,2552.0,2183.5,2146.69,2159.5,2174.0,2188.5,2198.5,2213.0,True,True,37482.3128
2023-09-11,17.3813,2153.0,2154.0,2194.0,2195.0,2338.0,2343.0,2465.0,2470.0,2563.0,2568.0,2205.5,2166.75,2181.0,2195.0,2209.5,2220.0,2234.25,False,False,37439.3202
2023-09-12,17.2553,2152.5,2153.0,2198.5,2199.0,2340.0,2345.0,2470.0,2475.0,2563.0,2568.0,2196.5,2158.19,2171.25,2185.5,2199.75,2210.75,2225.25,False,False,37150.6609
2023-09-13,17.1235,2156.0,2156.5,2195.0,2197.0,2330.0,2335.0,2450.0,2455.0,2542.0,2547.0,2217.5,2181.0,2193.0,2206.01,2220.0,2231.5,2245.5,False,False,36926.8277
2023-09-14,17.1042,2192.0,2192.5,2234.5,2235.0,2370.0,2375.0,2490.0,2495.0,2575.0,2580.0,2224.5,2185.0,2199.0,2212.5,2226.25,2237.75,2252.25,False,False,37500.9585
2023-09-15,17.0807,2155.0,2155.5,2196.0,2197.0,2332.0,2337.0,2452.0,2457.0,2532.0,2537.0,2190.0,2148.25,2164.0,2177.75,2190.75,2201.25,2215.5,False,False,36817.4488
2023-09-16,17.0807,2155.0,2155.5,2196.0,2197.0,2332.0,2337.0,2452.0,2457.0,2532.0,2537.0,2190.0,2148.25,2164.0,2177.75,2190.75,2201.25,2215.5,True,True,36817.4488
2023-09-17,17.0807,2155.0,2155.5,2196.0,2197.0,2332.0,2337.0,2452.0,2457.0,2532.0,2537.0,2190.0,2148.25,2164.0,2177.75,2190.75,2201.25,2215.5,True,True,36817.4488
2023-09-18,17.1307,2164.5,2165.0,2205.0,2206.0,2343.0,2348.0,2470.0,2475.0,2558.0,2563.0,2220.0,2193.19,2206.94,2220.19,2231.44,2245.94,2256.19,False,False,37087.9655
2023-09-19,17.0805,2174.0,2174.5,2215.0,2215.5,2352.0,2357.0,2477.0,2482.0,2570.0,2575.0,2215.5,2190.0,2202.75,2215.45,2226.45,2240.95,2250.45,False,False,37141.5473
2023-09-20,17.024,2201.0,2202.0,2246.0,2247.0,2378.0,2383.0,2497.0,2502.0,2590.0,2595.0,2256.0,2230.0,2242.5,2256.0,2266.25,2280.75,2290.25,False,False,37486.848
2023-09-21,17.1675,2166.0,2166.5,2211.0,2212.0,2347.0,2352.0,2465.0,2470.0,2553.0,2558.0,2212.0,2185.0,2198.75,2212.5,2222.75,2237.25,2247.5,False,False,37193.3888
2023-09-22,17.1568,2199.0,2199.5,2239.0,2240.0,2378.0,2383.0,2498.0,2503.0,2590.0,2595.0,2240.5,2215.25,2228.76,2242.25,2251.5,2266.0,2276.75,False,False,37736.3816
2023-09-23,17.1568,2199.0,2199.5,2239.0,2240.0,2378.0,2383.0,2498.0,2503.0,2590.0,2595.0,2240.5,2215.25,2228.76,2242.25,2251.5,2266.0,2276.75,True,True,37736.3816
2023-09-24,17.1568,2199.0,2199.5,2239.0,2240.0,2378.0,2383.0,2498.0,2503.0,2590.0,2595.0,2240.5,2215.25,2228.76,2242.25,2251.5,2266.0,2276.75,True,True,37736.3816
2023-09-25,17.3733,2182.0,2182.5,2224.0,2225.0,2358.0,2363.0,2477.0,2482.0,2560.0,2565.0,2233.5,2207.25,2220.75,2234.0,2244.0,2258.25,2268.25,False,False,37917.2273
2023-09-26,17.4758,2194.0,2195.0,2237.5,2238.5,2375.0,2380.0,2498.0,2503.0,2582.0,2587.0,2243.5,2219.0,2232.0,2245.0,2255.0,2268.5,2279.0,False,False,38359.381
2023-09-27,17.7287,2195.0,2196.0,2225.0,2226.0,2365.0,2370.0,2483.0,2488.0,2568.0,2573.0,2238.0,2216.25,2228.25,2240.25,2249.5,2262.5,2271.25,False,False,38932.2252
2023-09-28,17.6195,2231.5,2232.0,2263.0,2265.0,2398.0,2403.0,2515.0,2520.0,2600.0,2605.0,2277.5,2259.29,2269.29,2279.75,2287.99,2299.49,2309.74,False,False,39326.724
2023-09-29,17.4127,2307.0,2307.5,2340.0,2342.0,2472.0,2477.0,2580.0,2585.0,2645.0,2650.0,2347.0,2339.0,2346.5,2352.5,2356.75,2367.0,2373.5,False,False,40179.8053
2023-09-30,17.4127,2307.0,2307.5,2340.0,2342.0,2472.0,2477.0,2580.0,2585.0,2645.0,2650.0,2347.0,2339.0,2346.5,2352.5,2356.75,2367.0,2373.5,True,True,40179.8053
2023-10-01,17.4127,2307.0,2307.5,2340.0,2342.0,2472.0,2477.0,2580.0,2585.0,2645.0,2650.0,2347.0,2339.0,2346.5,2352.5,2356.75,2367.0,2373.5,True,True,40179.8053
2023-10-02,17.592,2286.0,2286.5,2315.0,2317.0,2452.0,2457.0,2562.0,2567.0,2628.0,2633.0,2321.0,2303.0,2312.0,2322.75,2328.75,2340.0,2350.0,False,False,40224.108
2023-10-03,17.9025,2256.0,2257.0,2292.0,2294.0,2427.0,2432.0,2538.0,2543.0,2613.0,2618.0,2290.0,2265.0,2277.75,2289.25,2296.5,2309.5,2319.25,False,False,40405.9425
2023-10-04,18.017,2230.5,2231.0,2270.0,2271.0,2405.0,2410.0,2518.0,2523.0,2608.0,2613.0,2246.5,2218.5,2231.5,2243.5,2251.5,2264.5,2274.75,False,False,40195.927
2023-10-05,18.2407,2195.0,2195.5,2231.0,2233.0,2368.0,2373.0,2487.0,2492.0,2577.0,2582.0,2232.0,2202.25,2215.0,2227.25,2236.0,2249.25,2259.25,False,False,40047.4568
2023-10-06,18.1837,2207.0,2208.0,2238.0,2239.0,2370.0,2375.0,2488.0,2493.0,2578.0,2583.0,2239.5,2211.0,2222.5,2233.5,2242.35,2255.35,2265.85,False,False,40149.6096
2023-10-07,18.1837,2207.0,2208.0,2238.0,2239.0,2370.0,2375.0,2488.0,2493.0,2578.0,2583.0,2239.5,2211.0,2222.5,2233.5,2242.35,2255.35,2265.85,True,True,40149.6096
2023-10-08,18.1837,2207.0,2208.0,2238.0,2239.0,2370.0,2375.0,2488.0,2493.0,2578.0,2583.0,2239.5,2211.0,2222.5,2233.5,2242.35,2255.35,2265.85,True,True,40149.6096
2023-10-09,18.3482,2192.0,2193.0,2227.0,2229.0,2353.0,2358.0,2470.0,2475.0,2562.0,2567.0,2241.5,2213.25,2224.75,2235.75,2243.25,2255.0,2265.5,False,False,40237.6026
2023-10-10,17.9917,2198.0,2199.0,2229.0,2230.0,2355.0,2360.0,2472.0,2477.0,2553.0,2558.0,2212.5,2182.26,2193.26,2206.26,2213.26,2225.31,2235.31,False,False,39563.7483
2023-10-11,17.842,2178.0,2179.0,2213.0,2215.0,2335.0,2340.0,2457.0,2462.0,2552.0,2557.0,2214.0,2187.0,2195.0,2207.25,2214.25,2226.25,2236.75,False,False,38877.718
2023-10-12,17.9132,2180.0,2180.5,2207.0,2208.0,2330.0,2335.0,2448.0,2453.0,2533.0,2538.0,2200.0,2172.75,2182.75,2193.75,2198.75,2208.75,2217.75,False,False,39059.7326
2023-10-13,18.0362,2175.5,2176.0,2200.5,2201.0,2322.0,2327.0,2438.0,2443.0,2523.0,2528.0,2199.5,2172.0,2183.0,2194.0,2199.0,2211.0,2221.51,False,False,39246.7712
2023-10-14,18.0362,2175.5,2176.0,2200.5,2201.0,2322.0,2327.0,2438.0,2443.0,2523.0,2528.0,2199.5,2172.0,2183.0,2194.0,2199.0,2211.0,2221.51,True,True,39246.7712
2023-10-15,18.0362,2175.5,2176.0,2200.5,2201.0,2322.0,2327.0,2438.0,2443.0,2523.0,2528.0,2199.5,2172.0,2183.0,2194.0,2199.0,2211.0,2221.51,True,True,39246.7712
2023-10-16,17.9568,2161.0,2161.5,2191.0,2191.5,2315.0,2320.0,2433.0,2438.0,2518.0,2523.0,2180.5,2162.25,2173.75,2180.25,2192.75,2202.25,2213.75,False,False,38813.6232
2023-10-17,17.9097,2148.0,2148.5,2170.0,2170.5,2297.0,2302.0,2415.0,2420.0,2500.0,2505.0,2177.0,2159.0,2169.75,2177.0,2189.25,2199.0,2210.25,False,False,38478.9905
2023-10-18,18.244,2176.0,2176.5,2185.0,2185.5,2310.0,2315.0,2428.0,2433.0,2515.0,2520.0,2182.0,2167.0,2176.5,2183.0,2194.0,2204.0,2215.25,False,False,39708.066
2023-10-19,18.2873,2150.0,2150.5,2176.5,2177.0,2300.0,2305.0,2418.0,2423.0,2498.0,2503.0,2185.0,2168.5,2178.0,2185.5,2196.0,2205.5,2216.75,False,False,39326.8386
2023-10-20,18.2343,2151.0,2152.0,2177.0,2178.0,2303.0,2308.0,2422.0,2427.0,2503.0,2508.0,2181.5,2167.01,2176.01,2182.01,2192.51,2201.01,2211.76,False,False,39240.2136
2023-10-21,18.2343,2151.0,2152.0,2177.0,2178.0,2303.0,2308.0,2422.0,2427.0,2503.0,2508.0,2181.5,2167.01,2176.01,2182.01,2192.51,2201.01,2211.76,True,True,39240.2136
2023-10-22,18.2343,2151.0,2152.0,2177.0,2178.0,2303.0,2308.0,2422.0,2427.0,2503.0,2508.0,2181.5,2167.01,2176.01,2182.01,2192.51,2201.01,2211.76,True,True,39240.2136
2023-10-23,18.1218,2144.0,2144.5,2172.0,2174.0,2293.0,2298.0,2412.0,2417.0,2493.0,2498.0,2176.0,2161.0,2169.0,2176.0,2186.09,2195.09,2205.25,False,False,38862.2001
2023-10-24,18.2842,2146.0,2146.5,2171.5,2172.0,2292.0,2297.0,2410.0,2415.0,2490.0,2495.0,2191.0,2180.0,2184.49,2191.0,2200.5,2208.5,2218.75,False,False,39247.0353
2023-10-25,18.3122,2188.0,2188.5,2208.0,2209.0,2325.0,2330.0,2442.0,2447.0,2523.0,2528.0,2219.0,2214.75,2215.25,2219.75,2228.75,2236.75,2246.0,False,False,40076.2497
2023-10-26,18.2178,2202.0,2202.5,2215.0,2216.0,2330.0,2335.0,2445.0,2450.0,2527.0,2532.0,2197.5,2192.25,2192.5,2197.0,2207.5,2215.5,2225.75,False,False,40124.7045
2023-10-27,18.0752,2170.0,2170.5,2191.0,2192.0,2308.0,2313.0,2423.0,2428.0,2505.0,2510.0,2220.0,2215.75,2215.25,2219.75,2229.5,2238.25,2248.25,False,False,39232.2216
2023-10-28,18.0752,2170.0,2170.5,2191.0,2192.0,2308.0,2313.0,2423.0,2428.0,2505.0,2510.0,2220.0,2215.75,2215.25,2219.75,2229.5,2238.25,2248.25,True,True,39232.2216
2023-10-29,18.0752,2170.0,2170.5,2191.0,2192.0,2308.0,2313.0,2423.0,2428.0,2505.0,2510.0,2220.0,2215.75,2215.25,2219.75,2229.5,2238.25,2248.25,True,True,39232.2216
2023-10-30,18.064,2251.0,2252.0,2257.0,2258.0,2372.0,2377.0,2485.0,2490.0,2570.0,2575.0,2266.5,2267.0,2262.0,2265.5,2274.5,2283.5,2293.5,False,False,40680.128
2023-10-31,18.0368,2234.5,2235.0,2246.0,2247.0,2360.0,2365.0,2475.0,2480.0,2557.0,2562.0,2251.5,2248.65,2247.15,2250.4,2259.75,2269.25,2279.75,False,False,40312.248
2023-11-01,17.9305,2230.0,2230.5,2241.0,2241.5,2355.0,2360.0,2468.0,2473.0,2560.0,2565.0,2236.5,2225.75,2227.75,2233.25,2244.25,2253.75,2264.25,False,False,39993.9802
2023-11-02,17.9305,2217.5,2218.0,2237.0,2238.0,2350.0,2355.0,2468.0,2473.0,2563.0,2568.0,2227.5,2211.51,2214.01,2222.0,2234.25,2244.25,2254.25,False,True,39769.849
2023-11-03,17.4117,2219.0,2219.5,2241.0,2242.0,2353.0,2358.0,2473.0,2478.0,2570.0,2575.0,2254.0,2240.75,2239.75,2247.0,2259.5,2269.5,2278.0,False,False,38645.2681
2023-11-04,17.4117,2219.0,2219.5,2241.0,2242.0,2353.0,2358.0,2473.0,2478.0,2570.0,2575.0,2254.0,2240.75,2239.75,2247.0,2259.5,2269.5,2278.0,True,True,38645.2681
2023-11-05,17.4117,2219.0,2219.5,2241.0,2242.0,2353.0,2358.0,2473.0,2478.0,2570.0,2575.0,2254.0,2240.75,2239.75,2247.0,2259.5,2269.5,2278.0,True,True,38645.2681
2023-11-06,17.5308,2253.5,2254.0,2278.0,2279.0,2382.0,2387.0,2493.0,2498.0,2588.0,2593.0,2287.5,2272.76,2272.5,2278.99,2291.0,2300.25,2310.25,False,False,39514.4232
2023-11-07,17.5097,2240.5,2241.0,2263.0,2264.0,2373.0,2378.0,2488.0,2493.0,2583.0,2588.0,2265.0,2253.0,2250.0,2256.5,2269.0,2278.75,2290.25,False,False,39239.2377
2023-11-08,17.5017,2258.0,2258.5,2273.0,2274.0,2383.0,2388.0,2502.0,2507.0,2607.0,2612.0,2263.5,2253.26,2248.5,2254.5,2266.5,2276.75,2288.0,False,False,39527.5894
2023-11-09,17.4888,2227.0,2228.0,2236.0,2236.5,2348.0,2353.0,2463.0,2468.0,2568.0,2573.0,2242.5,2232.0,2227.75,2233.25,2244.75,2255.5,2267.5,False,False,38965.0464
2023-11-10,17.748,2205.0,2205.5,2219.0,2221.0,2342.0,2347.0,2463.0,2468.0,2573.0,2578.0,2215.0,2204.25,2198.75,2205.5,2217.5,2229.0,2241.0,False,False,39143.214
2023-11-11,17.748,2205.0,2205.5,2219.0,2221.0,2342.0,2347.0,2463.0,2468.0,2573.0,2578.0,2215.0,2204.25,2198.75,2205.5,2217.5,2229.0,2241.0,True,True,39143.214
2023-11-12,17.748,2205.0,2205.5,2219.0,2221.0,2342.0,2347.0,2463.0,2468.0,2573.0,2578.0,2215.0,2204.25,2198.75,2205.5,2217.5,2229.0,2241.0,True,True,39143.214
2023-11-13,17.6138,2220.0,2220.5,2222.0,2224.0,2340.0,2345.0,2460.0,2465.0,2565.0,2570.0,2223.5,2207.5,2213.5,2225.25,2237.0,2248.5,2261.0,False,False,39111.4429
2023-11-14,17.3917,2193.5,2194.0,2218.0,2218.5,2337.0,2342.0,2455.0,2460.0,2560.0,2565.0,2231.0,2213.35,2221.25,2232.75,2244.25,2256.25,2268.75,False,False,38157.3898
2023-11-15,17.3387,2204.0,2205.0,2232.5,2233.0,2350.0,2355.0,2468.0,2473.0,2570.0,2575.0,2232.5,2213.0,2222.5,2234.0,2244.0,2255.0,2266.0,False,False,38231.8335
2023-11-16,17.2708,2182.0,2182.5,2219.0,2220.0,2333.0,2338.0,2448.0,2453.0,2550.0,2555.0,2215.5,2192.75,2203.75,2217.0,2227.75,2239.5,2253.0,False,False,37693.521
2023-11-17,17.2175,2164.5,2165.0,2203.0,2203.5,2318.0,2323.0,2438.0,2443.0,2542.0,2547.0,2207.0,2183.75,2195.25,2208.5,2218.5,2231.0,2242.5,False,False,37275.8875
2023-11-18,17.2175,2164.5,2165.0,2203.0,2203.5,2318.0,2323.0,2438.0,2443.0,2542.0,2547.0,2207.0,2183.75,2195.25,2208.5,2218.5,2231.0,2242.5,True,True,37275.8875
2023-11-19,17.2175,2164.5,2165.0,2203.0,2203.5,2318.0,2323.0,2438.0,2443.0,2542.0,2547.0,2207.0,2183.75,2195.25,2208.5,2218.5,2231.0,2242.5,True,True,37275.8875
2023-11-20,17.2175,2191.0,2192.0,2228.0,2228.5,2338.0,2343.0,2455.0,2460.0,2558.0,2563.0,2245.5,2221.0,2232.45,2244.9,2253.4,2265.4,2277.4,False,True,37740.76
2023-11-21,17.2102,2201.0,2201.5,2239.0,2240.0,2348.0,2353.0,2465.0,2470.0,2568.0,2573.0,2258.5,2235.5,2247.0,2258.5,2266.5,2279.0,2291.75,False,False,37888.2553
2023-11-22,17.2133,2194.0,2194.5,2236.5,2237.5,2350.0,2355.0,2465.0,2470.0,2565.0,2570.0,2218.5,2193.5,2206.5,2220.5,2230.25,2243.75,2257.25,False,False,37774.5868
2023-11-23,17.1787,2182.0,2183.0,2220.0,2221.0,2342.0,2347.0,2455.0,2460.0,2558.0,2563.0,2224.5,2201.75,2214.0,2227.5,2237.0,2250.0,2263.31,False,False,37501.1021
2023-11-24,17.1268,2178.5,2179.0,2216.0,2217.0,2337.0,2342.0,2452.0,2457.0,2553.0,2558.0,2216.0,2190.1,2203.35,2218.1,2228.1,2240.6,2253.85,False,False,37319.2972
2023-11-25,17.1268,2178.5,2179.0,2216.0,2217.0,2337.0,2342.0,2452.0,2457.0,2553.0,2558.0,2216.0,2190.1,2203.35,2218.1,2228.1,2240.6,2253.85,True,True,37319.2972
2023-11-26,17.1268,2178.5,2179.0,2216.0,2217.0,2337.0,2342.0,2452.0,2457.0,2553.0,2558.0,2216.0,2190.1,2203.35,2218.1,2228.1,2240.6,2253.85,True,True,37319.2972
2023-11-27,17.1555,2176.0,2177.0,2221.0,2221.5,2340.0,2345.0,2458.0,2463.0,2560.0,2565.0,2210.5,2180.5,2193.75,2209.85,2221.25,2234.45,2246.95,False,False,37347.5235
2023-11-28,17.1357,2164.0,2164.5,2208.0,2209.0,2325.0,2330.0,2445.0,2450.0,2545.0,2550.0,2217.0,2187.75,2200.75,2216.0,2225.9,2238.0,2250.75,False,False,37090.2227
2023-11-29,17.187,2177.5,2178.0,2217.5,2218.5,2333.0,2338.0,2450.0,2455.0,2542.0,2547.0,2214.0,2184.4,2196.75,2212.25,2222.0,2233.25,2245.75,False,False,37433.286
2023-11-30,17.373,2157.0,2157.5,2197.0,2198.0,2315.0,2320.0,2433.0,2438.0,2527.0,2532.0,2193.0,2166.01,2178.25,2192.25,2201.25,2214.0,2226.0,False,False,37482.2475
2023-12-01,17.2143,2147.0,2147.5,2183.0,2185.0,2300.0,2305.0,2420.0,2425.0,2515.0,2520.0,2209.0,2182.25,2196.5,2210.25,2217.5,2229.25,2242.0,False,False,36967.7092
2023-12-02,17.2143,2147.0,2147.5,2183.0,2185.0,2300.0,2305.0,2420.0,2425.0,2515.0,2520.0,2209.0,2182.25,2196.5,2210.25,2217.5,2229.25,2242.0,True,True,36967.7092
2023-12-03,17.2143,2147.0,2147.5,2183.0,2185.0,2300.0,2305.0,2420.0,2425.0,2515.0,2520.0,2209.0,2182.25,2196.5,2210.25,2217.5,2229.25,2242.0,True,True,36967.7092
2023-12-04,17.406,2148.0,2148.5,2187.5,2188.5,2305.0,2310.0,2425.0,2430.0,2518.0,2523.0,2182.0,2151.75,2166.25,2182.0,2190.75,2203.25,2217.0,False,False,37396.791
2023-12-05,17.4215,2121.0,2121.5,2162.0,2162.5,2282.0,2287.0,2405.0,2410.0,2505.0,2510.0,2160.0,2132.0,2145.5,2159.75,2168.25,2181.25,2195.0,False,False,36959.7123
2023-12-06,17.2685,2117.0,2117.5,2156.0,2157.0,2275.0,2280.0,2398.0,2403.0,2498.0,2503.0,2148.5,2118.67,2132.17,2146.92,2156.15,2169.35,2183.1,False,False,36566.0488
2023-12-07,17.4197,2098.5,2099.0,2139.0,2140.0,2258.0,2263.0,2378.0,2383.0,2480.0,2485.0,2132.5,2103.25,2115.0,2130.0,2139.5,2152.5,2166.5,False,False,36563.9503
2023-12-08,17.3688,2110.0,2111.0,2149.5,2150.5,2270.0,2275.0,2393.0,2398.0,2495.0,2500.0,2134.0,2098.51,2112.5,2129.5,2140.75,2154.5,2168.75,False,False,36665.5368
2023-12-09,17.3688,2110.0,2111.0,2149.5,2150.5,2270.0,2275.0,2393.0,2398.0,2495.0,2500.0,2134.0,2098.51,2112.5,2129.5,2140.75,2154.5,2168.75,True,True,36665.5368
2023-12-10,17.3688,2110.0,2111.0,2149.5,2150.5,2270.0,2275.0,2393.0,2398.0,2495.0,2500.0,2134.0,2098.51,2112.5,2129.5,2140.75,2154.5,2168.75,True,True,36665.5368
2023-12-11,17.447,2082.0,2082.5,2126.5,2127.0,2247.0,2252.0,2372.0,2377.0,2473.0,2478.0,2117.0,2075.75,2092.0,2109.0,2121.25,2135.0,2149.25,False,False,36333.3775
2023-12-12,17.447,2090.0,2090.5,2136.0,2136.5,2255.0,2260.0,2380.0,2385.0,2483.0,2488.0,2121.0,2079.5,2096.0,2113.0,2124.75,2138.5,2152.5,False,True,36472.9535
2023-12-13,17.398,2082.5,2083.0,2123.0,2124.0,2243.0,2248.0,2365.0,2370.0,2470.0,2475.0,2140.0,2098.1,2116.6,2133.25,2143.5,2156.75,2170.5,False,False,36240.034
2023-12-14,17.299,2136.0,2137.0,2180.0,2181.0,2298.0,2303.0,2415.0,2420.0,2518.0,2523.0,2210.0,2162.75,2183.75,2204.75,2214.75,2226.75,2242.75,False,False,36967.963
2023-12-15,17.1908,2195.5,2196.0,2248.5,2249.0,2363.0,2368.0,2483.0,2488.0,2582.0,2587.0,2247.5,2207.25,2219.75,2237.75,2249.0,2262.5,2278.0,False,False,37750.9968
2023-12-16,17.1908,2195.5,2196.0,2248.5,2249.0,2363.0,2368.0,2483.0,2488.0,2582.0,2587.0,2247.5,2207.25,2219.75,2237.75,2249.0,2262.5,2278.0,True,True,37750.9968
2023-12-17,17.1908,2195.5,2196.0,2248.5,2249.0,2363.0,2368.0,2483.0,2488.0,2582.0,2587.0,2247.5,2207.25,2219.75,2237.75,2249.0,2262.5,2278.0,True,True,37750.9968
2023-12-18,17.2277,2212.5,2213.0,2261.5,2262.0,2373.0,2378.0,2490.0,2495.0,2590.0,2595.0,2283.0,2254.5,2271.25,2283.25,2297.25,2312.0,2328.5,False,False,38124.9001
2023-12-19,17.0652,2215.0,2215.5,2272.0,2272.5,2383.0,2388.0,2503.0,2508.0,2603.0,2608.0,2262.5,2231.25,2249.25,2262.2,2277.7,2292.45,2308.95,False,False,37807.9506
2023-12-20,17.0673,2191.5,2192.0,2243.0,2243.5,2360.0,2365.0,2478.0,2483.0,2583.0,2588.0,2241.0,2207.76,2226.51,2241.0,2256.5,2271.0,2287.5,False,False,37411.5216
2023-12-21,17.059,2179.0,2180.0,2232.5,2233.0,2348.0,2353.0,2470.0,2475.0,2575.0,2580.0,2244.0,2213.75,2231.25,2245.5,2260.75,2275.25,2291.75,False,False,37188.62
2023-12-22,16.9738,2234.0,2234.5,2279.0,2280.0,2395.0,2400.0,2515.0,2520.0,2622.0,2627.0,2326.0,2298.0,2314.5,2327.25,2341.5,2355.0,2370.5,False,False,37927.9561
2023-12-23,16.9738,2234.0,2234.5,2279.0,2280.0,2395.0,2400.0,2515.0,2520.0,2622.0,2627.0,2326.0,2298.0,2314.5,2327.25,2341.5,2355.0,2370.5,True,True,37927.9561
2023-12-24,16.9738,2234.0,2234.5,2279.0,2280.0,2395.0,2400.0,2515.0,2520.0,2622.0,2627.0,2326.0,2298.0,2314.5,2327.25,2341.5,2355.0,2370.5,True,True,37927.9561
2023-12-25,16.9738,2234.0,2234.5,2279.0,2280.0,2395.0,2400.0,2515.0,2520.0,2622.0,2627.0,2326.0,2298.0,2314.5,2327.25,2341.5,2355.0,2370.5,True,True,37927.9561
2023-12-26,16.9727,2234.0,2234.5,2279.0,2280.0,2395.0,2400.0,2515.0,2520.0,2622.0,2627.0,2326.0,2298.0,2314.5,2327.25,2341.5,2355.0,2370.5,True,False,37925.4982
2023-12-27,16.922,2293.0,2293.5,2345.0,2346.0,2457.0,2462.0,2570.0,2575.0,2670.0,2675.0,2387.0,2354.5,2372.5,2386.0,2401.0,2416.0,2430.0,False,False,38810.607
2023-12-28,16.8935,2313.0,2313.5,2366.0,2367.0,2480.0,2485.0,2595.0,2600.0,2695.0,2700.0,2378.0,2343.25,2362.0,2375.75,2389.0,2402.25,2417.25,False,False,39083.1122
2023-12-29,16.919,2334.5,2335.5,2381.0,2382.0,2495.0,2500.0,2610.0,2615.0,2710.0,2715.0,2384.0,2351.5,2369.0,2381.0,2395.25,2412.25,2424.25,False,False,39514.3245
2023-12-30,16.919,2334.5,2335.5,2381.0,2382.0,2495.0,2500.0,2610.0,2615.0,2710.0,2715.0,2384.0,2351.5,2369.0,2381.0,2395.25,2412.25,2424.25,True,True,39514.3245
2023-12-31,16.919,2334.5,2335.5,2381.0,2382.0,2495.0,2500.0,2610.0,2615.0,2710.0,2715.0,2384.0,2351.5,2369.0,2381.0,2395.25,2412.25,2424.25,True,True,39514.3245
2024-01-01,16.919,2334.5,2335.5,2381.0,2382.0,2495.0,2500.0,2610.0,2615.0,2710.0,2715.0,2384.0,2351.5,2369.0,2381.0,2395.25,2412.25,2424.25,True,True,39514.3245
2024-01-02,17.0297,2336.0,2336.5,2378.0,2379.0,2603.0,2608.0,2708.0,2713.0,2803.0,2808.0,2335.5,2296.97,2315.47,2328.97,2343.01,2357.26,2372.51,False,False,39789.894
2024-01-03,17.0492,2255.0,2255.5,2301.0,2302.0,2532.0,2537.0,2637.0,2642.0,2732.0,2737.0,2312.5,2271.75,2291.25,2305.5,2320.25,2334.5,2351.0,False,False,38454.4706
2024-01-04,17.0458,2235.0,2235.5,2286.0,2287.0,2530.0,2535.0,2650.0,2655.0,2760.0,2765.0,2281.0,2239.06,2259.06,2273.5,2288.0,2303.0,2319.5,False,False,38105.8859
2024-01-05,16.8987,2215.0,2215.5,2262.0,2263.0,2510.0,2515.0,2625.0,2630.0,2740.0,2745.0,2273.5,2231.75,2251.5,2265.25,2280.0,2294.25,2311.0,False,False,37439.0699
2024-01-06,16.8987,2215.0,2215.5,2262.0,2263.0,2510.0,2515.0,2625.0,2630.0,2740.0,2745.0,2273.5,2231.75,2251.5,2265.25,2280.0,2294.25,2311.0,True,True,37439.0699
2024-01-07,16.8987,2215.0,2215.5,2262.0,2263.0,2510.0,2515.0,2625.0,2630.0,2740.0,2745.0,2273.5,2231.75,2251.5,2265.25,2280.0,2294.25,2311.0,True,True,37439.0699
2024-01-08,16.8133,2205.0,2205.5,2252.0,2253.0,2508.0,2513.0,2623.0,2628.0,2738.0,2743.0,2236.5,2192.0,2211.5,2225.25,2240.25,2254.75,2271.75,False,False,37081.7332
2024-01-09,16.9347,2199.0,2200.0,2246.0,2247.0,2508.0,2513.0,2628.0,2633.0,2748.0,2753.0,2249.5,2207.24,2226.99,2238.49,2252.99,2267.24,2283.99,False,False,37256.34
2024-01-10,16.9912,2203.0,2204.0,2244.0,2245.0,2505.0,2510.0,2623.0,2628.0,2743.0,2748.0,2232.5,2190.73,2212.23,2220.75,2235.25,2249.25,2266.0,False,False,37448.6048
2024-01-11,16.9898,2202.5,2203.0,2244.0,2245.0,2500.0,2505.0,2612.0,2617.0,2732.0,2737.0,2235.0,2188.5,2213.0,2223.0,2238.0,2252.5,2269.5,False,False,37428.5294
2024-01-12,16.858,2174.5,2175.0,2222.5,2223.5,2480.0,2485.0,2590.0,2595.0,2705.0,2710.0,2219.5,2172.25,2198.0,2206.75,2221.75,2236.0,2253.0,False,False,36666.15
2024-01-13,16.858,2174.5,2175.0,2222.5,2223.5,2480.0,2485.0,2590.0,2595.0,2705.0,2710.0,2219.5,2172.25,2198.0,2206.75,2221.75,2236.0,2253.0,True,True,36666.15
2024-01-14,16.858,2174.5,2175.0,2222.5,2223.5,2480.0,2485.0,2590.0,2595.0,2705.0,2710.0,2219.5,2172.25,2198.0,2206.75,2221.75,2236.0,2253.0,True,True,36666.15
2024-01-15,16.8983,2152.5,2153.0,2204.0,2205.0,2462.0,2467.0,2580.0,2585.0,2695.0,2700.0,2204.5,2180.4,2189.4,2204.1,2218.6,2235.1,2248.85,False,False,36382.0399
2024-01-16,17.1598,2158.0,2158.5,2205.0,2207.0,2460.0,2465.0,2578.0,2583.0,2693.0,2698.0,2214.0,2188.5,2198.25,2212.0,2225.75,2242.75,2256.25,False,False,37039.4283
2024-01-17,17.2957,2141.5,2142.0,2189.0,2189.5,2445.0,2450.0,2565.0,2570.0,2685.0,2690.0,2178.0,2154.25,2163.75,2178.0,2192.0,2208.75,2222.25,False,False,37047.3894
2024-01-18,17.1995,2130.0,2130.5,2175.0,2176.0,2430.0,2435.0,2550.0,2555.0,2660.0,2665.0,2163.5,2138.24,2149.99,2164.25,2178.0,2194.55,2208.05,False,False,36643.5348
2024-01-19,17.1325,2121.0,2122.0,2164.0,2164.5,2420.0,2425.0,2535.0,2540.0,2643.0,2648.0,2166.0,2141.25,2152.75,2166.5,2180.0,2196.5,2210.0,False,False,36355.165
2024-01-20,17.1325,2121.0,2122.0,2164.0,2164.5,2420.0,2425.0,2535.0,2540.0,2643.0,2648.0,2166.0,2141.25,2152.75,2166.5,2180.0,2196.5,2210.0,True,True,36355.165
2024-01-21,17.1325,2121.0,2122.0,2164.0,2164.5,2420.0,2425.0,2535.0,2540.0,2643.0,2648.0,2166.0,2141.25,2152.75,2166.5,2180.0,2196.5,2210.0,True,True,36355.165
2024-01-22,17.1125,2109.5,2110.0,2153.0,2154.0,2403.0,2408.0,2523.0,2528.0,2630.0,2635.0,2159.0,2133.04,2144.14,2157.45,2171.53,2188.03,2202.03,False,False,36107.375
2024-01-23,17.352,2144.5,2145.0,2185.0,2185.5,2433.0,2438.0,2553.0,2558.0,2668.0,2673.0,2228.0,2206.72,2215.28,2227.01,2240.39,2255.97,2268.47,False,False,37220.04
2024-01-24,17.1673,2207.0,2207.5,2243.0,2244.0,2480.0,2485.0,2585.0,2590.0,2685.0,2690.0,2229.5,2207.78,2216.7,2228.45,2242.14,2258.39,2270.39,False,False,37896.8148
2024-01-25,17.2375,2188.0,2188.5,2228.0,2230.0,2470.0,2475.0,2575.0,2580.0,2675.0,2680.0,2238.5,2217.16,2225.75,2237.13,2251.36,2268.11,2281.11,False,False,37724.2688
2024-01-26,17.1657,2211.5,2212.0,2249.0,2250.0,2493.0,2498.0,2593.0,2598.0,2675.0,2680.0,2274.5,2252.86,2262.22,2273.42,2287.12,2303.87,2316.62,False,False,37970.5284
2024-01-27,17.1657,2211.5,2212.0,2249.0,2250.0,2493.0,2498.0,2593.0,2598.0,2675.0,2680.0,2274.5,2252.86,2262.22,2273.42,2287.12,2303.87,2316.62,True,True,37970.5284
2024-01-28,17.1657,2211.5,2212.0,2249.0,2250.0,2493.0,2498.0,2593.0,2598.0,2675.0,2680.0,2274.5,2252.86,2262.22,2273.42,2287.12,2303.87,2316.62,True,True,37970.5284
2024-01-29,17.2333,2213.5,2214.0,2249.0,2251.0,2488.0,2493.0,2583.0,2588.0,2665.0,2670.0,2264.5,2239.63,2250.17,2260.92,2274.82,2291.82,2305.0,False,False,38154.5262
2024-01-30,17.1932,2226.0,2226.5,2264.5,2265.0,2502.0,2507.0,2597.0,2602.0,2672.0,2677.0,2274.5,2248.26,2260.3,2270.91,2284.01,2301.26,2314.26,False,False,38280.6598
2024-01-31,17.1633,2231.5,2232.0,2270.0,2270.5,2507.0,2512.0,2605.0,2610.0,2685.0,2690.0,2280.0,2252.35,2264.92,2276.51,2289.11,2305.92,2318.92,False,False,38308.4856
2024-02-01,17.1335,2212.0,2212.5,2250.5,2251.0,2485.0,2490.0,2585.0,2590.0,2670.0,2675.0,2247.0,2217.5,2230.42,2242.54,2255.11,2271.86,2284.86,False,False,37907.8688
2024-02-02,17.1447,2208.5,2209.5,2245.5,2246.0,2475.0,2480.0,2572.0,2577.0,2670.0,2675.0,2233.5,2206.05,2216.55,2228.59,2240.93,2257.43,2270.43,False,False,37881.2146
2024-02-03,17.1447,2208.5,2209.5,2245.5,2246.0,2475.0,2480.0,2572.0,2577.0,2670.0,2675.0,2233.5,2206.05,2216.55,2228.59,2240.93,2257.43,2270.43,True,True,37881.2146
2024-02-04,17.1447,2208.5,2209.5,2245.5,2246.0,2475.0,2480.0,2572.0,2577.0,2670.0,2675.0,2233.5,2206.05,2216.55,2228.59,2240.93,2257.43,2270.43,True,True,37881.2146
2024-02-05,17.1447,2183.0,2183.5,2219.0,2219.5,2445.0,2450.0,2543.0,2548.0,2633.0,2638.0,2212.5,2183.09,2191.18,2204.12,2216.86,2233.36,2246.11,False,True,37435.4524
2024-02-06,17.0357,2184.0,2184.5,2220.0,2221.0,2450.0,2455.0,2548.0,2553.0,2638.0,2643.0,2230.5,2203.86,2209.17,2221.89,2234.37,2250.87,2263.37,False,False,37214.4866
2024-02-07,17.0398,2195.0,2195.5,2228.0,2230.0,2453.0,2458.0,2553.0,2558.0,2648.0,2653.0,2222.0,2202.99,2203.35,2213.88,2225.8,2241.6,2253.6,False,False,37410.8809
2024-02-08,17.1023,2214.0,2214.5,2237.0,2238.0,2458.0,2463.0,2555.0,2560.0,2645.0,2650.0,2221.5,2197.2,2199.71,2212.03,2224.87,2241.5,2254.25,False,False,37873.0434
2024-02-09,17.0855,2179.5,2180.5,2212.0,2213.0,2438.0,2443.0,2533.0,2538.0,2623.0,2628.0,2216.0,2190.83,2195.31,2206.37,2218.58,2233.99,2246.74,False,False,37254.9328
2024-02-10,17.0855,2179.5,2180.5,2212.0,2213.0,2438.0,2443.0,2533.0,2538.0,2623.0,2628.0,2216.0,2190.83,2195.31,2206.37,2218.58,2233.99,2246.74,True,True,37254.9328
2024-02-11,17.0855,2179.5,2180.5,2212.0,2213.0,2438.0,2443.0,2533.0,2538.0,2623.0,2628.0,2216.0,2190.83,2195.31,2206.37,2218.58,2233.99,2246.74,True,True,37254.9328
2024-02-12,17.068,2187.5,2188.0,2214.0,2216.0,2440.0,2445.0,2535.0,2540.0,2625.0,2630.0,2227.0,2204.1,2205.23,2215.66,2226.85,2242.1,2253.85,False,False,37344.784
2024-02-13,17.1982,2203.0,2204.0,2232.0,2234.0,2452.0,2457.0,2545.0,2550.0,2632.0,2637.0,2225.5,2201.72,2203.7,2214.48,2225.66,2241.41,2254.16,False,False,37904.8328
2024-02-14,17.1105,2193.0,2194.0,2222.0,2223.0,2447.0,2452.0,2543.0,2548.0,2633.0,2638.0,2235.5,2214.28,2215.65,2224.99,2235.15,2249.65,2261.9,False,False,37540.437
2024-02-15,17.068,2204.5,2205.0,2225.5,2226.0,2445.0,2450.0,2543.0,2548.0,2628.0,2633.0,2224.5,2199.16,2201.89,2212.84,2224.5,2239.5,2252.0,False,False,37634.94
2024-02-16,17.0602,2202.0,2203.0,2230.0,2232.0,2452.0,2457.0,2552.0,2557.0,2637.0,2642.0,2218.0,2199.27,2197.66,2208.02,2218.35,2232.99,2245.1,False,False,37583.6206
2024-02-17,17.0602,2202.0,2203.0,2230.0,2232.0,2452.0,2457.0,2552.0,2557.0,2637.0,2642.0,2218.0,2199.27,2197.66,2208.02,2218.35,2232.99,2245.1,True,True,37583.6206
2024-02-18,17.0602,2202.0,2203.0,2230.0,2232.0,2452.0,2457.0,2552.0,2557.0,2637.0,2642.0,2218.0,2199.27,2197.66,2208.02,2218.35,2232.99,2245.1,True,True,37583.6206
2024-02-19,17.05,2184.5,2185.0,2203.0,2203.5,2422.0,2427.0,2512.0,2517.0,2592.0,2597.0,2197.0,2175.3,2185.22,2195.55,2210.18,2222.18,2237.68,False,False,37254.25
2024-02-20,17.0458,2147.0,2147.5,2183.0,2183.5,2400.0,2405.0,2493.0,2498.0,2585.0,2590.0,2193.5,2171.03,2181.6,2191.64,2206.03,2218.78,2233.53,False,False,36605.8555
2024-02-21,17.0603,2211.0,2211.5,2253.0,2254.0,2463.0,2468.0,2560.0,2565.0,2647.0,2652.0,2219.5,2195.84,2207.55,2217.61,2232.49,2244.49,2259.24,False,False,37728.8534
2024-02-22,17.121,2178.0,2178.5,2223.0,2223.5,2440.0,2445.0,2530.0,2535.0,2607.0,2612.0,2198.0,2170.55,2184.67,2195.92,2211.15,2223.4,2239.17,False,False,37298.0985
2024-02-23,17.126,2156.5,2157.0,2196.5,2197.0,2415.0,2420.0,2515.0,2520.0,2600.0,2605.0,2180.0,2151.41,2164.59,2177.04,2192.76,2205.01,2221.01,False,False,36940.782
2024-02-24,17.126,2156.5,2157.0,2196.5,2197.0,2415.0,2420.0,2515.0,2520.0,2600.0,2605.0,2180.0,2151.41,2164.59,2177.04,2192.76,2205.01,2221.01,True,True,36940.782
2024-02-25,17.126,2156.5,2157.0,2196.5,2197.0,2415.0,2420.0,2515.0,2520.0,2600.0,2605.0,2180.0,2151.41,2164.59,2177.04,2192.76,2205.01,2221.01,True,True,36940.782
2024-02-26,17.126,2140.0,2140.5,2185.0,2185.5,2402.0,2407.0,2492.0,2497.0,2577.0,2582.0,2180.0,2146.85,2160.58,2174.2,2189.77,2202.27,2218.27,False,False,36658.203
2024-02-27,17.0605,2145.0,2146.0,2198.0,2198.5,2413.0,2418.0,2512.0,2517.0,2597.0,2602.0,2191.5,2157.64,2171.38,2185.13,2201.07,2213.57,2229.57,False,False,36611.833
2024-02-28,17.0962,2129.5,2130.0,2180.0,2181.0,2398.0,2403.0,2495.0,2500.0,2580.0,2585.0,2190.5,2158.2,2170.91,2184.45,2199.65,2211.75,2227.75,False,False,36414.906
2024-02-29,17.0633,2162.5,2163.0,2206.5,2207.0,2420.0,2425.0,2513.0,2518.0,2603.0,2608.0,2228.0,2197.22,2208.67,2221.71,2237.02,2249.52,2265.52,False,False,36907.9179
2024-03-01,17.0217,2183.0,2183.5,2221.0,2222.0,2433.0,2438.0,2523.0,2528.0,2608.0,2613.0,2245.0,2216.35,2226.68,2239.0,2254.11,2266.11,2281.96,False,False,37166.8819
2024-03-02,17.0217,2183.0,2183.5,2221.0,2222.0,2433.0,2438.0,2523.0,2528.0,2608.0,2613.0,2245.0,2216.35,2226.68,2239.0,2254.11,2266.11,2281.96,True,True,37166.8819
2024-03-03,17.0217,2183.0,2183.5,2221.0,2222.0,2433.0,2438.0,2523.0,2528.0,2608.0,2613.0,2245.0,2216.35,2226.68,2239.0,2254.11,2266.11,2281.96,True,True,37166.8819
2024-03-04,16.9828,2182.0,2182.5,2225.5,2226.0,2433.0,2438.0,2525.0,2530.0,2590.0,2595.0,2234.0,2201.72,2213.67,2226.01,2241.28,2253.53,2269.28,False,False,37064.961
2024-03-05,16.9257,2191.0,2191.5,2233.0,2234.0,2443.0,2448.0,2538.0,2543.0,2623.0,2628.0,2228.5,2194.11,2206.94,2219.75,2234.85,2247.35,2262.85,False,False,37092.6716
2024-03-06,16.8728,2187.0,2187.5,2230.5,2231.0,2440.0,2445.0,2530.0,2535.0,2613.0,2618.0,2235.0,2198.95,2212.43,2225.35,2240.89,2253.59,2269.49,False,False,36909.25
2024-03-07,16.877,2209.5,2210.0,2255.0,2255.5,2462.0,2467.0,2553.0,2558.0,2643.0,2648.0,2253.0,2214.7,2228.6,2242.15,2257.98,2270.98,2286.98,False,False,37298.17
2024-03-08,16.7985,2208.5,2209.0,2256.0,2257.0,2463.0,2468.0,2555.0,2560.0,2637.0,2642.0,2240.0,2201.0,2214.95,2228.74,2245.4,2258.39,2274.19,False,False,37107.8865
2024-03-09,16.7985,2208.5,2209.0,2256.0,2257.0,2463.0,2468.0,2555.0,2560.0,2637.0,2642.0,2240.0,2201.0,2214.95,2228.74,2245.4,2258.39,2274.19,True,True,37107.8865
2024-03-10,16.7985,2208.5,2209.0,2256.0,2257.0,2463.0,2468.0,2555.0,2560.0,2637.0,2642.0,2240.0,2201.0,2214.95,2228.74,2245.4,2258.39,2274.19,True,True,37107.8865
2024-03-11,16.8083,2201.5,2202.0,2242.0,2243.0,2448.0,2453.0,2540.0,2545.0,2620.0,2625.0,2259.0,2218.4,2231.42,2245.57,2261.91,2274.42,2290.42,False,False,37011.8766
2024-03-12,16.8272,2213.0,2213.5,2262.0,2263.0,2468.0,2473.0,2553.0,2558.0,2623.0,2628.0,2265.0,2223.19,2236.38,2251.05,2267.74,2282.74,2299.24,False,False,37247.0072
2024-03-13,16.7127,2223.0,2224.0,2269.0,2270.0,2480.0,2485.0,2573.0,2578.0,2653.0,2658.0,2264.0,2221.89,2235.89,2249.66,2266.14,2279.89,2295.39,False,False,37169.0448
2024-03-14,16.692,2204.0,2205.0,2254.5,2255.0,2463.0,2468.0,2552.0,2557.0,2642.0,2647.0,2251.5,2206.76,2222.74,2237.18,2253.49,2266.49,2282.49,False,False,36805.86
2024-03-15,16.71,2218.0,2218.5,2270.5,2271.5,2480.0,2485.0,2570.0,2575.0,2652.0,2657.0,2274.5,2226.37,2245.38,2259.55,2276.02,2289.52,2305.75,False,False,37071.135
2024-03-16,16.71,2218.0,2218.5,2270.5,2271.5,2480.0,2485.0,2570.0,2575.0,2652.0,2657.0,2274.5,2226.37,2245.38,2259.55,2276.02,2289.52,2305.75,True,True,37071.135
2024-03-17,16.71,2218.0,2218.5,2270.5,2271.5,2480.0,2485.0,2570.0,2575.0,2652.0,2657.0,2274.5,2226.37,2245.38,2259.55,2276.02,2289.52,2305.75,True,True,37071.135
2024-03-18,16.71,2224.0,2224.5,2272.0,2272.5,2477.0,2482.0,2568.0,2573.0,2650.0,2655.0,2277.5,2246.96,2260.99,2277.76,2291.51,2308.51,2322.76,False,True,37171.395
2024-03-19,16.8523,2202.0,2202.5,2254.0,2255.0,2467.0,2472.0,2560.0,2565.0,2640.0,2645.0,2269.0,2238.64,2252.73,2269.0,2282.75,2299.25,2313.0,False,False,37117.1908
2024-03-20,16.759,2231.0,2231.5,2282.5,2283.0,2495.0,2500.0,2593.0,2598.0,2673.0,2678.0,2273.0,2243.8,2258.02,2273.17,2286.6,2303.17,2316.85,False,False,37397.7085
2024-03-21,16.762,2263.0,2264.0,2311.5,2312.0,2518.0,2523.0,2610.0,2615.0,2685.0,2690.0,2301.5,2272.09,2285.98,2301.44,2314.79,2330.79,2343.79,False,False,37949.168
2024-03-22,16.7367,2246.0,2246.5,2294.5,2295.0,2500.0,2505.0,2590.0,2595.0,2663.0,2668.0,2309.0,2281.22,2294.97,2309.88,2323.29,2339.29,2351.79,False,False,37598.9965
2024-03-23,16.7367,2246.0,2246.5,2294.5,2295.0,2500.0,2505.0,2590.0,2595.0,2663.0,2668.0,2309.0,2281.22,2294.97,2309.88,2323.29,2339.29,2351.79,True,True,37598.9965
2024-03-24,16.7367,2246.0,2246.5,2294.5,2295.0,2500.0,2505.0,2590.0,2595.0,2663.0,2668.0,2309.0,2281.22,2294.97,2309.88,2323.29,2339.29,2351.79,True,True,37598.9965
2024-03-25,16.7032,2267.0,2267.5,2318.5,2319.0,2523.0,2528.0,2613.0,2618.0,2688.0,2693.0,2326.0,2294.38,2308.76,2324.1,2337.33,2353.23,2365.83,False,False,37874.506
2024-03-26,16.678,2275.0,2275.5,2324.0,2324.5,2523.0,2528.0,2613.0,2618.0,2688.0,2693.0,2303.5,2270.03,2284.89,2300.59,2314.53,2331.03,2345.03,False,False,37950.789
2024-03-27,16.5323,2237.5,2238.0,2286.0,2287.0,2492.0,2497.0,2583.0,2588.0,2653.0,2658.0,2298.5,2264.53,2279.58,2295.08,2309.14,2326.14,2340.39,False,False,36999.2874
2024-03-28,16.5323,2269.5,2270.0,2310.0,2311.0,2520.0,2525.0,2617.0,2622.0,2692.0,2697.0,2337.0,2306.92,2320.98,2334.64,2347.85,2364.35,2377.85,False,True,37528.321
2024-03-29,16.5323,2269.5,2270.0,2310.0,2311.0,2520.0,2525.0,2617.0,2622.0,2692.0,2697.0,2337.0,2306.92,2320.98,2334.64,2347.85,2364.35,2377.85,True,True,37528.321
2024-03-30,16.5323,2269.5,2270.0,2310.0,2311.0,2520.0,2525.0,2617.0,2622.0,2692.0,2697.0,2337.0,2306.92,2320.98,2334.64,2347.85,2364.35,2377.85,True,True,37528.321
2024-03-31,16.5323,2269.5,2270.0,2310.0,2311.0,2520.0,2525.0,2617.0,2622.0,2692.0,2697.0,2337.0,2306.92,2320.98,2334.64,2347.85,2364.35,2377.85,True,True,37528.321
2024-04-01,16.6578,2269.5,2270.0,2310.0,2311.0,2520.0,2525.0,2617.0,2622.0,2692.0,2697.0,2337.0,2306.92,2320.98,2334.64,2347.85,2364.35,2377.85,True,False,37813.206
2024-04-02,16.5673,2322.0,2322.5,2362.5,2363.0,2563.0,2568.0,2657.0,2662.0,2728.0,2733.0,2380.0,2347.83,2362.34,2375.32,2388.39,2404.5,2417.25,False,False,38477.5542
2024-04-03,16.5415,2333.5,2334.0,2378.0,2380.0,2580.0,2585.0,2673.0,2678.0,2733.0,2738.0,2429.0,2397.05,2411.38,2424.72,2437.15,2452.15,2464.65,False,False,38607.861
2024-04-04,16.5173,2394.0,2394.5,2439.0,2440.0,2618.0,2623.0,2695.0,2700.0,2725.0,2730.0,2444.5,2411.3,2426.0,2440.5,2451.96,2465.96,2478.46,False,False,39550.6748
2024-04-05,16.4758,2390.5,2391.0,2432.0,2433.0,2608.0,2613.0,2688.0,2693.0,2733.0,2738.0,2450.5,2418.93,2433.72,2447.58,2458.93,2472.43,2483.5,False,False,39393.6378
2024-04-06,16.4758,2390.5,2391.0,2432.0,2433.0,2608.0,2613.0,2688.0,2693.0,2733.0,2738.0,2450.5,2418.93,2433.72,2447.58,2458.93,2472.43,2483.5,True,True,39393.6378
2024-04-07,16.4758,2390.5,2391.0,2432.0,2433.0,2608.0,2613.0,2688.0,2693.0,2733.0,2738.0,2450.5,2418.93,2433.72,2447.58,2458.93,2472.43,2483.5,True,True,39393.6378
2024-04-08,16.3357,2415.0,2417.0,2461.5,2462.0,2640.0,2645.0,2720.0,2725.0,2765.0,2770.0,2460.5,2421.11,2436.76,2453.41,2466.07,2480.07,2492.32,False,False,39483.3869
2024-04-09,16.3932,2402.5,2403.0,2454.0,2454.5,2630.0,2635.0,2713.0,2718.0,2765.0,2770.0,2460.0,2414.6,2431.6,2449.15,2464.61,2480.61,2495.61,False,False,39392.8596
2024-04-10,16.4883,2428.5,2429.0,2484.0,2485.0,2657.0,2662.0,2738.0,2743.0,2798.0,2803.0,2456.0,2409.87,2427.7,2444.69,2458.53,2473.53,2488.53,False,False,40050.0807
2024-04-11,16.4583,2409.5,2410.5,2459.0,2460.0,2625.0,2630.0,2705.0,2710.0,2758.0,2763.0,2454.0,2406.83,2424.38,2441.7,2455.93,2471.93,2485.93,False,False,39672.7322
2024-04-12,16.6693,2442.5,2443.0,2495.0,2496.0,2650.0,2655.0,2715.0,2720.0,2770.0,2775.0,2494.0,2448.92,2466.64,2483.5,2495.56,2511.06,2524.26,False,False,40723.0999
2024-04-13,16.6693,2442.5,2443.0,2495.0,2496.0,2650.0,2655.0,2715.0,2720.0,2770.0,2775.0,2494.0,2448.92,2466.64,2483.5,2495.56,2511.06,2524.26,True,True,40723.0999
2024-04-14,16.6693,2442.5,2443.0,2495.0,2496.0,2650.0,2655.0,2715.0,2720.0,2770.0,2775.0,2494.0,2448.92,2466.64,2483.5,2495.56,2511.06,2524.26,True,True,40723.0999
2024-04-15,16.6815,2520.0,2520.5,2546.0,2548.0,2680.0,2685.0,2735.0,2740.0,2770.0,2775.0,2555.0,2531.89,2545.38,2554.41,2568.59,2581.59,2593.09,False,False,42045.7208
2024-04-16,17.0252,2511.0,2512.0,2534.0,2535.0,2677.0,2682.0,2712.0,2717.0,2747.0,2752.0,2561.5,2536.78,2551.13,2561.38,2576.29,2589.04,2601.54,False,False,42767.3024
2024-04-17,16.9948,2580.0,2581.0,2563.0,2565.0,2687.0,2692.0,2732.0,2737.0,2762.0,2767.0,2587.0,2569.39,2577.16,2587.0,2600.5,2611.5,2620.0,False,False,43863.5788
2024-04-18,17.1145,2599.5,2600.0,2591.5,2592.0,2693.0,2698.0,2720.0,2725.0,2720.0,2725.0,2614.5,2599.8,2607.09,2615.97,2627.61,2638.11,2645.36,False,False,44497.7
2024-04-19,17.212,2645.0,2645.5,2654.5,2655.0,2742.0,2747.0,2752.0,2757.0,2722.0,2727.0,2669.0,2653.87,2662.49,2671.36,2680.55,2690.51,2697.51,False,False,45534.346
2024-04-20,17.212,2645.0,2645.5,2654.5,2655.0,2742.0,2747.0,2752.0,2757.0,2722.0,2727.0,2669.0,2653.87,2662.49,2671.36,2680.55,2690.51,2697.51,True,True,45534.346
2024-04-21,17.212,2645.0,2645.5,2654.5,2655.0,2742.0,2747.0,2752.0,2757.0,2722.0,2727.0,2669.0,2653.87,2662.49,2671.36,2680.55,2690.51,2697.51,True,True,45534.346
2024-04-22,17.1243,2653.0,2654.0,2660.0,2660.5,2725.0,2730.0,2725.0,2730.0,2705.0,2710.0,2670.5,2653.43,2662.67,2674.16,2683.5,2692.67,2699.67,False,False,45447.8922
2024-04-23,16.9995,2583.0,2585.0,2585.0,2585.5,2683.0,2688.0,2693.0,2698.0,2693.0,2698.0,2579.0,2560.59,2570.74,2582.11,2593.63,2605.13,2614.38,False,False,43943.7075
2024-04-24,17.1098,2585.0,2585.5,2598.0,2598.5,2685.0,2690.0,2715.0,2720.0,2730.0,2735.0,2603.0,2585.22,2593.89,2605.22,2616.24,2626.24,2634.74,False,False,44237.3879
2024-04-25,17.1883,2586.0,2586.5,2609.5,2610.0,2712.0,2717.0,2737.0,2742.0,2732.0,2737.0,2563.5,2541.42,2551.11,2563.25,2576.2,2587.0,2596.5,False,False,44457.538
2024-04-26,17.1552,2559.0,2559.5,2586.5,2587.0,2688.0,2693.0,2703.0,2708.0,2713.0,2718.0,2569.5,2544.92,2557.42,2568.85,2582.21,2593.21,2602.5,False,False,43908.7344
2024-04-27,17.1552,2559.0,2559.5,2586.5,2587.0,2688.0,2693.0,2703.0,2708.0,2713.0,2718.0,2569.5,2544.92,2557.42,2568.85,2582.21,2593.21,2602.5,True,True,43908.7344
2024-04-28,17.1552,2559.0,2559.5,2586.5,2587.0,2688.0,2693.0,2703.0,2708.0,2713.0,2718.0,2569.5,2544.92,2557.42,2568.85,2582.21,2593.21,2602.5,True,True,43908.7344
2024-04-29,17.0243,2536.0,2536.5,2567.0,2568.0,2680.0,2685.0,2695.0,2700.0,2705.0,2710.0,2590.0,2561.17,2574.88,2587.76,2599.65,2610.65,2619.25,False,False,43182.137
2024-04-30,17.0958,2544.5,2545.0,2575.5,2576.5,2682.0,2687.0,2687.0,2692.0,2703.0,2708.0,2591.5,2565.69,2578.03,2589.35,2599.64,2609.39,2618.39,False,False,43508.811
2024-05-01,17.0958,2554.0,2554.5,2568.0,2570.0,2673.0,2678.0,2708.0,2713.0,2725.0,2730.0,2577.5,2547.86,2561.11,2573.06,2585.54,2597.11,2608.61,False,True,43671.2211
2024-05-02,16.9393,2509.0,2510.0,2552.5,2553.5,2682.0,2687.0,2717.0,2722.0,2742.0,2747.0,2528.0,2491.18,2506.76,2521.5,2535.49,2548.49,2560.99,False,False,42517.643
2024-05-03,17.0042,2516.0,2517.0,2545.0,2545.5,2687.0,2692.0,2728.0,2733.0,2763.0,2768.0,2551.5,2511.06,2527.86,2543.39,2558.47,2571.06,2584.06,False,False,42799.5714
2024-05-04,17.0042,2516.0,2517.0,2545.0,2545.5,2687.0,2692.0,2728.0,2733.0,2763.0,2768.0,2551.5,2511.06,2527.86,2543.39,2558.47,2571.06,2584.06,True,True,42799.5714
2024-05-05,17.0042,2516.0,2517.0,2545.0,2545.5,2687.0,2692.0,2728.0,2733.0,2763.0,2768.0,2551.5,2511.06,2527.86,2543.39,2558.47,2571.06,2584.06,True,True,42799.5714
2024-05-06,16.8947,2516.0,2517.0,2545.0,2545.5,2687.0,2692.0,2728.0,2733.0,2763.0,2768.0,2551.5,2511.06,2527.86,2543.39,2558.47,2571.06,2584.06,True,False,42523.9599
2024-05-07,16.9083,2512.0,2512.5,2557.5,2558.5,2690.0,2695.0,2725.0,2730.0,2760.0,2765.0,2569.5,2522.84,2541.62,2558.09,2574.5,2588.0,2603.0,False,False,42482.1038
2024-05-08,16.9087,2487.0,2488.0,2529.5,2530.0,2668.0,2673.0,2703.0,2708.0,2733.0,2738.0,2549.0,2501.04,2520.6,2537.4,2552.86,2566.6,2578.1,False,False,42068.8456
2024-05-09,16.866,2492.0,2494.0,2540.5,2541.0,2670.0,2675.0,2712.0,2717.0,2742.0,2747.0,2561.5,2513.56,2532.6,2549.65,2564.76,2579.25,2591.25,False,False,42063.804
2024-05-10,16.769,2514.0,2515.0,2552.0,2554.0,2675.0,2680.0,2715.0,2720.0,2745.0,2750.0,2529.5,2482.15,2501.9,2518.82,2532.41,2547.16,2559.16,False,False,42174.035
2024-05-11,16.769,2514.0,2515.0,2552.0,2554.0,2675.0,2680.0,2715.0,2720.0,2745.0,2750.0,2529.5,2482.15,2501.9,2518.82,2532.41,2547.16,2559.16,True,True,42174.035
2024-05-12,16.769,2514.0,2515.0,2552.0,2554.0,2675.0,2680.0,2715.0,2720.0,2745.0,2750.0,2529.5,2482.15,2501.9,2518.82,2532.41,2547.16,2559.16,True,True,42174.035
2024-05-13,16.8072,2509.0,2510.0,2549.0,2550.0,2680.0,2685.0,2712.0,2717.0,2742.0,2747.0,2542.0,2514.35,2531.84,2544.61,2560.95,2574.45,2590.84,False,False,42186.072
2024-05-14,16.846,2477.0,2477.5,2536.0,2538.0,2675.0,2680.0,2703.0,2708.0,2733.0,2738.0,2551.0,2522.62,2540.65,2554.64,2570.14,2583.14,2599.64,False,False,41735.965
2024-05-15,16.6782,2529.0,2529.5,2575.0,2577.0,2715.0,2720.0,2748.0,2753.0,2773.0,2778.0,2598.5,2572.19,2589.44,2601.48,2616.57,2628.57,2644.22,False,False,42187.5069
2024-05-16,16.6893,2537.5,2538.5,2594.0,2594.5,2723.0,2728.0,2753.0,2758.0,2758.0,2763.0,2586.5,2559.09,2577.85,2589.98,2605.34,2618.34,2633.5,False,False,42365.788
2024-05-17,16.6217,2543.5,2544.0,2597.5,2598.0,2727.0,2732.0,2747.0,2752.0,2753.0,2758.0,2612.0,2584.23,2603.73,2614.52,2630.03,2643.03,2658.03,False,False,42285.6048
2024-05-18,16.6217,2543.5,2544.0,2597.5,2598.0,2727.0,2732.0,2747.0,2752.0,2753.0,2758.0,2612.0,2584.23,2603.73,2614.52,2630.03,2643.03,2658.03,True,True,42285.6048
2024-05-19,16.6217,2543.5,2544.0,2597.5,2598.0,2727.0,2732.0,2747.0,2752.0,2753.0,2758.0,2612.0,2584.23,2603.73,2614.52,2630.03,2643.03,2658.03,True,True,42285.6048
2024-05-20,16.5668,2567.5,2568.0,2622.0,2622.5,2738.0,2743.0,2738.0,2743.0,2713.0,2718.0,2630.0,2598.71,2618.46,2629.75,2645.54,2657.04,2672.04,False,False,42543.5424
2024-05-21,16.6138,2643.0,2645.0,2703.5,2704.0,2815.0,2820.0,2795.0,2800.0,2730.0,2735.0,2725.5,2696.39,2715.92,2725.5,2741.03,2752.28,2766.28,False,False,43943.501
2024-05-22,16.6405,2624.0,2625.0,2672.5,2673.0,2772.0,2777.0,2742.0,2747.0,2672.0,2677.0,2636.5,2602.84,2623.84,2636.39,2653.6,2667.5,2684.0,False,False,43681.3125
2024-05-23,16.6945,2550.0,2551.0,2602.0,2602.5,2720.0,2725.0,2705.0,2710.0,2665.0,2670.0,2621.5,2588.03,2609.0,2621.35,2637.31,2651.06,2667.81,False,False,42587.6695
2024-05-24,16.7023,2598.0,2599.0,2649.0,2650.0,2768.0,2773.0,2763.0,2768.0,2738.0,2743.0,2662.0,2632.09,2650.34,2662.55,2676.43,2690.43,2704.93,False,False,43409.2777
2024-05-25,16.7023,2598.0,2599.0,2649.0,2650.0,2768.0,2773.0,2763.0,2768.0,2738.0,2743.0,2662.0,2632.09,2650.34,2662.55,2676.43,2690.43,2704.93,True,True,43409.2777
2024-05-26,16.7023,2598.0,2599.0,2649.0,2650.0,2768.0,2773.0,2763.0,2768.0,2738.0,2743.0,2662.0,2632.09,2650.34,2662.55,2676.43,2690.43,2704.93,True,True,43409.2777
2024-05-27,16.6568,2598.0,2599.0,2649.0,2650.0,2768.0,2773.0,2763.0,2768.0,2738.0,2743.0,2662.0,2632.09,2650.34,2662.55,2676.43,2690.43,2704.93,True,False,43291.0232
2024-05-28,16.7457,2652.0,2653.0,2703.5,2704.0,2810.0,2815.0,2790.0,2795.0,2763.0,2768.0,2729.5,2696.74,2714.33,2726.39,2741.3,2753.3,2768.55,False,False,44426.3421
2024-05-29,16.95,2694.0,2695.0,2740.0,2741.0,2842.0,2847.0,2822.0,2827.0,2768.0,2773.0,2767.5,2734.38,2752.27,2763.95,2780.4,2792.65,2808.39,False,False,45680.25
2024-05-30,16.9377,2665.0,2665.5,2710.0,2710.5,2817.0,2822.0,2797.0,2802.0,2752.0,2757.0,2703.5,2670.32,2689.24,2699.11,2716.11,2729.11,2745.11,False,False,45147.4394
2024-05-31,17.0177,2676.0,2677.0,2711.5,2712.5,2820.0,2825.0,2820.0,2825.0,2790.0,2795.0,2652.5,2621.14,2642.56,2648.47,2664.97,2676.47,2692.14,False,False,45556.3829
2024-06-01,17.0177,2676.0,2677.0,2711.5,2712.5,2820.0,2825.0,2820.0,2825.0,2790.0,2795.0,2652.5,2621.14,2642.56,2648.47,2664.97,2676.47,2692.14,True,True,45556.3829
2024-06-02,17.0177,2676.0,2677.0,2711.5,2712.5,2820.0,2825.0,2820.0,2825.0,2790.0,2795.0,2652.5,2621.14,2642.56,2648.47,2664.97,2676.47,2692.14,True,True,45556.3829
2024-06-03,17.6338,2623.0,2625.0,2668.0,2670.0,2763.0,2768.0,2763.0,2768.0,2733.0,2738.0,2661.5,2632.52,2653.29,2656.23,2671.7,2682.95,2698.2,False,False,46288.725
2024-06-04,17.8607,2602.5,2603.0,2642.0,2643.0,2738.0,2743.0,2755.0,2760.0,2730.0,2735.0,2663.5,2629.52,2650.77,2658.05,2674.48,2683.73,2698.73,False,False,46491.4021
2024-06-05,17.5592,2575.0,2577.0,2623.0,2624.0,2728.0,2733.0,2743.0,2748.0,2738.0,2743.0,2622.0,2580.03,2601.96,2614.82,2632.37,2642.37,2657.87,False,False,45250.0584
2024-06-06,17.5335,2586.0,2587.0,2643.5,2644.0,2760.0,2765.0,2785.0,2790.0,2790.0,2795.0,2647.5,2602.75,2625.12,2638.55,2655.71,2667.21,2679.21,False,False,45359.1645
2024-06-07,18.2622,2578.0,2578.5,2628.0,2629.0,2737.0,2742.0,2758.0,2763.0,2778.0,2783.0,2578.0,2528.61,2550.09,2567.07,2585.56,2597.51,2612.01,False,False,47089.0827
2024-06-08,18.2622,2578.0,2578.5,2628.0,2629.0,2737.0,2742.0,2758.0,2763.0,2778.0,2783.0,2578.0,2528.61,2550.09,2567.07,2585.56,2597.51,2612.01,True,True,47089.0827
2024-06-09,18.2622,2578.0,2578.5,2628.0,2629.0,2737.0,2742.0,2758.0,2763.0,2778.0,2783.0,2578.0,2528.61,2550.09,2567.07,2585.56,2597.51,2612.01,True,True,47089.0827
2024-06-10,18.3848,2514.5,2515.5,2574.0,2575.0,2683.0,2688.0,2698.0,2703.0,2713.0,2718.0,2572.0,2515.91,2538.85,2557.31,2574.49,2587.49,2604.49,False,False,46246.9644
2024-06-11,18.4457,2474.5,2475.0,2533.0,2534.0,2658.0,2663.0,2708.0,2713.0,2738.0,2743.0,2533.5,2479.01,2499.41,2517.99,2535.11,2547.36,2564.11,False,False,45653.1075
2024-06-12,18.7832,2475.5,2476.0,2529.0,2530.0,2652.0,2657.0,2692.0,2697.0,2725.0,2730.0,2575.5,2522.23,2541.91,2559.59,2575.39,2587.14,2603.39,False,False,46507.2032
2024-06-13,18.5385,2496.0,2498.0,2557.0,2557.5,2680.0,2685.0,2717.0,2722.0,2742.0,2747.0,2557.0,2500.63,2522.13,2541.11,2557.3,2569.3,2585.3,False,False,46309.173
2024-06-14,18.4512,2465.0,2465.5,2529.0,2530.0,2655.0,2660.0,2685.0,2690.0,2715.0,2720.0,2517.5,2462.73,2482.05,2501.51,2517.49,2530.24,2546.74,False,False,45491.4336
2024-06-15,18.4512,2465.0,2465.5,2529.0,2530.0,2655.0,2660.0,2685.0,2690.0,2715.0,2720.0,2517.5,2462.73,2482.05,2501.51,2517.49,2530.24,2546.74,True,True,45491.4336
2024-06-16,18.4512,2465.0,2465.5,2529.0,2530.0,2655.0,2660.0,2685.0,2690.0,2715.0,2720.0,2517.5,2462.73,2482.05,2501.51,2517.49,2530.24,2546.74,True,True,45491.4336
2024-06-17,18.5248,2419.5,2420.5,2485.0,2487.0,2618.0,2623.0,2658.0,2663.0,2688.0,2693.0,2501.5,2462.74,2484.76,2501.39,2514.44,2531.44,2544.44,False,False,44839.2784
2024-06-18,18.4128,2427.0,2427.5,2481.0,2483.0,2628.0,2633.0,2688.0,2693.0,2718.0,2723.0,2486.5,2447.76,2470.36,2486.5,2499.5,2516.0,2529.0,False,False,44697.072
2024-06-19,18.423,2444.5,2445.0,2502.0,2503.0,2645.0,2650.0,2700.0,2705.0,2740.0,2745.0,2499.0,2462.82,2485.03,2500.27,2512.09,2528.59,2540.59,False,False,45044.235
2024-06-20,18.4027,2460.0,2461.0,2508.0,2509.0,2652.0,2657.0,2698.0,2703.0,2718.0,2723.0,2521.5,2485.21,2507.41,2523.06,2535.79,2552.29,2564.29,False,False,45289.0447
2024-06-21,18.1848,2452.0,2452.5,2503.0,2504.0,2647.0,2652.0,2697.0,2702.0,2727.0,2732.0,2513.5,2477.95,2500.59,2516.04,2528.77,2544.77,2556.77,False,False,44598.222
2024-06-22,18.1848,2452.0,2452.5,2503.0,2504.0,2647.0,2652.0,2697.0,2702.0,2727.0,2732.0,2513.5,2477.95,2500.59,2516.04,2528.77,2544.77,2556.77,True,True,44598.222
2024-06-23,18.1848,2452.0,2452.5,2503.0,2504.0,2647.0,2652.0,2697.0,2702.0,2727.0,2732.0,2513.5,2477.95,2500.59,2516.04,2528.77,2544.77,2556.77,True,True,44598.222
2024-06-24,17.9627,2454.0,2454.5,2505.0,2506.0,2650.0,2655.0,2700.0,2705.0,2720.0,2725.0,2503.0,2464.43,2486.16,2502.0,2514.87,2530.62,2542.72,False,False,44089.4472
2024-06-25,18.1372,2451.0,2451.5,2498.0,2499.0,2640.0,2645.0,2675.0,2680.0,2710.0,2715.0,2496.0,2457.0,2478.35,2494.35,2507.15,2523.15,2535.07,False,False,44463.3458
2024-06-26,18.2215,2443.5,2444.0,2492.0,2494.0,2638.0,2643.0,2693.0,2698.0,2720.0,2725.0,2512.0,2474.34,2495.92,2510.79,2522.82,2539.0,2551.0,False,False,44533.346
2024-06-27,18.3773,2457.5,2458.5,2502.0,2502.5,2653.0,2658.0,2708.0,2713.0,2728.0,2733.0,2492.5,2453.97,2475.81,2490.68,2502.54,2518.04,2528.68,False,False,45180.5921
2024-06-28,18.2478,2485.0,2485.5,2525.5,2526.0,2668.0,2673.0,2722.0,2727.0,2742.0,2747.0,2524.5,2490.52,2509.18,2523.56,2534.91,2550.91,2561.92,False,False,45354.9069
2024-06-29,18.2478,2485.0,2485.5,2525.5,2526.0,2668.0,2673.0,2722.0,2727.0,2742.0,2747.0,2524.5,2490.52,2509.18,2523.56,2534.91,2550.91,2561.92,True,True,45354.9069
2024-06-30,18.2478,2485.0,2485.5,2525.5,2526.0,2668.0,2673.0,2722.0,2727.0,2742.0,2747.0,2524.5,2490.52,2509.18,2523.56,2534.91,2550.91,2561.92,True,True,45354.9069
2024-07-01,18.3897,2496.0,2496.5,2532.0,2532.5,2670.0,2675.0,2728.0,2733.0,2758.0,2763.0,2515.5,2475.26,2494.5,2510.44,2523.2,2539.2,2550.21,False,False,45909.886
2024-07-02,18.2485,2489.0,2489.5,2530.0,2531.0,2668.0,2673.0,2728.0,2733.0,2773.0,2778.0,2522.5,2479.07,2499.37,2516.03,2529.9,2545.9,2557.9,False,False,45429.6408
2024-07-03,18.1355,2486.5,2487.0,2536.0,2536.5,2680.0,2685.0,2750.0,2755.0,2795.0,2800.0,2548.0,2503.01,2524.47,2541.07,2554.99,2570.82,2582.77,False,False,45102.9885
2024-07-04,18.0958,2492.5,2493.5,2540.0,2541.0,2683.0,2688.0,2745.0,2750.0,2780.0,2785.0,2522.5,2475.03,2497.18,2514.04,2528.65,2544.9,2556.9,False,False,45121.8773
2024-07-05,18.0977,2495.0,2495.5,2544.0,2545.0,2688.0,2693.0,2748.0,2753.0,2778.0,2783.0,2535.5,2483.38,2509.68,2526.57,2541.27,2557.27,2569.78,False,False,45162.8104
2024-07-06,18.0977,2495.0,2495.5,2544.0,2545.0,2688.0,2693.0,2748.0,2753.0,2778.0,2783.0,2535.5,2483.38,2509.68,2526.57,2541.27,2557.27,2569.78,True,True,45162.8104
2024-07-07,18.0977,2495.0,2495.5,2544.0,2545.0,2688.0,2693.0,2748.0,2753.0,2778.0,2783.0,2535.5,2483.38,2509.68,2526.57,2541.27,2557.27,2569.78,True,True,45162.8104
2024-07-08,18.0095,2475.0,2475.5,2531.5,2532.0,2678.0,2683.0,2742.0,2747.0,2772.0,2777.0,2531.5,2476.59,2502.59,2520.28,2535.56,2552.28,2565.56,False,False,44582.5172
2024-07-09,17.9428,2468.0,2468.5,2525.0,2525.5,2680.0,2685.0,2750.0,2755.0,2790.0,2795.0,2496.5,2440.24,2465.4,2484.54,2499.18,2515.68,2529.68,False,False,44291.8018
2024-07-10,17.8288,2431.0,2432.0,2489.0,2489.5,2648.0,2653.0,2723.0,2728.0,2773.0,2778.0,2483.5,2424.89,2450.72,2470.0,2485.83,2502.83,2517.08,False,False,43359.6416
2024-07-11,17.8192,2428.0,2428.5,2490.0,2490.5,2648.0,2653.0,2723.0,2728.0,2763.0,2768.0,2476.5,2414.59,2441.28,2461.9,2477.73,2494.73,2509.01,False,False,43273.9272
2024-07-12,17.6502,2421.0,2422.0,2483.0,2484.0,2643.0,2648.0,2713.0,2718.0,2763.0,2768.0,2481.0,2416.88,2444.21,2465.42,2481.93,2499.43,2513.43,False,False,42748.7844
2024-07-13,17.6502,2421.0,2422.0,2483.0,2484.0,2643.0,2648.0,2713.0,2718.0,2763.0,2768.0,2481.0,2416.88,2444.21,2465.42,2481.93,2499.43,2513.43,True,True,42748.7844
2024-07-14,17.6502,2421.0,2422.0,2483.0,2484.0,2643.0,2648.0,2713.0,2718.0,2763.0,2768.0,2481.0,2416.88,2444.21,2465.42,2481.93,2499.43,2513.43,True,True,42748.7844
2024-07-15,17.7837,2403.5,2404.0,2467.0,2468.0,2622.0,2627.0,2693.0,2698.0,2733.0,2738.0,2461.5,2424.16,2444.53,2461.34,2477.92,2491.42,2504.17,False,False,42752.0148
2024-07-16,17.6795,2376.5,2377.0,2436.0,2436.5,2592.0,2597.0,2657.0,2662.0,2707.0,2712.0,2406.0,2369.81,2389.37,2406.0,2422.83,2436.5,2449.08,False,False,42024.1715
2024-07-17,17.7438,2362.5,2363.0,2418.0,2418.5,2577.0,2582.0,2653.0,2658.0,2720.0,2725.0,2402.0,2365.66,2385.55,2402.31,2419.0,2432.5,2444.5,False,False,41928.5994
2024-07-18,17.8907,2334.0,2335.0,2396.0,2397.0,2555.0,2560.0,2632.0,2637.0,2697.0,2702.0,2385.0,2348.15,2367.76,2384.59,2401.68,2415.25,2428.75,False,False,41774.7845
2024-07-19,17.997,2311.5,2312.0,2367.0,2368.0,2528.0,2533.0,2610.0,2615.0,2680.0,2685.0,2351.5,2314.5,2334.18,2351.35,2368.57,2382.27,2395.53,False,False,41609.064
2024-07-20,17.997,2311.5,2312.0,2367.0,2368.0,2528.0,2533.0,2610.0,2615.0,2680.0,2685.0,2351.5,2314.5,2334.18,2351.35,2368.57,2382.27,2395.53,True,True,41609.064
2024-07-21,17.997,2311.5,2312.0,2367.0,2368.0,2528.0,2533.0,2610.0,2615.0,2680.0,2685.0,2351.5,2314.5,2334.18,2351.35,2368.57,2382.27,2395.53,True,True,41609.064
2024-07-22,17.9107,2258.5,2259.0,2316.0,2316.5,2475.0,2480.0,2560.0,2565.0,2630.0,2635.0,2299.5,2258.97,2278.15,2295.84,2313.82,2327.75,2341.5,False,False,40460.2713
2024-07-23,18.0987,2263.0,2264.0,2315.0,2316.0,2472.0,2477.0,2555.0,2560.0,2625.0,2630.0,2295.0,2255.14,2272.56,2290.12,2308.0,2321.25,2335.0,False,False,40975.4568
2024-07-24,18.3458,2265.5,2266.0,2312.5,2313.0,2465.0,2470.0,2545.0,2550.0,2613.0,2618.0,2300.5,2261.2,2277.14,2294.59,2312.34,2325.89,2339.64,False,False,41571.5828
2024-07-25,18.385,2218.0,2218.5,2275.0,2276.0,2430.0,2435.0,2510.0,2515.0,2578.0,2583.0,2270.5,2229.12,2245.53,2263.56,2281.94,2296.69,2310.94,False,False,40787.1225
2024-07-26,18.4475,2228.5,2229.0,2288.0,2289.0,2447.0,2452.0,2537.0,2542.0,2607.0,2612.0,2289.0,2247.93,2263.99,2281.88,2299.94,2314.5,2329.0,False,False,41119.4775
2024-07-27,18.4475,2228.5,2229.0,2288.0,2289.0,2447.0,2452.0,2537.0,2542.0,2607.0,2612.0,2289.0,2247.93,2263.99,2281.88,2299.94,2314.5,2329.0,True,True,41119.4775
2024-07-28,18.4475,2228.5,2229.0,2288.0,2289.0,2447.0,2452.0,2537.0,2542.0,2607.0,2612.0,2289.0,2247.93,2263.99,2281.88,2299.94,2314.5,2329.0,True,True,41119.4775
2024-07-29,18.6818,2203.0,2203.5,2262.5,2263.5,2422.0,2427.0,2508.0,2513.0,2583.0,2588.0,2250.5,2204.51,2221.75,2240.25,2259.74,2274.48,2289.48,False,False,41165.3463
2024-07-30,18.79,2161.0,2161.5,2224.5,2225.0,2387.0,2392.0,2477.0,2482.0,2562.0,2567.0,2224.5,2173.92,2194.31,2213.25,2232.65,2247.85,2262.6,False,False,40614.585
2024-07-31,18.597,2250.0,2252.0,2295.0,2297.0,2455.0,2460.0,2550.0,2555.0,2637.0,2642.0,2290.5,2242.01,2259.69,2278.78,2297.05,2311.3,2326.3,False,False,41880.444
2024-08-01,18.706,2228.0,2228.5,2286.0,2287.0,2445.0,2450.0,2538.0,2543.0,2622.0,2627.0,2296.0,2249.11,2266.37,2285.27,2301.34,2316.54,2331.89,False,False,41686.321
2024-08-02,19.0442,2214.0,2214.5,2272.0,2272.5,2435.0,2440.0,2535.0,2540.0,2617.0,2622.0,2263.5,2214.47,2233.34,2252.81,2268.06,2283.46,2298.96,False,False,42173.3809
2024-08-03,19.0442,2214.0,2214.5,2272.0,2272.5,2435.0,2440.0,2535.0,2540.0,2617.0,2622.0,2263.5,2214.47,2233.34,2252.81,2268.06,2283.46,2298.96,True,True,42173.3809
2024-08-04,19.0442,2214.0,2214.5,2272.0,2272.5,2435.0,2440.0,2535.0,2540.0,2617.0,2622.0,2263.5,2214.47,2233.34,2252.81,2268.06,2283.46,2298.96,True,True,42173.3809
2024-08-05,19.3905,2166.5,2167.0,2226.0,2226.5,2385.0,2390.0,2485.0,2490.0,2567.0,2572.0,2250.0,2198.66,2218.4,2238.28,2252.87,2267.87,2282.87,False,False,42019.2135
2024-08-06,19.33,2203.0,2205.0,2267.0,2268.0,2423.0,2428.0,2518.0,2523.0,2600.0,2605.0,2296.0,2244.04,2263.52,2284.08,2298.73,2314.23,2329.48,False,False,42622.65
2024-08-07,19.189,2202.0,2202.5,2262.0,2263.0,2418.0,2423.0,2513.0,2518.0,2598.0,2603.0,2288.0,2240.01,2259.21,2278.64,2291.33,2306.6,2321.35,False,False,42263.7725
2024-08-08,19.09,2204.0,2204.5,2258.0,2260.0,2413.0,2418.0,2508.0,2513.0,2590.0,2595.0,2274.0,2227.29,2245.86,2266.14,2276.89,2291.79,2306.54,False,False,42083.905
2024-08-09,18.8368,2262.5,2263.0,2318.0,2318.5,2468.0,2473.0,2557.0,2562.0,2635.0,2640.0,2301.5,2256.14,2274.31,2294.2,2304.48,2319.43,2334.43,False,False,42627.6784
2024-08-10,18.8368,2262.5,2263.0,2318.0,2318.5,2468.0,2473.0,2557.0,2562.0,2635.0,2640.0,2301.5,2256.14,2274.31,2294.2,2304.48,2319.43,2334.43,True,True,42627.6784
2024-08-11,18.8368,2262.5,2263.0,2318.0,2318.5,2468.0,2473.0,2557.0,2562.0,2635.0,2640.0,2301.5,2256.14,2274.31,2294.2,2304.48,2319.43,2334.43,True,True,42627.6784
2024-08-12,19.032,2267.0,2268.0,2320.0,2321.0,2465.0,2470.0,2555.0,2560.0,2633.0,2638.0,2305.5,2259.76,2278.74,2297.87,2305.61,2319.36,2333.86,False,False,43164.576
2024-08-13,19.0387,2256.0,2256.5,2308.0,2309.0,2453.0,2458.0,2537.0,2542.0,2608.0,2613.0,2332.0,2284.79,2304.53,2324.51,2332.17,2346.42,2360.67,False,False,42960.8266
2024-08-14,18.8478,2297.0,2299.0,2347.0,2349.0,2488.0,2493.0,2573.0,2578.0,2645.0,2650.0,2335.5,2290.99,2310.77,2330.15,2334.66,2348.91,2363.41,False,False,43331.0922
2024-08-15,18.6513,2300.5,2301.0,2349.0,2350.0,2487.0,2492.0,2572.0,2577.0,2643.0,2648.0,2363.5,2318.59,2338.18,2357.86,2363.42,2377.92,2391.67,False,False,42916.6413
2024-08-16,18.6228,2293.0,2293.5,2342.0,2342.5,2488.0,2493.0,2570.0,2575.0,2640.0,2645.0,2365.5,2320.78,2340.91,2360.42,2366.5,2381.4,2395.4,False,False,42711.3918
2024-08-17,18.6228,2293.0,2293.5,2342.0,2342.5,2488.0,2493.0,2570.0,2575.0,2640.0,2645.0,2365.5,2320.78,2340.91,2360.42,2366.5,2381.4,2395.4,True,True,42711.3918
2024-08-18,18.6228,2293.0,2293.5,2342.0,2342.5,2488.0,2493.0,2570.0,2575.0,2640.0,2645.0,2365.5,2320.78,2340.91,2360.42,2366.5,2381.4,2395.4,True,True,42711.3918
2024-08-19,18.7357,2369.0,2369.5,2410.5,2411.0,2550.0,2555.0,2627.0,2632.0,2678.0,2683.0,2445.5,2430.06,2447.59,2445.55,2459.68,2472.93,2486.43,False,False,44394.2412
2024-08-20,18.9448,2434.0,2435.0,2466.0,2466.5,2603.0,2608.0,2675.0,2680.0,2725.0,2730.0,2502.0,2484.07,2502.01,2502.0,2516.51,2530.01,2544.01,False,False,46130.588
2024-08-21,19.2535,2442.5,2443.0,2477.0,2477.5,2613.0,2618.0,2688.0,2693.0,2738.0,2743.0,2487.0,2476.24,2493.24,2488.76,2501.97,2515.47,2528.97,False,False,47036.3005
2024-08-22,19.4235,2470.0,2471.0,2492.0,2492.5,2623.0,2628.0,2688.0,2693.0,2738.0,2743.0,2480.0,2474.21,2491.25,2482.83,2494.76,2505.51,2518.51,False,False,47995.4685
2024-08-23,19.0708,2498.5,2499.0,2508.5,2509.0,2635.0,2640.0,2698.0,2703.0,2735.0,2740.0,2542.0,2543.7,2558.07,2544.5,2556.42,2566.17,2579.17,False,False,47657.9292
2024-08-24,19.0708,2498.5,2499.0,2508.5,2509.0,2635.0,2640.0,2698.0,2703.0,2735.0,2740.0,2542.0,2543.7,2558.07,2544.5,2556.42,2566.17,2579.17,True,True,47657.9292
2024-08-25,19.0708,2498.5,2499.0,2508.5,2509.0,2635.0,2640.0,2698.0,2703.0,2735.0,2740.0,2542.0,2543.7,2558.07,2544.5,2556.42,2566.17,2579.17,True,True,47657.9292
2024-08-26,19.382,2498.5,2499.0,2508.5,2509.0,2635.0,2640.0,2698.0,2703.0,2735.0,2740.0,2542.0,2543.7,2558.07,2544.5,2556.42,2566.17,2579.17,True,False,48435.618
2024-08-27,19.6692,2518.0,2520.0,2535.0,2537.0,2655.0,2660.0,2710.0,2715.0,2745.0,2750.0,2549.5,2543.1,2559.81,2550.82,2562.33,2572.32,2586.32,False,False,49566.384
2024-08-28,19.6037,2478.5,2479.5,2501.0,2502.0,2623.0,2628.0,2678.0,2683.0,2713.0,2718.0,2496.0,2481.93,2499.86,2494.95,2508.46,2520.46,2533.96,False,False,48607.3742
2024-08-29,19.8168,2437.0,2437.5,2465.5,2466.0,2598.0,2603.0,2655.0,2660.0,2695.0,2700.0,2457.5,2444.62,2462.37,2456.15,2469.56,2481.56,2494.81,False,False,48303.45
2024-08-30,19.6535,2463.0,2463.5,2485.0,2486.0,2613.0,2618.0,2670.0,2675.0,2717.0,2722.0,2447.0,2433.9,2449.73,2445.25,2457.92,2468.92,2480.67,False,False,48416.3972
2024-08-31,19.6535,2463.0,2463.5,2485.0,2486.0,2613.0,2618.0,2670.0,2675.0,2717.0,2722.0,2447.0,2433.9,2449.73,2445.25,2457.92,2468.92,2480.67,True,True,48416.3972
2024-09-01,19.6535,2463.0,2463.5,2485.0,2486.0,2613.0,2618.0,2670.0,2675.0,2717.0,2722.0,2447.0,2433.9,2449.73,2445.25,2457.92,2468.92,2480.67,True,True,48416.3972
2024-09-02,19.798,2390.0,2390.5,2415.0,2415.5,2538.0,2543.0,2593.0,2598.0,2640.0,2645.0,2424.0,2411.52,2427.85,2420.83,2432.77,2442.83,2454.83,False,False,47327.119
2024-09-03,19.8335,2381.5,2382.0,2404.5,2405.0,2527.0,2532.0,2583.0,2588.0,2635.0,2640.0,2407.5,2395.34,2412.38,2403.97,2415.33,2425.08,2435.58,False,False,47243.397
2024-09-04,19.846,2367.0,2367.5,2386.0,2388.0,2498.0,2503.0,2555.0,2560.0,2607.0,2612.0,2396.5,2383.11,2401.24,2392.13,2402.61,2412.11,2422.61,False,False,46985.405
2024-09-05,20.0028,2365.5,2366.0,2381.0,2382.0,2493.0,2498.0,2550.0,2555.0,2603.0,2608.0,2378.5,2364.1,2381.63,2371.17,2383.1,2393.1,2404.1,False,False,47326.6248
2024-09-06,20.0172,2367.5,2368.0,2388.0,2388.5,2497.0,2502.0,2568.0,2573.0,2622.0,2627.0,2342.0,2324.04,2341.42,2332.17,2345.1,2356.1,2370.1,False,False,47400.7296
2024-09-07,20.0172,2367.5,2368.0,2388.0,2388.5,2497.0,2502.0,2568.0,2573.0,2622.0,2627.0,2342.0,2324.04,2341.42,2332.17,2345.1,2356.1,2370.1,True,True,47400.7296
2024-09-08,20.0172,2367.5,2368.0,2388.0,2388.5,2497.0,2502.0,2568.0,2573.0,2622.0,2627.0,2342.0,2324.04,2341.42,2332.17,2345.1,2356.1,2370.1,True,True,47400.7296
2024-09-09,19.8798,2317.0,2318.0,2333.0,2333.5,2448.0,2453.0,2540.0,2545.0,2593.0,2598.0,2350.5,2330.63,2344.92,2339.07,2353.26,2365.76,2380.26,False,False,46081.3764
2024-09-10,20.0583,2322.0,2323.0,2343.0,2344.0,2457.0,2462.0,2532.0,2537.0,2585.0,2590.0,2336.5,2320.07,2334.43,2325.22,2338.71,2350.71,2364.71,False,False,46595.4309
2024-09-11,19.839,2353.5,2354.5,2364.0,2365.0,2477.0,2482.0,2557.0,2562.0,2610.0,2615.0,2370.5,2354.59,2370.39,2359.15,2371.43,2382.68,2396.18,False,False,46710.9255
2024-09-12,19.5887,2390.0,2390.5,2409.5,2410.0,2517.0,2522.0,2593.0,2598.0,2647.0,2652.0,2415.5,2398.7,2416.67,2404.42,2415.75,2427.0,2440.5,False,False,46826.7874
2024-09-13,19.2483,2404.0,2405.0,2421.0,2421.5,2528.0,2533.0,2605.0,2610.0,2655.0,2660.0,2471.0,2456.04,2475.74,2460.26,2471.08,2482.83,2496.08,False,False,46292.1615
2024-09-14,19.2483,2404.0,2405.0,2421.0,2421.5,2528.0,2533.0,2605.0,2610.0,2655.0,2660.0,2471.0,2456.04,2475.74,2460.26,2471.08,2482.83,2496.08,True,True,46292.1615
2024-09-15,19.2483,2404.0,2405.0,2421.0,2421.5,2528.0,2533.0,2605.0,2610.0,2655.0,2660.0,2471.0,2456.04,2475.74,2460.26,2471.08,2482.83,2496.08,True,True,46292.1615
2024-09-16,19.2483,2504.5,2505.0,2518.0,2518.5,2615.0,2620.0,2685.0,2690.0,2735.0,2740.0,2528.5,2536.33,2519.79,2528.58,2539.66,2552.66,2562.91,False,True,48216.9915
2024-09-17,19.267,2505.0,2505.5,2519.0,2521.0,2618.0,2623.0,2685.0,2690.0,2735.0,2740.0,2524.0,2531.74,2515.01,2523.79,2534.6,2547.6,2557.54,False,False,48273.4685
2024-09-18,19.3033,2519.5,2520.0,2527.5,2528.0,2620.0,2625.0,2682.0,2687.0,2727.0,2732.0,2536.5,2544.37,2528.14,2536.5,2547.04,2559.29,2568.29,False,False,48644.316
2024-09-19,19.2773,2522.0,2523.0,2536.0,2538.0,2630.0,2635.0,2692.0,2697.0,2737.0,2742.0,2539.5,2544.62,2529.77,2540.26,2551.08,2563.58,2572.58,False,False,48636.6279
2024-09-20,19.3725,2475.0,2477.0,2504.0,2504.5,2605.0,2610.0,2673.0,2678.0,2718.0,2723.0,2485.0,2481.98,2472.97,2485.06,2496.63,2510.13,2520.03,False,False,47985.6825
2024-09-21,19.3725,2475.0,2477.0,2504.0,2504.5,2605.0,2610.0,2673.0,2678.0,2718.0,2723.0,2485.0,2481.98,2472.97,2485.06,2496.63,2510.13,2520.03,True,True,47985.6825
2024-09-22,19.3725,2475.0,2477.0,2504.0,2504.5,2605.0,2610.0,2673.0,2678.0,2718.0,2723.0,2485.0,2481.98,2472.97,2485.06,2496.63,2510.13,2520.03,True,True,47985.6825
2024-09-23,19.415,2454.0,2455.0,2471.0,2472.0,2580.0,2585.0,2658.0,2663.0,2710.0,2715.0,2494.5,2490.17,2480.85,2493.12,2503.9,2517.65,2527.65,False,False,47663.825
2024-09-24,19.3562,2540.0,2542.0,2558.0,2559.0,2652.0,2657.0,2712.0,2717.0,2762.0,2767.0,2556.0,2550.13,2540.67,2553.32,2563.77,2576.52,2585.32,False,False,49203.4604
2024-09-25,19.587,2511.0,2512.0,2527.5,2528.0,2623.0,2628.0,2680.0,2685.0,2725.0,2730.0,2538.5,2533.06,2523.7,2537.27,2545.43,2559.43,2568.18,False,False,49202.544
2024-09-26,19.629,2558.0,2560.0,2575.0,2576.0,2660.0,2665.0,2710.0,2715.0,2748.0,2753.0,2611.5,2608.66,2597.86,2610.93,2614.25,2627.0,2636.0,False,False,50250.24
2024-09-27,19.6697,2609.0,2609.5,2623.0,2624.0,2700.0,2705.0,2735.0,2740.0,2750.0,2755.0,2646.5,2641.96,2633.4,2647.05,2650.4,2662.9,2670.9,False,False,51328.0821
2024-09-28,19.6697,2609.0,2609.5,2623.0,2624.0,2700.0,2705.0,2735.0,2740.0,2750.0,2755.0,2646.5,2641.96,2633.4,2647.05,2650.4,2662.9,2670.9,True,True,51328.0821
2024-09-29,19.6697,2609.0,2609.5,2623.0,2624.0,2700.0,2705.0,2735.0,2740.0,2750.0,2755.0,2646.5,2641.96,2633.4,2647.05,2650.4,2662.9,2670.9,True,True,51328.0821
2024-09-30,19.644,2610.0,2611.0,2617.5,2618.0,2700.0,2705.0,2740.0,2745.0,2755.0,2760.0,2611.5,2619.75,2601.61,2613.13,2614.34,2625.84,2634.34,False,False,51290.484
2024-10-01,19.644,2634.0,2635.0,2630.0,2630.5,2708.0,2713.0,2748.0,2753.0,2763.0,2768.0,2648.0,2650.9,2634.87,2648.39,2653.08,2664.57,2673.07,False,True,51761.94
2024-10-02,19.3885,2634.0,2635.0,2634.0,2635.0,2718.0,2723.0,2753.0,2758.0,2768.0,2773.0,2678.5,2680.07,2662.07,2675.82,2683.55,2694.56,2703.07,False,False,51088.6975
2024-10-03,19.4678,2637.0,2638.0,2643.0,2643.5,2720.0,2725.0,2750.0,2755.0,2753.0,2758.0,2629.0,2625.83,2608.87,2623.81,2633.45,2645.45,2653.95,False,False,51356.0564
2024-10-04,19.2127,2653.5,2654.0,2665.0,2665.5,2750.0,2755.0,2780.0,2785.0,2780.0,2785.0,2653.0,2649.06,2632.55,2647.99,2658.36,2671.0,2680.0,False,False,50990.5058
2024-10-05,19.2127,2653.5,2654.0,2665.0,2665.5,2750.0,2755.0,2780.0,2785.0,2780.0,2785.0,2653.0,2649.06,2632.55,2647.99,2658.36,2671.0,2680.0,True,True,50990.5058
2024-10-06,19.2127,2653.5,2654.0,2665.0,2665.5,2750.0,2755.0,2780.0,2785.0,2780.0,2785.0,2653.0,2649.06,2632.55,2647.99,2658.36,2671.0,2680.0,True,True,50990.5058
2024-10-07,19.3388,2654.5,2655.5,2655.0,2655.5,2740.0,2745.0,2780.0,2785.0,2790.0,2795.0,2658.0,2650.98,2633.97,2650.34,2660.71,2674.5,2683.75,False,False,51354.1834
2024-10-08,19.3532,2568.0,2569.0,2585.0,2585.5,2680.0,2685.0,2747.0,2752.0,2772.0,2777.0,2571.0,2559.77,2544.13,2562.01,2573.24,2587.23,2596.69,False,False,49718.3708
2024-10-09,19.4175,2528.0,2530.0,2540.5,2541.0,2642.0,2647.0,2710.0,2715.0,2740.0,2745.0,2541.0,2529.38,2514.32,2532.05,2542.73,2556.48,2565.95,False,False,49126.275
2024-10-10,19.5113,2550.0,2550.5,2556.0,2558.0,2658.0,2663.0,2730.0,2735.0,2760.0,2765.0,2586.0,2576.06,2562.56,2579.11,2586.7,2599.95,2609.2,False,False,49763.5706
2024-10-11,19.3983,2643.0,2645.0,2653.0,2653.5,2730.0,2735.0,2775.0,2780.0,2803.0,2808.0,2632.5,2613.97,2609.55,2626.39,2632.67,2645.25,2652.89,False,False,51308.5035
2024-10-12,19.3983,2643.0,2645.0,2653.0,2653.5,2730.0,2735.0,2775.0,2780.0,2803.0,2808.0,2632.5,2613.97,2609.55,2626.39,2632.67,2645.25,2652.89,True,True,51308.5035
2024-10-13,19.3983,2643.0,2645.0,2653.0,2653.5,2730.0,2735.0,2775.0,2780.0,2803.0,2808.0,2632.5,2613.97,2609.55,2626.39,2632.67,2645.25,2652.89,True,True,51308.5035
2024-10-14,19.342,2565.5,2566.0,2601.5,2602.0,2688.0,2693.0,2747.0,2752.0,2753.0,2758.0,2594.0,2571.12,2586.28,2593.83,2607.08,2615.78,2624.78,False,False,49631.572
2024-10-15,19.62,2521.5,2522.0,2558.0,2558.5,2652.0,2657.0,2712.0,2717.0,2732.0,2737.0,2570.5,2549.92,2563.71,2570.5,2583.47,2591.22,2599.97,False,False,49481.64
2024-10-16,19.8925,2557.0,2557.5,2590.0,2592.0,2677.0,2682.0,2733.0,2738.0,2743.0,2748.0,2584.0,2562.23,2576.23,2585.3,2598.01,2605.01,2613.51,False,False,50875.0688
2024-10-17,19.9313,2524.0,2524.5,2563.5,2564.0,2655.0,2660.0,2717.0,2722.0,2747.0,2752.0,2553.5,2529.84,2545.02,2554.52,2566.22,2572.72,2581.12,False,False,50316.5668
2024-10-18,19.8325,2551.0,2553.0,2587.0,2588.0,2672.0,2677.0,2727.0,2732.0,2752.0,2757.0,2612.0,2591.02,2604.74,2613.76,2624.17,2630.92,2637.92,False,False,50632.3725
2024-10-19,19.8325,2551.0,2553.0,2587.0,2588.0,2672.0,2677.0,2727.0,2732.0,2752.0,2757.0,2612.0,2591.02,2604.74,2613.76,2624.17,2630.92,2637.92,True,True,50632.3725
2024-10-20,19.8325,2551.0,2553.0,2587.0,2588.0,2672.0,2677.0,2727.0,2732.0,2752.0,2757.0,2612.0,2591.02,2604.74,2613.76,2624.17,2630.92,2637.92,True,True,50632.3725
2024-10-21,20.0075,2582.0,2582.5,2617.0,2617.5,2695.0,2700.0,2742.0,2747.0,2767.0,2772.0,2595.5,2571.56,2585.26,2594.21,2605.77,2612.27,2620.71,False,False,51669.3688
2024-10-22,19.8985,2608.0,2609.0,2632.0,2632.5,2708.0,2713.0,2755.0,2760.0,2780.0,2785.0,2633.5,2614.48,2625.06,2632.83,2643.11,2646.61,2654.61,False,False,51915.1865
2024-10-23,19.9338,2624.0,2625.0,2646.0,2647.0,2710.0,2715.0,2745.0,2750.0,2768.0,2773.0,2669.5,2654.12,2664.03,2668.62,2678.01,2682.01,2688.01,False,False,52326.225
2024-10-24,19.8385,2642.0,2643.0,2676.5,2677.0,2735.0,2740.0,2745.0,2750.0,2750.0,2755.0,2650.0,2628.51,2637.47,2646.17,2658.48,2665.17,2671.67,False,False,52433.1555
2024-10-25,19.9303,2600.0,2600.5,2630.0,2630.5,2700.0,2705.0,2745.0,2750.0,2765.0,2770.0,2677.5,2658.54,2666.59,2674.63,2686.56,2691.31,2697.09,False,False,51828.7451
2024-10-26,19.9303,2600.0,2600.5,2630.0,2630.5,2700.0,2705.0,2745.0,2750.0,2765.0,2770.0,2677.5,2658.54,2666.59,2674.63,2686.56,2691.31,2697.09,True,True,51828.7451
2024-10-27,19.9303,2600.0,2600.5,2630.0,2630.5,2700.0,2705.0,2745.0,2750.0,2765.0,2770.0,2677.5,2658.54,2666.59,2674.63,2686.56,2691.31,2697.09,True,True,51828.7451
2024-10-28,20.0007,2608.0,2610.0,2646.5,2647.0,2710.0,2715.0,2737.0,2742.0,2753.0,2758.0,2645.5,2626.81,2633.74,2641.63,2653.32,2658.07,2663.24,False,False,52201.827
2024-10-29,20.0208,2617.0,2617.5,2652.0,2653.0,2710.0,2715.0,2710.0,2715.0,2710.0,2715.0,2659.0,2642.57,2648.07,2655.39,2666.25,2671.0,2676.32,False,False,52404.444
2024-10-30,20.1617,2622.5,2623.0,2653.0,2654.0,2712.0,2717.0,2722.0,2727.0,2742.0,2747.0,2616.0,2599.29,2605.15,2612.44,2622.61,2627.36,2631.36,False,False,52884.1391
2024-10-31,20.0378,2617.0,2617.5,2642.0,2644.0,2700.0,2705.0,2725.0,2730.0,2743.0,2748.0,2617.5,2601.18,2607.29,2613.54,2622.14,2625.64,2630.39,False,False,52448.9415
2024-11-01,20.0908,2613.0,2613.5,2642.0,2642.5,2695.0,2700.0,2720.0,2725.0,2730.0,2735.0,2600.0,2579.4,2587.29,2595.45,2603.8,2607.05,2612.3,False,False,52507.3058
2024-11-02,20.0908,2613.0,2613.5,2642.0,2642.5,2695.0,2700.0,2720.0,2725.0,2730.0,2735.0,2600.0,2579.4,2587.29,2595.45,2603.8,2607.05,2612.3,True,True,52507.3058
2024-11-03,20.0908,2613.0,2613.5,2642.0,2642.5,2695.0,2700.0,2720.0,2725.0,2730.0,2735.0,2600.0,2579.4,2587.29,2595.45,2603.8,2607.05,2612.3,True,True,52507.3058
2024-11-04,20.0367,2579.0,2581.0,2608.5,2609.0,2665.0,2670.0,2693.0,2698.0,2708.0,2713.0,2620.0,2595.46,2605.18,2614.34,2623.45,2628.7,2632.7,False,False,51714.7227
2024-11-05,20.2695,2605.0,2605.5,2639.0,2640.0,2695.0,2700.0,2725.0,2730.0,2740.0,2745.0,2660.0,2633.94,2644.03,2654.26,2664.52,2670.02,2676.02,False,False,52812.1823
2024-11-06,20.3093,2549.0,2549.5,2587.0,2589.0,2647.0,2652.0,2672.0,2677.0,2683.0,2688.0,2615.5,2586.8,2597.3,2608.06,2620.58,2625.08,2630.58,False,False,51778.5604
2024-11-07,19.8277,2652.0,2652.5,2681.5,2682.0,2735.0,2740.0,2767.0,2772.0,2785.0,2790.0,2694.5,2666.72,2675.97,2686.98,2699.1,2701.09,2706.08,False,False,52592.9742
2024-11-08,20.1332,2599.5,2600.5,2635.0,2636.0,2680.0,2685.0,2690.0,2695.0,2693.0,2698.0,2620.5,2588.19,2600.64,2612.66,2626.19,2626.94,2631.44,False,False,52356.3866
2024-11-09,20.1332,2599.5,2600.5,2635.0,2636.0,2680.0,2685.0,2690.0,2695.0,2693.0,2698.0,2620.5,2588.19,2600.64,2612.66,2626.19,2626.94,2631.44,True,True,52356.3866
2024-11-10,20.1332,2599.5,2600.5,2635.0,2636.0,2680.0,2685.0,2690.0,2695.0,2693.0,2698.0,2620.5,2588.19,2600.64,2612.66,2626.19,2626.94,2631.44,True,True,52356.3866
2024-11-11,20.4502,2554.0,2555.0,2596.0,2598.0,2643.0,2648.0,2660.0,2665.0,2670.0,2675.0,2586.5,2551.72,2564.57,2576.15,2588.94,2588.94,2592.94,False,False,52250.261
2024-11-12,20.5693,2528.0,2530.0,2564.0,2565.0,2608.0,2613.0,2643.0,2648.0,2657.0,2662.0,2563.0,2531.11,2542.68,2553.31,2564.55,2563.95,2567.95,False,False,52040.329
2024-11-13,20.6025,2513.5,2514.0,2549.0,2549.5,2593.0,2598.0,2628.0,2633.0,2653.0,2658.0,2530.5,2498.33,2510.45,2520.66,2531.1,2529.95,2533.45,False,False,51794.685
2024-11-14,20.494,2503.0,2504.0,2524.0,2526.0,2572.0,2577.0,2617.0,2622.0,2652.0,2657.0,2516.5,2489.29,2500.2,2507.71,2516.69,2515.81,2519.81,False,False,51316.976
2024-11-15,20.3887,2640.5,2641.0,2670.0,2672.0,2690.0,2695.0,2700.0,2705.0,2705.0,2710.0,2649.5,2626.09,2633.11,2641.11,2648.69,2647.7,2651.45,False,False,53846.5567
2024-11-16,20.3887,2640.5,2641.0,2670.0,2672.0,2690.0,2695.0,2700.0,2705.0,2705.0,2710.0,2649.5,2626.09,2633.11,2641.11,2648.69,2647.7,2651.45,True,True,53846.5567
2024-11-17,20.3887,2640.5,2641.0,2670.0,2672.0,2690.0,2695.0,2700.0,2705.0,2705.0,2710.0,2649.5,2626.09,2633.11,2641.11,2648.69,2647.7,2651.45,True,True,53846.5567
2024-11-18,20.3887,2562.0,2563.0,2587.5,2588.0,2625.0,2630.0,2635.0,2640.0,2638.0,2643.0,2607.5,2589.86,2598.05,2607.02,2606.56,2610.31,2616.81,False,True,52256.2381
2024-11-19,20.1848,2582.5,2583.5,2607.0,2608.0,2645.0,2650.0,2655.0,2660.0,2660.0,2665.0,2644.5,2627.22,2635.39,2644.5,2643.56,2643.06,2648.06,False,False,52147.4308
2024-11-20,20.2903,2654.0,2654.5,2672.0,2672.5,2702.0,2707.0,2702.0,2707.0,2702.0,2707.0,2644.0,2625.67,2635.37,2645.28,2650.1,2651.6,2657.1,False,False,53860.6014
2024-11-21,20.3775,2590.0,2591.0,2625.0,2625.5,2663.0,2668.0,2685.0,2690.0,2700.0,2705.0,2631.5,2613.22,2621.85,2633.12,2639.41,2642.41,2649.41,False,False,52798.1025
2024-11-22,20.4872,2587.0,2589.0,2614.0,2615.0,2665.0,2670.0,2698.0,2703.0,2713.0,2718.0,2624.0,2607.35,2616.02,2626.13,2632.26,2634.76,2641.26,False,False,53041.3608
2024-11-23,20.4872,2587.0,2589.0,2614.0,2615.0,2665.0,2670.0,2698.0,2703.0,2713.0,2718.0,2624.0,2607.35,2616.02,2626.13,2632.26,2634.76,2641.26,True,True,53041.3608
2024-11-24,20.4872,2587.0,2589.0,2614.0,2615.0,2665.0,2670.0,2698.0,2703.0,2713.0,2718.0,2624.0,2607.35,2616.02,2626.13,2632.26,2634.76,2641.26,True,True,53041.3608
2024-11-25,20.2993,2615.5,2616.0,2643.0,2643.5,2682.0,2687.0,2692.0,2697.0,2682.0,2687.0,2652.0,2635.41,2644.34,2653.61,2660.28,2662.23,2668.23,False,False,53102.9688
2024-11-26,20.7185,2590.0,2590.5,2620.0,2621.0,2660.0,2665.0,2675.0,2680.0,2675.0,2680.0,2612.5,2596.12,2605.14,2613.23,2620.89,2623.39,2629.39,False,False,53671.2742
2024-11-27,20.6418,2576.5,2577.0,2606.0,2606.5,2640.0,2645.0,2658.0,2663.0,2660.0,2665.0,2595.5,2579.84,2589.24,2596.15,2602.71,2604.71,2610.21,False,False,53193.9186
2024-11-28,20.4173,2563.0,2564.0,2581.5,2582.0,2620.0,2625.0,2645.0,2650.0,2650.0,2655.0,2599.0,2584.29,2593.76,2599.57,2605.89,2607.89,2612.89,False,False,52349.9572
2024-11-29,20.3212,2570.0,2572.0,2585.5,2586.0,2617.0,2622.0,2640.0,2645.0,2653.0,2658.0,2594.0,2585.99,2594.48,2595.69,2600.39,2601.34,2605.34,False,False,52266.1264
2024-11-30,20.3212,2570.0,2572.0,2585.5,2586.0,2617.0,2622.0,2640.0,2645.0,2653.0,2658.0,2594.0,2585.99,2594.48,2595.69,2600.39,2601.34,2605.34,True,True,52266.1264
2024-12-01,20.3212,2570.0,2572.0,2585.5,2586.0,2617.0,2622.0,2640.0,2645.0,2653.0,2658.0,2594.0,2585.99,2594.48,2595.69,2600.39,2601.34,2605.34,True,True,52266.1264
2024-12-02,20.4357,2564.0,2564.5,2585.0,2587.0,2620.0,2625.0,2638.0,2643.0,2650.0,2655.0,2590.0,2576.5,2585.81,2590.75,2597.6,2599.6,2605.6,False,False,52407.3526
2024-12-03,20.3233,2576.5,2577.0,2601.0,2601.5,2638.0,2643.0,2658.0,2663.0,2673.0,2678.0,2609.5,2595.2,2605.09,2611.08,2617.08,2618.08,2623.08,False,False,52373.1441
2024-12-04,20.283,2582.5,2583.0,2614.0,2615.0,2643.0,2648.0,2663.0,2668.0,2678.0,2683.0,2646.5,2628.98,2640.69,2647.51,2655.13,2656.13,2660.88,False,False,52390.989
2024-12-05,20.1963,2620.0,2620.5,2643.5,2644.0,2678.0,2683.0,2695.0,2700.0,2710.0,2715.0,2639.0,2617.88,2629.36,2637.8,2646.33,2647.33,2651.5,False,False,52924.4042
2024-12-06,20.2275,2554.0,2555.0,2592.0,2592.5,2627.0,2632.0,2647.0,2652.0,2662.0,2667.0,2603.5,2576.38,2588.44,2600.91,2609.96,2610.96,2615.71,False,False,51681.2625
2024-12-07,20.2275,2554.0,2555.0,2592.0,2592.5,2627.0,2632.0,2647.0,2652.0,2662.0,2667.0,2603.5,2576.38,2588.44,2600.91,2609.96,2610.96,2615.71,True,True,51681.2625
2024-12-08,20.2275,2554.0,2555.0,2592.0,2592.5,2627.0,2632.0,2647.0,2652.0,2662.0,2667.0,2603.5,2576.38,2588.44,2600.91,2609.96,2610.96,2615.71,True,True,51681.2625
2024-12-09,20.1547,2555.5,2556.0,2596.0,2596.5,2630.0,2635.0,2655.0,2660.0,2675.0,2680.0,2588.0,2550.96,2564.05,2578.96,2588.45,2589.7,2595.2,False,False,51515.4132
2024-12-10,20.2485,2552.0,2553.0,2585.0,2587.0,2620.0,2625.0,2655.0,2660.0,2675.0,2680.0,2608.5,2569.93,2584.44,2600.11,2609.43,2610.43,2616.18,False,False,51694.4205
2024-12-11,20.1647,2555.0,2556.0,2594.0,2595.0,2625.0,2630.0,2660.0,2665.0,2680.0,2685.0,2601.0,2560.94,2576.04,2592.57,2601.42,2602.17,2607.42,False,False,51540.9732
2024-12-12,20.1647,2554.0,2555.0,2604.0,2604.5,2628.0,2633.0,2653.0,2658.0,2668.0,2673.0,2599.5,2558.48,2574.77,2591.23,2599.47,2599.46,2604.46,False,True,51520.8085
2024-12-13,20.142,2567.0,2567.5,2606.0,2606.5,2627.0,2632.0,2640.0,2645.0,2655.0,2660.0,2605.0,2566.38,2581.86,2597.45,2604.63,2604.38,2608.88,False,False,51714.585
2024-12-14,20.142,2567.0,2567.5,2606.0,2606.5,2627.0,2632.0,2640.0,2645.0,2655.0,2660.0,2605.0,2566.38,2581.86,2597.45,2604.63,2604.38,2608.88,True,True,51714.585
2024-12-15,20.142,2567.0,2567.5,2606.0,2606.5,2627.0,2632.0,2640.0,2645.0,2655.0,2660.0,2605.0,2566.38,2581.86,2597.45,2604.63,2604.38,2608.88,True,True,51714.585
2024-12-16,20.1448,2542.0,2543.0,2582.0,2584.0,2602.0,2607.0,2618.0,2623.0,2633.0,2638.0,2566.5,2541.34,2556.55,2565.46,2564.61,2569.61,2573.11,False,False,51228.2264
2024-12-17,20.2363,2496.0,2497.0,2533.0,2533.5,2555.0,2560.0,2580.0,2585.0,2595.0,2600.0,2542.5,2514.8,2530.7,2540.36,2540.38,2545.88,2551.38,False,False,50530.0411
2024-12-18,20.1395,2483.0,2483.5,2526.5,2527.0,2553.0,2558.0,2588.0,2593.0,2603.0,2608.0,2528.5,2502.62,2518.06,2526.89,2526.64,2531.64,2534.39,False,False,50016.4482
2024-12-19,20.4402,2469.5,2470.0,2511.5,2512.0,2540.0,2545.0,2570.0,2575.0,2590.0,2595.0,2507.0,2482.61,2498.32,2507.0,2505.8,2510.8,2515.05,False,False,50487.294
2024-12-20,20.1035,2482.5,2483.0,2524.5,2525.0,2548.0,2553.0,2582.0,2587.0,2602.0,2607.0,2534.5,2512.83,2529.33,2537.51,2533.78,2537.78,2542.03,False,False,49916.9905
2024-12-21,20.1035,2482.5,2483.0,2524.5,2525.0,2548.0,2553.0,2582.0,2587.0,2602.0,2607.0,2534.5,2512.83,2529.33,2537.51,2533.78,2537.78,2542.03,True,True,49916.9905
2024-12-22,20.1035,2482.5,2483.0,2524.5,2525.0,2548.0,2553.0,2582.0,2587.0,2602.0,2607.0,2534.5,2512.83,2529.33,2537.51,2533.78,2537.78,2542.03,True,True,49916.9905
2024-12-23,20.1948,2503.5,2504.0,2542.5,2543.0,2565.0,2570.0,2593.0,2598.0,2613.0,2618.0,2527.0,2506.69,2521.88,2530.13,2526.05,2530.05,2533.3,False,False,50567.7792
2024-12-24,20.1558,2541.0,2541.5,2570.0,2570.5,2590.0,2595.0,2615.0,2620.0,2635.0,2640.0,2565.0,2551.51,2564.75,2571.49,2565.66,2569.56,2572.06,False,False,51225.9657
2024-12-25,20.1558,2541.0,2541.5,2570.0,2570.5,2590.0,2595.0,2615.0,2620.0,2635.0,2640.0,2565.0,2551.51,2564.75,2571.49,2565.66,2569.56,2572.06,True,True,51225.9657
2024-12-26,20.1657,2541.0,2541.5,2570.0,2570.5,2590.0,2595.0,2615.0,2620.0,2635.0,2640.0,2565.0,2551.51,2564.75,2571.49,2565.66,2569.56,2572.06,True,False,51251.1266
2024-12-27,20.2683,2512.5,2513.0,2544.0,2545.0,2565.0,2570.0,2590.0,2595.0,2610.0,2615.0,2558.0,2541.94,2554.19,2562.95,2558.63,2560.95,2564.95,False,False,50934.2379
2024-12-28,20.2683,2512.5,2513.0,2544.0,2545.0,2565.0,2570.0,2590.0,2595.0,2610.0,2615.0,2558.0,2541.94,2554.19,2562.95,2558.63,2560.95,2564.95,True,True,50934.2379
2024-12-29,20.2683,2512.5,2513.0,2544.0,2545.0,2565.0,2570.0,2590.0,2595.0,2610.0,2615.0,2558.0,2541.94,2554.19,2562.95,2558.63,2560.95,2564.95,True,True,50934.2379
2024-12-30,20.5103,2529.0,2529.5,2550.0,2551.0,2578.0,2583.0,2600.0,2605.0,2620.0,2625.0,2551.0,2535.63,2545.52,2554.5,2551.97,2553.97,2556.97,False,False,51880.8039
2024-12-31,20.7862,2516.0,2516.5,2540.0,2540.5,2562.0,2567.0,2592.0,2597.0,2612.0,2617.0,2551.5,2536.48,2546.82,2554.97,2552.43,2554.98,2558.13,False,False,52308.4723
2025-01-01,20.7862,2516.0,2516.5,2540.0,2540.5,2562.0,2567.0,2592.0,2597.0,2612.0,2617.0,2551.5,2536.48,2546.82,2554.97,2552.43,2554.98,2558.13,True,True,52308.4723
2025-01-02,20.6917,2535.5,2536.0,2559.0,2561.0,2597.0,2602.0,2617.0,2622.0,2628.0,2633.0,2529.0,2510.91,2524.47,2532.78,2530.18,2532.71,2534.96,False,False,52474.1512
2025-01-03,20.6708,2474.0,2475.0,2504.5,2505.0,2545.0,2550.0,2565.0,2570.0,2578.0,2583.0,2493.5,2470.45,2486.44,2496.16,2493.32,2495.82,2499.32,False,False,51160.23
2025-01-04,20.6708,2474.0,2475.0,2504.5,2505.0,2545.0,2550.0,2565.0,2570.0,2578.0,2583.0,2493.5,2470.45,2486.44,2496.16,2493.32,2495.82,2499.32,True,True,51160.23
2025-01-05,20.6708,2474.0,2475.0,2504.5,2505.0,2545.0,2550.0,2565.0,2570.0,2578.0,2583.0,2493.5,2470.45,2486.44,2496.16,2493.32,2495.82,2499.32,True,True,51160.23
2025-01-06,20.3195,2479.5,2480.0,2510.0,2511.0,2558.0,2563.0,2578.0,2583.0,2590.0,2595.0,2490.0,2462.44,2480.21,2491.21,2489.16,2492.01,2494.76,False,False,50392.36
2025-01-07,20.344,2483.5,2484.0,2512.5,2513.0,2557.0,2562.0,2575.0,2580.0,2583.0,2588.0,2517.5,2491.79,2509.58,2519.45,2516.57,2519.52,2521.02,False,False,50534.496
2025-01-08,20.3823,2473.5,2474.0,2501.0,2501.5,2535.0,2540.0,2555.0,2560.0,2555.0,2560.0,2498.5,2472.57,2490.3,2500.39,2497.14,2500.14,2502.64,False,False,50425.8102
2025-01-09,20.4742,2502.0,2502.5,2532.0,2533.0,2573.0,2578.0,2590.0,2595.0,2603.0,2608.0,2539.0,2521.8,2537.97,2545.74,2538.31,2541.81,2544.81,False,False,51236.6855
2025-01-10,20.7045,2560.0,2560.5,2575.0,2577.0,2583.0,2588.0,2575.0,2580.0,2590.0,2595.0,2571.5,2558.59,2575.36,2582.81,2570.82,2572.31,2573.31,False,False,53013.8722
2025-01-11,20.7045,2560.0,2560.5,2575.0,2577.0,2583.0,2588.0,2575.0,2580.0,2590.0,2595.0,2571.5,2558.59,2575.36,2582.81,2570.82,2572.31,2573.31,True,True,53013.8722
2025-01-12,20.7045,2560.0,2560.5,2575.0,2577.0,2583.0,2588.0,2575.0,2580.0,2590.0,2595.0,2571.5,2558.59,2575.36,2582.81,2570.82,2572.31,2573.31,True,True,53013.8722
2025-01-13,20.8012,2572.0,2573.0,2587.0,2588.0,2598.0,2603.0,2602.0,2607.0,2607.0,2612.0,2578.5,2578.87,2587.68,2578.44,2580.69,2583.93,2586.43,False,False,53521.4876
2025-01-14,20.482,2554.0,2554.5,2572.0,2572.5,2605.0,2610.0,2618.0,2623.0,2618.0,2623.0,2560.0,2559.06,2567.1,2560.01,2562.98,2565.73,2568.98,False,False,52321.269
2025-01-15,20.4875,2560.0,2562.0,2578.0,2579.0,2610.0,2615.0,2623.0,2628.0,2623.0,2628.0,2601.5,2605.8,2611.26,2601.57,2602.71,2604.5,2607.0,False,False,52488.975
2025-01-16,20.7732,2627.5,2628.0,2637.0,2637.5,2638.0,2643.0,2628.0,2633.0,2623.0,2628.0,2636.5,2641.03,2645.24,2636.5,2636.52,2637.02,2638.77,False,False,54591.9696
2025-01-17,20.718,2658.0,2658.5,2665.5,2666.0,2673.0,2678.0,2668.0,2673.0,2663.0,2668.0,2684.5,2691.04,2697.2,2688.42,2686.71,2687.21,2688.57,False,False,55078.803
2025-01-18,20.718,2658.0,2658.5,2665.5,2666.0,2673.0,2678.0,2668.0,2673.0,2663.0,2668.0,2684.5,2691.04,2697.2,2688.42,2686.71,2687.21,2688.57,True,True,55078.803
2025-01-19,20.718,2658.0,2658.5,2665.5,2666.0,2673.0,2678.0,2668.0,2673.0,2663.0,2668.0,2684.5,2691.04,2697.2,2688.42,2686.71,2687.21,2688.57,True,True,55078.803
2025-01-20,20.543,2673.0,2675.0,2682.0,2682.5,2687.0,2692.0,2677.0,2682.0,2672.0,2677.0,2691.5,2697.95,2704.85,2695.63,2693.6,2694.6,2696.1,False,False,54952.525
2025-01-21,20.6358,2635.0,2635.5,2650.0,2650.5,2658.0,2663.0,2648.0,2653.0,2633.0,2638.0,2646.0,2646.56,2651.74,2647.58,2648.74,2650.99,2652.49,False,False,54385.6509
2025-01-22,20.5397,2610.0,2611.0,2626.5,2627.0,2648.0,2653.0,2655.0,2660.0,2655.0,2660.0,2634.0,2633.78,2639.21,2635.11,2637.75,2640.25,2642.0,False,False,53629.1567
2025-01-23,20.3943,2605.0,2605.5,2615.0,2616.0,2655.0,2660.0,2667.0,2672.0,2677.0,2682.0,2623.5,2631.18,2633.21,2625.16,2626.88,2629.38,2631.38,False,False,53137.3486
2025-01-24,20.2255,2638.0,2640.0,2644.0,2644.5,2680.0,2685.0,2690.0,2695.0,2692.0,2697.0,2641.0,2649.58,2651.95,2643.07,2644.47,2647.47,2649.97,False,False,53395.32
2025-01-25,20.2255,2638.0,2640.0,2644.0,2644.5,2680.0,2685.0,2690.0,2695.0,2692.0,2697.0,2641.0,2649.58,2651.95,2643.07,2644.47,2647.47,2649.97,True,True,53395.32
2025-01-26,20.2255,2638.0,2640.0,2644.0,2644.5,2680.0,2685.0,2690.0,2695.0,2692.0,2697.0,2641.0,2649.58,2651.95,2643.07,2644.47,2647.47,2649.97,True,True,53395.32
2025-01-27,20.7002,2616.0,2616.5,2620.5,2621.5,2663.0,2668.0,2673.0,2678.0,2685.0,2690.0,2602.5,2608.22,2611.9,2604.5,2606.46,2610.3,2613.3,False,False,54162.0733
2025-01-28,20.5668,2570.0,2572.0,2580.0,2581.0,2635.0,2640.0,2653.0,2658.0,2667.0,2672.0,2572.5,2579.99,2582.5,2574.18,2576.88,2580.8,2584.13,False,False,52897.8096
2025-01-29,20.5677,2590.0,2590.5,2596.0,2597.0,2667.0,2672.0,2693.0,2698.0,2708.0,2713.0,2619.5,2628.37,2630.34,2621.35,2623.76,2627.01,2629.26,False,False,53280.6268
2025-01-30,20.4497,2616.0,2617.0,2620.5,2621.0,2672.0,2677.0,2693.0,2698.0,2708.0,2713.0,2626.5,2636.72,2638.82,2629.17,2630.39,2633.39,2636.0,False,False,53516.8649
2025-01-31,20.6068,2596.0,2598.0,2597.5,2598.0,2653.0,2658.0,2680.0,2685.0,2698.0,2703.0,2594.0,2602.77,2606.75,2596.54,2597.77,2600.76,2603.27,False,False,53536.4664
2025-02-01,20.6068,2596.0,2598.0,2597.5,2598.0,2653.0,2658.0,2680.0,2685.0,2698.0,2703.0,2594.0,2602.77,2606.75,2596.54,2597.77,2600.76,2603.27,True,True,53536.4664
2025-02-02,20.6068,2596.0,2598.0,2597.5,2598.0,2653.0,2658.0,2680.0,2685.0,2698.0,2703.0,2594.0,2602.77,2606.75,2596.54,2597.77,2600.76,2603.27,True,True,53536.4664
2025-02-03,20.6068,2583.5,2584.0,2579.0,2580.0,2627.0,2632.0,2653.0,2658.0,2653.0,2658.0,2623.0,2639.08,2641.24,2626.36,2626.56,2629.24,2630.49,False,True,53247.9712
2025-02-04,20.4268,2633.0,2634.0,2621.0,2622.0,2668.0,2673.0,2683.0,2688.0,2700.0,2705.0,2637.5,2655.7,2656.3,2640.68,2639.92,2642.51,2643.43,False,False,53804.1912
2025-02-05,20.6363,2609.5,2610.0,2606.0,2607.0,2645.0,2650.0,2655.0,2660.0,2658.0,2663.0,2616.0,2626.12,2628.89,2619.04,2619.67,2622.42,2622.92,False,False,53860.743
2025-02-06,20.5125,2637.0,2638.0,2629.0,2630.0,2658.0,2663.0,2678.0,2683.0,2685.0,2690.0,2619.0,2627.75,2629.08,2620.36,2621.96,2624.46,2623.96,False,False,54111.975
2025-02-07,20.5512,2639.0,2639.5,2634.0,2634.5,2657.0,2662.0,2667.0,2672.0,2672.0,2677.0,2628.0,2634.77,2635.69,2629.44,2632.02,2634.27,2634.27,False,False,54244.8924
2025-02-08,20.5512,2639.0,2639.5,2634.0,2634.5,2657.0,2662.0,2667.0,2672.0,2672.0,2677.0,2628.0,2634.77,2635.69,2629.44,2632.02,2634.27,2634.27,True,True,54244.8924
2025-02-09,20.5512,2639.0,2639.5,2634.0,2634.5,2657.0,2662.0,2667.0,2672.0,2672.0,2677.0,2628.0,2634.77,2635.69,2629.44,2632.02,2634.27,2634.27,True,True,54244.8924
2025-02-10,20.6693,2639.5,2640.0,2635.0,2636.0,2657.0,2662.0,2662.0,2667.0,2662.0,2667.0,2658.5,2667.61,2666.73,2659.59,2661.78,2664.53,2665.48,False,False,54566.952
2025-02-11,20.568,2646.5,2647.0,2640.0,2640.5,2667.0,2672.0,2672.0,2677.0,2677.0,2682.0,2644.0,2650.28,2648.3,2644.31,2647.23,2650.74,2651.99,False,False,54443.496
2025-02-12,20.4917,2628.0,2628.5,2618.0,2618.5,2665.0,2670.0,2680.0,2685.0,2695.0,2700.0,2621.0,2631.83,2626.28,2621.85,2625.29,2629.79,2631.24,False,False,53862.4334
2025-02-13,20.4978,2625.0,2627.0,2611.5,2612.5,2653.0,2658.0,2673.0,2678.0,2695.0,2700.0,2603.5,2616.93,2607.69,2605.12,2607.16,2610.75,2613.25,False,False,53847.7206
2025-02-14,20.3082,2660.0,2662.0,2643.0,2645.0,2678.0,2683.0,2698.0,2703.0,2703.0,2708.0,2637.5,2662.04,2646.8,2642.4,2641.19,2643.19,2644.69,False,False,54060.4284
2025-02-15,20.3082,2660.0,2662.0,2643.0,2645.0,2678.0,2683.0,2698.0,2703.0,2703.0,2708.0,2637.5,2662.04,2646.8,2642.4,2641.19,2643.19,2644.69,True,True,54060.4284
2025-02-16,20.3082,2660.0,2662.0,2643.0,2645.0,2678.0,2683.0,2698.0,2703.0,2703.0,2708.0,2637.5,2662.04,2646.8,2642.4,2641.19,2643.19,2644.69,True,True,54060.4284
2025-02-17,20.283,2659.0,2660.0,2626.0,2627.0,2668.0,2673.0,2680.0,2685.0,2693.0,2698.0,2645.0,2658.34,2651.18,2647.41,2650.41,2652.41,2655.51,False,False,53952.78
2025-02-18,20.2617,2660.0,2661.0,2638.0,2639.0,2683.0,2688.0,2693.0,2698.0,2710.0,2715.0,2668.5,2678.51,2671.75,2668.95,2672.16,2674.5,2677.75,False,False,53916.3837
2025-02-19,20.4208,2709.0,2709.5,2692.0,2692.5,2682.0,2687.0,2683.0,2688.0,2693.0,2698.0,2687.0,2696.83,2691.16,2687.09,2687.26,2685.81,2687.56,False,False,55330.1576
2025-02-20,20.3733,2719.0,2720.0,2714.0,2715.0,2695.0,2700.0,2693.0,2698.0,2693.0,2698.0,2727.5,2734.91,2730.28,2727.51,2726.23,2724.78,2726.28,False,False,55415.376
2025-02-21,20.3448,2701.0,2702.0,2693.0,2694.0,2683.0,2688.0,2683.0,2688.0,2688.0,2693.0,2688.0,2692.66,2688.92,2688.0,2687.38,2686.38,2687.88,False,False,54971.6496
2025-02-22,20.3448,2701.0,2702.0,2693.0,2694.0,2683.0,2688.0,2683.0,2688.0,2688.0,2693.0,2688.0,2692.66,2688.92,2688.0,2687.38,2686.38,2687.88,True,True,54971.6496
2025-02-23,20.3448,2701.0,2702.0,2693.0,2694.0,2683.0,2688.0,2683.0,2688.0,2688.0,2693.0,2688.0,2692.66,2688.92,2688.0,2687.38,2686.38,2687.88,True,True,54971.6496
2025-02-24,20.464,2672.0,2673.0,2662.0,2663.0,2668.0,2673.0,2675.0,2680.0,2683.0,2688.0,2655.5,2663.81,2658.47,2656.89,2657.15,2656.15,2658.15,False,False,54700.272
2025-02-25,20.4683,2668.0,2669.0,2642.0,2642.5,2653.0,2658.0,2662.0,2667.0,2668.0,2673.0,2638.5,2649.09,2642.63,2640.23,2641.17,2640.66,2642.27,False,False,54629.8927
2025-02-26,20.4277,2670.0,2670.5,2650.0,2650.5,2660.0,2665.0,2670.0,2675.0,2677.0,2682.0,2632.5,2644.21,2637.24,2633.86,2635.46,2635.95,2637.45,False,False,54552.1728
2025-02-27,20.4722,2654.5,2655.0,2642.0,2643.0,2668.0,2673.0,2685.0,2690.0,2693.0,2698.0,2632.5,2647.79,2639.06,2634.17,2634.99,2635.24,2637.24,False,False,54353.691
2025-02-28,20.508,2637.0,2637.5,2618.0,2618.5,2645.0,2650.0,2645.0,2650.0,2652.0,2657.0,2605.5,2620.84,2610.59,2606.9,2608.55,2609.55,2612.75,False,False,54089.85
2025-03-01,20.508,2637.0,2637.5,2618.0,2618.5,2645.0,2650.0,2645.0,2650.0,2652.0,2657.0,2605.5,2620.84,2610.59,2606.9,2608.55,2609.55,2612.75,True,True,54089.85
2025-03-02,20.508,2637.0,2637.5,2618.0,2618.5,2645.0,2650.0,2645.0,2650.0,2652.0,2657.0,2605.5,2620.84,2610.59,2606.9,2608.55,2609.55,2612.75,True,True,54089.85
2025-03-03,20.4333,2623.0,2624.0,2613.5,2614.0,2648.0,2653.0,2655.0,2660.0,2678.0,2683.0,2611.0,2626.42,2614.85,2611.54,2613.23,2614.23,2617.5,False,False,53616.9792
2025-03-04,20.8518,2633.5,2634.0,2619.0,2619.5,2647.0,2652.0,2658.0,2663.0,2665.0,2670.0,2616.5,2633.08,2622.04,2618.04,2619.46,2619.46,2622.96,False,False,54923.6412
2025-03-05,20.3893,2652.0,2653.0,2640.0,2642.0,2655.0,2660.0,2665.0,2670.0,2672.0,2677.0,2658.5,2673.27,2663.1,2660.65,2662.54,2661.28,2664.29,False,False,54092.8129
2025-03-06,20.2777,2708.0,2709.0,2696.0,2698.0,2710.0,2715.0,2717.0,2722.0,2718.0,2723.0,2697.0,2713.14,2703.06,2699.61,2701.54,2699.89,2701.64,False,False,54932.2893
2025-03-07,20.283,2692.5,2693.0,2682.0,2682.5,2693.0,2698.0,2700.0,2705.0,2702.0,2707.0,2705.5,2724.68,2712.69,2709.56,2710.64,2708.5,2711.5,False,False,54622.119
2025-03-08,20.283,2692.5,2693.0,2682.0,2682.5,2693.0,2698.0,2700.0,2705.0,2702.0,2707.0,2705.5,2724.68,2712.69,2709.56,2710.64,2708.5,2711.5,True,True,54622.119
2025-03-09,20.283,2692.5,2693.0,2682.0,2682.5,2693.0,2698.0,2700.0,2705.0,2702.0,2707.0,2705.5,2724.68,2712.69,2709.56,2710.64,2708.5,2711.5,True,True,54622.119
2025-03-10,20.2922,2715.0,2716.0,2694.0,2696.0,2702.0,2707.0,2708.0,2713.0,2708.0,2713.0,2694.0,2713.12,2698.59,2694.51,2696.05,2693.79,2697.54,False,False,55113.6152
2025-03-11,20.3388,2724.0,2725.0,2704.5,2705.5,2717.0,2722.0,2723.0,2728.0,2728.0,2733.0,2703.0,2723.71,2706.54,2702.16,2703.65,2701.15,2704.65,False,False,55423.23
2025-03-12,20.1828,2736.5,2737.0,2720.0,2721.0,2718.0,2723.0,2723.0,2728.0,2728.0,2733.0,2702.5,2720.14,2703.2,2699.71,2701.71,2698.71,2701.96,False,False,55240.3236
2025-03-13,20.0848,2693.5,2694.0,2675.5,2676.0,2695.0,2700.0,2710.0,2715.0,2720.0,2725.0,2703.0,2722.5,2703.44,2700.99,2703.26,2700.76,2703.94,False,False,54108.4512
2025-03-14,19.8693,2712.0,2713.0,2688.5,2689.0,2712.0,2717.0,2727.0,2732.0,2747.0,2752.0,2681.5,2701.04,2681.52,2678.42,2681.26,2680.76,2684.52,False,False,53905.4109
2025-03-15,19.8693,2712.0,2713.0,2688.5,2689.0,2712.0,2717.0,2727.0,2732.0,2747.0,2752.0,2681.5,2701.04,2681.52,2678.42,2681.26,2680.76,2684.52,True,True,53905.4109
2025-03-16,19.8693,2712.0,2713.0,2688.5,2689.0,2712.0,2717.0,2727.0,2732.0,2747.0,2752.0,2681.5,2701.04,2681.52,2678.42,2681.26,2680.76,2684.52,True,True,53905.4109
2025-03-17,19.8693,2714.5,2715.0,2693.5,2694.0,2717.0,2722.0,2727.0,2732.0,2747.0,2752.0,2687.0,2686.17,2683.4,2686.25,2688.02,2692.5,2695.5,False,True,53945.1495
2025-03-18,19.9845,2680.0,2681.0,2668.0,2670.0,2697.0,2702.0,2702.0,2707.0,2722.0,2727.0,2654.5,2655.98,2651.46,2654.5,2656.46,2660.96,2663.96,False,False,53578.4445
2025-03-19,20.0553,2685.0,2687.0,2675.0,2677.0,2705.0,2710.0,2718.0,2723.0,2738.0,2743.0,2671.0,2675.04,2669.47,2672.0,2674.14,2678.0,2681.0,False,False,53888.5911
2025-03-20,20.1345,2685.0,2685.5,2670.0,2671.0,2693.0,2698.0,2698.0,2703.0,2718.0,2723.0,2659.5,2662.0,2658.03,2660.93,2662.85,2666.34,2669.5,False,False,54071.1998
2025-03-21,20.2163,2651.5,2652.0,2634.0,2636.0,2665.0,2670.0,2678.0,2683.0,2700.0,2705.0,2622.5,2623.01,2620.16,2623.11,2625.83,2630.25,2634.0,False,False,53613.6276
2025-03-22,20.2163,2651.5,2652.0,2634.0,2636.0,2665.0,2670.0,2678.0,2683.0,2700.0,2705.0,2622.5,2623.01,2620.16,2623.11,2625.83,2630.25,2634.0,True,True,53613.6276
2025-03-23,20.2163,2651.5,2652.0,2634.0,2636.0,2665.0,2670.0,2678.0,2683.0,2700.0,2705.0,2622.5,2623.01,2620.16,2623.11,2625.83,2630.25,2634.0,True,True,53613.6276
2025-03-24,20.1123,2640.0,2640.5,2627.5,2628.5,2650.0,2655.0,2663.0,2668.0,2685.0,2690.0,2615.5,2612.33,2611.77,2614.79,2617.81,2622.31,2626.21,False,False,53106.5282
2025-03-25,20.0762,2606.0,2608.0,2614.0,2614.5,2652.0,2657.0,2668.0,2673.0,2695.0,2700.0,2609.5,2588.16,2600.21,2606.62,2612.49,2617.24,2622.49,False,False,52358.7296
2025-03-26,20.0963,2599.5,2600.0,2616.0,2617.0,2665.0,2670.0,2692.0,2697.0,2720.0,2725.0,2607.0,2584.59,2597.54,2603.77,2609.8,2614.3,2619.75,False,False,52250.38
2025-03-27,20.3182,2556.5,2557.0,2575.0,2575.5,2642.0,2647.0,2678.0,2683.0,2710.0,2715.0,2562.5,2546.99,2558.25,2560.97,2566.48,2572.48,2577.48,False,False,51953.6374
2025-03-28,20.4003,2557.0,2559.0,2562.0,2562.5,2608.0,2613.0,2638.0,2643.0,2670.0,2675.0,2547.5,2534.11,2546.19,2546.07,2550.78,2555.75,2561.0,False,False,52204.3677
2025-03-29,20.4003,2557.0,2559.0,2562.0,2562.5,2608.0,2613.0,2638.0,2643.0,2670.0,2675.0,2547.5,2534.11,2546.19,2546.07,2550.78,2555.75,2561.0,True,True,52204.3677
2025-03-30,20.4003,2557.0,2559.0,2562.0,2562.5,2608.0,2613.0,2638.0,2643.0,2670.0,2675.0,2547.5,2534.11,2546.19,2546.07,2550.78,2555.75,2561.0,True,True,52204.3677
2025-03-31,20.438,2518.0,2518.5,2540.0,2541.0,2598.0,2603.0,2630.0,2635.0,2658.0,2663.0,2533.0,2516.15,2529.42,2530.31,2536.18,2541.43,2546.68,False,False,51473.103
2025-04-01,20.3587,2498.0,2499.0,2514.0,2515.0,2583.0,2588.0,2618.0,2623.0,2653.0,2658.0,2507.0,2486.11,2501.0,2503.93,2509.66,2515.0,2520.25,False,False,50876.3913
2025-04-02,20.4568,2479.5,2480.0,2498.0,2500.0,2573.0,2578.0,2610.0,2615.0,2648.0,2653.0,2490.5,2465.7,2482.45,2486.8,2492.61,2498.35,2502.85,False,False,50732.864
2025-04-03,19.9708,2436.0,2436.5,2462.0,2464.0,2535.0,2540.0,2573.0,2578.0,2610.0,2615.0,2448.0,2419.38,2435.87,2442.53,2450.01,2457.01,2462.51,False,False,48658.8542
2025-04-04,20.501,2355.0,2355.5,2392.0,2394.0,2483.0,2488.0,2535.0,2540.0,2572.0,2577.0,2378.5,2346.04,2363.53,2371.61,2380.6,2389.35,2397.84,False,False,48290.1055
2025-04-05,20.501,2355.0,2355.5,2392.0,2394.0,2483.0,2488.0,2535.0,2540.0,2572.0,2577.0,2378.5,2346.04,2363.53,2371.61,2380.6,2389.35,2397.84,True,True,48290.1055
2025-04-06,20.501,2355.0,2355.5,2392.0,2394.0,2483.0,2488.0,2535.0,2540.0,2572.0,2577.0,2378.5,2346.04,2363.53,2371.61,2380.6,2389.35,2397.84,True,True,48290.1055
2025-04-07,20.6947,2349.0,2350.0,2379.0,2380.0,2485.0,2490.0,2543.0,2548.0,2595.0,2600.0,2370.5,2334.44,2353.15,2363.52,2372.92,2384.92,2393.92,False,False,48632.545
2025-04-08,20.6867,2365.0,2366.0,2404.5,2405.0,2513.0,2518.0,2570.0,2575.0,2623.0,2628.0,2349.0,2310.83,2330.79,2342.09,2351.01,2362.31,2370.0,False,False,48944.7322
2025-04-09,20.7653,2283.0,2285.0,2326.5,2327.0,2442.0,2447.0,2502.0,2507.0,2552.0,2557.0,2316.0,2278.27,2298.27,2309.42,2317.96,2327.92,2336.92,False,False,47448.7105
2025-04-10,20.492,2343.0,2343.5,2387.0,2388.0,2505.0,2510.0,2570.0,2575.0,2632.0,2637.0,2370.0,2333.14,2352.81,2365.07,2371.5,2380.75,2389.5,False,False,48023.002
2025-04-11,20.3363,2363.0,2364.0,2404.0,2405.0,2518.0,2523.0,2583.0,2588.0,2643.0,2648.0,2396.5,2359.79,2377.66,2392.2,2398.2,2407.0,2416.5,False,False,48075.0132
2025-04-12,20.3363,2363.0,2364.0,2404.0,2405.0,2518.0,2523.0,2583.0,2588.0,2643.0,2648.0,2396.5,2359.79,2377.66,2392.2,2398.2,2407.0,2416.5,True,True,48075.0132
2025-04-13,20.3363,2363.0,2364.0,2404.0,2405.0,2518.0,2523.0,2583.0,2588.0,2643.0,2648.0,2396.5,2359.79,2377.66,2392.2,2398.2,2407.0,2416.5,True,True,48075.0132
2025-04-14,20.1025,2355.0,2355.5,2398.0,2399.0,2510.0,2515.0,2575.0,2580.0,2638.0,2643.0,2374.0,2352.87,2368.61,2374.67,2383.67,2393.17,2401.17,False,False,47351.4388
2025-04-15,20.0213,2333.0,2333.5,2374.0,2375.0,2488.0,2493.0,2553.0,2558.0,2615.0,2620.0,2375.0,2354.38,2369.5,2374.85,2384.03,2393.53,2402.53,False,False,46719.7036
2025-04-16,19.9737,2332.0,2332.5,2369.5,2370.0,2487.0,2492.0,2550.0,2555.0,2608.0,2613.0,2382.0,2363.43,2377.03,2382.0,2391.23,2400.48,2408.73,False,False,46588.6553
2025-04-17,19.9737,2327.0,2327.5,2366.0,2367.0,2483.0,2488.0,2547.0,2552.0,2602.0,2607.0,2365.5,2347.83,2361.53,2366.04,2375.04,2383.93,2392.5,False,True,46488.7868
2025-04-18,19.9737,2327.0,2327.5,2366.0,2367.0,2483.0,2488.0,2547.0,2552.0,2602.0,2607.0,2365.5,2347.83,2361.53,2366.04,2375.04,2383.93,2392.5,True,True,46488.7868
2025-04-19,19.9737,2327.0,2327.5,2366.0,2367.0,2483.0,2488.0,2547.0,2552.0,2602.0,2607.0,2365.5,2347.83,2361.53,2366.04,2375.04,2383.93,2392.5,True,True,46488.7868
2025-04-20,19.9737,2327.0,2327.5,2366.0,2367.0,2483.0,2488.0,2547.0,2552.0,2602.0,2607.0,2365.5,2347.83,2361.53,2366.04,2375.04,2383.93,2392.5,True,True,46488.7868
2025-04-21,19.6718,2327.0,2327.5,2366.0,2367.0,2483.0,2488.0,2547.0,2552.0,2602.0,2607.0,2365.5,2347.83,2361.53,2366.04,2375.04,2383.93,2392.5,True,False,45786.1145
2025-04-22,19.5688,2355.0,2355.5,2391.0,2391.5,2500.0,2505.0,2563.0,2568.0,2615.0,2620.0,2380.0,2366.35,2378.53,2380.09,2387.55,2396.05,2404.05,False,False,46094.3084
2025-04-23,19.6278,2383.5,2384.0,2421.5,2422.0,2527.0,2532.0,2590.0,2595.0,2643.0,2648.0,2432.0,2420.52,2432.79,2432.73,2438.38,2446.13,2453.88,False,False,46792.6752
2025-04-24,19.5825,2409.5,2410.0,2441.5,2442.0,2540.0,2545.0,2600.0,2605.0,2647.0,2652.0,2449.0,2438.64,2450.1,2449.28,2453.71,2461.0,2468.0,False,False,47193.825
2025-04-25,19.5478,2411.5,2412.0,2443.0,2444.0,2538.0,2543.0,2598.0,2603.0,2645.0,2650.0,2428.0,2414.8,2427.24,2427.03,2431.98,2438.53,2445.78,False,False,47149.2936
2025-04-26,19.5478,2411.5,2412.0,2443.0,2444.0,2538.0,2543.0,2598.0,2603.0,2645.0,2650.0,2428.0,2414.8,2427.24,2427.03,2431.98,2438.53,2445.78,True,True,47149.2936
2025-04-27,19.5478,2411.5,2412.0,2443.0,2444.0,2538.0,2543.0,2598.0,2603.0,2645.0,2650.0,2428.0,2414.8,2427.24,2427.03,2431.98,2438.53,2445.78,True,True,47149.2936
2025-04-28,19.5723,2399.5,2400.0,2431.5,2432.0,2522.0,2527.0,2582.0,2587.0,2623.0,2628.0,2434.0,2419.31,2432.37,2432.5,2436.51,2442.51,2450.01,False,False,46973.52
2025-04-29,19.5868,2429.5,2430.0,2462.0,2464.0,2547.0,2552.0,2607.0,2612.0,2647.0,2652.0,2465.5,2453.29,2465.5,2464.68,2467.89,2473.39,2480.5,False,False,47595.924
2025-04-30,19.6095,2404.0,2405.0,2430.0,2432.0,2513.0,2518.0,2572.0,2577.0,2600.0,2605.0,2399.5,2387.19,2399.67,2398.64,2401.84,2407.84,2415.34,False,False,47160.8475
2025-05-01,19.6095,2377.0,2377.5,2404.0,2405.0,2490.0,2495.0,2545.0,2550.0,2572.0,2577.0,2416.0,2404.72,2416.92,2415.57,2417.99,2423.74,2430.99,False,True,46621.5862
2025-05-02,19.657,2401.0,2401.5,2423.0,2424.0,2508.0,2513.0,2563.0,2568.0,2592.0,2597.0,2431.5,2419.55,2431.9,2431.67,2434.17,2440.17,2447.25,False,False,47206.2855
2025-05-03,19.657,2401.0,2401.5,2423.0,2424.0,2508.0,2513.0,2563.0,2568.0,2592.0,2597.0,2431.5,2419.55,2431.9,2431.67,2434.17,2440.17,2447.25,True,True,47206.2855
2025-05-04,19.657,2401.0,2401.5,2423.0,2424.0,2508.0,2513.0,2563.0,2568.0,2592.0,2597.0,2431.5,2419.55,2431.9,2431.67,2434.17,2440.17,2447.25,True,True,47206.2855
2025-05-05,19.6365,2401.0,2401.5,2423.0,2424.0,2508.0,2513.0,2563.0,2568.0,2592.0,2597.0,2431.5,2419.55,2431.9,2431.67,2434.17,2440.17,2447.25,True,False,47157.0548
2025-05-06,19.6785,2402.0,2404.0,2423.0,2424.0,2507.0,2512.0,2562.0,2567.0,2590.0,2595.0,2427.0,2411.15,2423.81,2424.3,2427.33,2433.58,2440.58,False,False,47307.114
2025-05-07,19.588,2363.0,2363.5,2390.0,2391.0,2475.0,2480.0,2525.0,2530.0,2553.0,2558.0,2382.5,2363.39,2376.37,2379.76,2382.83,2388.83,2396.83,False,False,46296.238
2025-05-08,19.5642,2363.0,2363.5,2388.0,2389.0,2473.0,2478.0,2532.0,2537.0,2572.0,2577.0,2412.5,2407.12,2411.58,2411.88,2413.65,2418.58,2425.58,False,False,46239.9867
2025-05-09,19.4912,2400.5,2401.0,2412.0,2413.0,2477.0,2482.0,2518.0,2523.0,2543.0,2548.0,2417.5,2411.38,2416.5,2417.32,2418.59,2423.59,2429.59,False,False,46798.3712
2025-05-10,19.4912,2400.5,2401.0,2412.0,2413.0,2477.0,2482.0,2518.0,2523.0,2543.0,2548.0,2417.5,2411.38,2416.5,2417.32,2418.59,2423.59,2429.59,True,True,46798.3712
2025-05-11,19.4912,2400.5,2401.0,2412.0,2413.0,2477.0,2482.0,2518.0,2523.0,2543.0,2548.0,2417.5,2411.38,2416.5,2417.32,2418.59,2423.59,2429.59,True,True,46798.3712
2025-05-12,19.6162,2468.0,2468.5,2478.0,2480.0,2540.0,2545.0,2582.0,2587.0,2612.0,2617.0,2480.0,2477.47,2479.47,2479.51,2480.5,2484.75,2490.25,False,False,48422.5897
2025-05-13,19.4373,2468.0,2470.0,2471.0,2472.0,2533.0,2538.0,2568.0,2573.0,2603.0,2608.0,2490.0,2494.78,2491.08,2491.17,2490.76,2495.16,2499.66,False,False,48010.131
2025-05-14,19.363,2529.5,2530.0,2525.0,2526.0,2582.0,2587.0,2617.0,2622.0,2650.0,2655.0,2528.5,2532.39,2529.27,2529.37,2529.36,2533.11,2537.0,False,False,48988.39
2025-05-15,19.478,2480.0,2480.5,2482.0,2482.5,2548.0,2553.0,2578.0,2583.0,2608.0,2613.0,2489.0,2488.79,2487.45,2489.04,2490.75,2494.76,2499.5,False,False,48315.179
2025-05-16,19.5147,2473.0,2473.5,2468.5,2469.0,2528.0,2533.0,2567.0,2572.0,2598.0,2603.0,2481.5,2486.79,2481.43,2481.97,2483.1,2486.86,2491.11,False,False,48269.6104
2025-05-17,19.5147,2473.0,2473.5,2468.5,2469.0,2528.0,2533.0,2567.0,2572.0,2598.0,2603.0,2481.5,2486.79,2481.43,2481.97,2483.1,2486.86,2491.11,True,True,48269.6104
2025-05-18,19.5147,2473.0,2473.5,2468.5,2469.0,2528.0,2533.0,2567.0,2572.0,2598.0,2603.0,2481.5,2486.79,2481.43,2481.97,2483.1,2486.86,2491.11,True,True,48269.6104
2025-05-19,19.3723,2450.0,2450.5,2452.0,2452.5,2513.0,2518.0,2550.0,2555.0,2575.0,2580.0,2450.0,2445.42,2448.01,2450.05,2454.03,2458.53,2466.03,False,False,47471.8211
2025-05-20,19.2648,2458.0,2458.5,2459.5,2460.0,2523.0,2528.0,2565.0,2570.0,2585.0,2590.0,2471.5,2465.26,2469.09,2471.5,2475.63,2480.5,2487.5,False,False,47362.5108
2025-05-21,19.3198,2460.0,2460.5,2468.0,2469.0,2532.0,2537.0,2573.0,2578.0,2593.0,2598.0,2471.5,2465.33,2469.56,2472.41,2476.2,2481.45,2488.45,False,False,47536.3679
2025-05-22,19.3227,2445.0,2445.5,2457.0,2459.0,2518.0,2523.0,2555.0,2560.0,2568.0,2573.0,2456.0,2450.02,2454.02,2457.27,2461.35,2466.1,2473.1,False,False,47253.6628
2025-05-23,19.2748,2435.0,2437.0,2447.0,2448.0,2508.0,2513.0,2548.0,2553.0,2575.0,2580.0,2463.5,2458.62,2460.76,2464.28,2468.5,2473.0,2480.0,False,False,46972.6876
2025-05-24,19.2748,2435.0,2437.0,2447.0,2448.0,2508.0,2513.0,2548.0,2553.0,2575.0,2580.0,2463.5,2458.62,2460.76,2464.28,2468.5,2473.0,2480.0,True,True,46972.6876
2025-05-25,19.2748,2435.0,2437.0,2447.0,2448.0,2508.0,2513.0,2548.0,2553.0,2575.0,2580.0,2463.5,2458.62,2460.76,2464.28,2468.5,2473.0,2480.0,True,True,46972.6876
2025-05-26,19.2188,2435.0,2437.0,2447.0,2448.0,2508.0,2513.0,2548.0,2553.0,2575.0,2580.0,2463.5,2458.62,2460.76,2464.28,2468.5,2473.0,2480.0,True,False,46836.2156
2025-05-27,19.2338,2470.0,2470.5,2471.0,2472.0,2530.0,2535.0,2573.0,2578.0,2592.0,2597.0,2485.0,2482.79,2483.23,2485.55,2489.25,2494.5,2500.5,False,False,47517.1029
2025-05-28,19.4,2478.0,2479.0,2478.0,2480.0,2535.0,2540.0,2572.0,2577.0,2590.0,2595.0,2468.5,2465.39,2465.72,2468.02,2472.11,2477.61,2484.25,False,False,48092.6
2025-05-29,19.328,2467.0,2468.0,2467.0,2468.0,2530.0,2535.0,2568.0,2573.0,2595.0,2600.0,2450.5,2445.6,2445.81,2448.86,2453.57,2459.0,2466.5,False,False,47701.504
2025-05-30,19.3858,2443.0,2445.0,2447.5,2448.0,2510.0,2515.0,2550.0,2555.0,2578.0,2583.0,2444.0,2437.92,2438.34,2441.87,2446.77,2451.77,2459.27,False,False,47398.281
2025-05-31,19.3858,2443.0,2445.0,2447.5,2448.0,2510.0,2515.0,2550.0,2555.0,2578.0,2583.0,2444.0,2437.92,2438.34,2441.87,2446.77,2451.77,2459.27,True,True,47398.281
2025-06-01,19.3858,2443.0,2445.0,2447.5,2448.0,2510.0,2515.0,2550.0,2555.0,2578.0,2583.0,2444.0,2437.92,2438.34,2441.87,2446.77,2451.77,2459.27,True,True,47398.281
2025-06-02,19.2338,2450.5,2451.0,2450.0,2452.0,2510.0,2515.0,2550.0,2555.0,2570.0,2575.0,2466.0,2460.11,2460.26,2463.78,2468.07,2473.06,2480.56,False,False,47142.0438
2025-06-03,19.2638,2444.0,2446.0,2447.0,2449.0,2510.0,2515.0,2553.0,2558.0,2573.0,2578.0,2463.5,2459.4,2459.43,2461.82,2465.46,2470.46,2477.5,False,False,47119.2548
2025-06-04,19.1932,2472.5,2473.0,2475.5,2476.0,2538.0,2543.0,2583.0,2588.0,2608.0,2613.0,2483.0,2477.91,2478.16,2481.03,2485.13,2489.86,2496.86,False,False,47464.7836
2025-06-05,19.17,2472.0,2472.5,2479.0,2480.0,2542.0,2547.0,2585.0,2590.0,2610.0,2615.0,2478.0,2471.76,2472.25,2475.44,2480.2,2485.26,2492.51,False,False,47397.825
2025-06-06,19.1317,2431.0,2431.5,2440.5,2441.0,2505.0,2510.0,2552.0,2557.0,2583.0,2588.0,2450.5,2441.67,2443.29,2447.3,2452.96,2458.46,2465.96,False,False,46518.7286
2025-06-07,19.1317,2431.0,2431.5,2440.5,2441.0,2505.0,2510.0,2552.0,2557.0,2583.0,2588.0,2450.5,2441.67,2443.29,2447.3,2452.96,2458.46,2465.96,True,True,46518.7286
2025-06-08,19.1317,2431.0,2431.5,2440.5,2441.0,2505.0,2510.0,2552.0,2557.0,2583.0,2588.0,2450.5,2441.67,2443.29,2447.3,2452.96,2458.46,2465.96,True,True,46518.7286
2025-06-09,19.0595,2468.0,2468.5,2471.0,2472.0,2538.0,2543.0,2588.0,2593.0,2620.0,2625.0,2479.0,2472.78,2472.76,2476.01,2480.84,2486.34,2493.59,False,False,47048.3758
2025-06-10,19.0518,2480.0,2482.0,2476.0,2476.5,2537.0,2542.0,2577.0,2582.0,2600.0,2605.0,2492.5,2494.48,2487.66,2489.93,2494.13,2498.85,2505.25,False,False,47286.5676
2025-06-11,18.879,2511.0,2511.5,2509.5,2510.0,2568.0,2573.0,2603.0,2608.0,2625.0,2630.0,2515.5,2521.4,2510.48,2512.7,2516.97,2521.5,2528.0,False,False,47414.6085
2025-06-12,18.9068,2509.5,2510.0,2511.0,2511.5,2572.0,2577.0,2608.0,2613.0,2638.0,2643.0,2517.5,2520.97,2512.06,2514.72,2518.97,2523.47,2529.72,False,False,47456.068
2025-06-13,18.9302,2484.5,2485.0,2486.5,2487.0,2550.0,2555.0,2590.0,2595.0,2620.0,2625.0,2503.0,2503.03,2499.59,2501.11,2504.29,2508.79,2514.79,False,False,47041.547
2025-06-14,18.9302,2484.5,2485.0,2486.5,2487.0,2550.0,2555.0,2590.0,2595.0,2620.0,2625.0,2503.0,2503.03,2499.59,2501.11,2504.29,2508.79,2514.79,True,True,47041.547
2025-06-15,18.9302,2484.5,2485.0,2486.5,2487.0,2550.0,2555.0,2590.0,2595.0,2620.0,2625.0,2503.0,2503.03,2499.59,2501.11,2504.29,2508.79,2514.79,True,True,47041.547
2025-06-16,18.9083,2508.0,2508.5,2506.0,2507.0,2568.0,2573.0,2613.0,2618.0,2653.0,2658.0,2513.5,2509.87,2511.11,2513.84,2517.51,2523.76,2529.12,False,False,47431.4706
2025-06-17,18.9872,2529.5,2530.0,2528.0,2530.0,2587.0,2592.0,2630.0,2635.0,2658.0,2663.0,2550.5,2548.31,2548.97,2550.5,2553.62,2558.12,2561.62,False,False,48037.616
2025-06-18,19.0047,2545.0,2545.5,2543.5,2544.0,2588.0,2593.0,2618.0,2623.0,2643.0,2648.0,2547.0,2548.4,2548.77,2549.06,2551.92,2555.48,2558.5,False,False,48376.4638
2025-06-19,19.0898,2524.5,2525.5,2526.0,2527.0,2578.0,2583.0,2610.0,2615.0,2635.0,2640.0,2521.5,2521.37,2522.37,2523.51,2526.51,2532.26,2535.75,False,False,48211.2899
2025-06-20,19.1458,2528.0,2529.0,2529.0,2529.5,2580.0,2585.0,2613.0,2618.0,2640.0,2645.0,2549.5,2556.93,2553.47,2552.27,2553.3,2557.05,2559.55,False,False,48419.7282
2025-06-21,19.1458,2528.0,2529.0,2529.0,2529.5,2580.0,2585.0,2613.0,2618.0,2640.0,2645.0,2549.5,2556.93,2553.47,2552.27,2553.3,2557.05,2559.55,True,True,48419.7282
2025-06-22,19.1458,2528.0,2529.0,2529.0,2529.5,2580.0,2585.0,2613.0,2618.0,2640.0,2645.0,2549.5,2556.93,2553.47,2552.27,2553.3,2557.05,2559.55,True,True,48419.7282
2025-06-23,19.1527,2598.0,2599.0,2584.0,2584.5,2625.0,2630.0,2653.0,2658.0,2673.0,2678.0,2588.5,2597.34,2595.33,2592.86,2591.35,2593.86,2595.75,False,False,49777.8673
2025-06-24,19.0267,2572.0,2572.5,2568.0,2569.0,2608.0,2613.0,2632.0,2637.0,2652.0,2657.0,2579.0,2578.87,2581.07,2582.6,2583.64,2587.64,2589.89,False,False,48946.1858
2025-06-25,18.9203,2555.0,2555.5,2562.0,2562.5,2610.0,2615.0,2638.0,2643.0,2663.0,2668.0,2563.5,2558.43,2562.22,2564.1,2566.68,2571.18,2573.85,False,False,48350.8266
2025-06-26,18.8928,2573.0,2573.5,2574.5,2575.0,2620.0,2625.0,2643.0,2648.0,2663.0,2668.0,2583.5,2583.9,2584.76,2585.77,2586.08,2589.08,2591.09,False,False,48620.6208
2025-06-27,18.8483,2582.5,2583.0,2580.0,2580.5,2622.0,2627.0,2650.0,2655.0,2678.0,2683.0,2595.0,2595.69,2596.24,2597.64,2597.66,2600.01,2602.5,False,False,48685.1589
2025-06-28,18.8483,2582.5,2583.0,2580.0,2580.5,2622.0,2627.0,2650.0,2655.0,2678.0,2683.0,2595.0,2595.69,2596.24,2597.64,2597.66,2600.01,2602.5,True,True,48685.1589
2025-06-29,18.8483,2582.5,2583.0,2580.0,2580.5,2622.0,2627.0,2650.0,2655.0,2678.0,2683.0,2595.0,2595.69,2596.24,2597.64,2597.66,2600.01,2602.5,True,True,48685.1589
2025-06-30,18.8332,2592.5,2593.0,2590.5,2591.5,2623.0,2628.0,2650.0,2655.0,2670.0,2675.0,2597.5,2597.8,2598.78,2600.06,2600.28,2603.03,2605.49,False,False,48834.4876
2025-07-01,18.765,2603.5,2604.0,2604.5,2605.5,2635.0,2640.0,2663.0,2668.0,2683.0,2688.0,2598.5,2599.61,2601.44,2602.96,2602.17,2604.67,2607.0,False,False,48864.06
2025-07-02,18.754,2601.5,2602.0,2597.0,2598.0,2633.0,2638.0,2657.0,2662.0,2677.0,2682.0,2620.0,2617.75,2621.62,2623.6,2623.5,2626.1,2628.5,False,False,48797.908
2025-07-03,18.6652,2603.5,2604.0,2608.5,2609.0,2640.0,2645.0,2665.0,2670.0,2685.0,2690.0,2605.0,2601.89,2605.17,2607.52,2609.03,2611.22,2612.97,False,False,48604.1808
2025-07-04,18.6327,2586.0,2587.0,2590.5,2591.0,2627.0,2632.0,2652.0,2657.0,2672.0,2677.0,2590.0,2588.27,2590.92,2592.71,2593.49,2596.0,2598.0,False,False,48202.7949
2025-07-05,18.6327,2586.0,2587.0,2590.5,2591.0,2627.0,2632.0,2652.0,2657.0,2672.0,2677.0,2590.0,2588.27,2590.92,2592.71,2593.49,2596.0,2598.0,True,True,48202.7949
2025-07-06,18.6327,2586.0,2587.0,2590.5,2591.0,2627.0,2632.0,2652.0,2657.0,2672.0,2677.0,2590.0,2588.27,2590.92,2592.71,2593.49,2596.0,2598.0,True,True,48202.7949
2025-07-07,18.6698,2565.5,2566.0,2564.0,2564.5,2603.0,2608.0,2635.0,2640.0,2655.0,2660.0,2573.5,2572.13,2573.56,2574.93,2576.25,2579.49,2581.74,False,False,47906.7068
2025-07-08,18.714,2585.0,2587.0,2585.0,2585.5,2623.0,2628.0,2657.0,2662.0,2677.0,2682.0,2586.0,2586.9,2586.61,2587.72,2588.08,2591.13,2593.43,False,False,48413.118
2025-07-09,18.5733,2579.5,2580.0,2579.5,2580.0,2617.0,2622.0,2650.0,2655.0,2670.0,2675.0,2596.5,2596.65,2595.41,2597.56,2598.32,2600.82,2603.67,False,False,47919.114
2025-07-10,18.6267,2608.5,2609.0,2610.0,2611.0,2645.0,2650.0,2680.0,2685.0,2705.0,2710.0,2607.5,2608.9,2606.74,2608.48,2609.35,2611.85,2614.5,False,False,48597.0603
2025-07-11,18.6595,2591.0,2591.5,2592.5,2593.0,2627.0,2632.0,2657.0,2662.0,2687.0,2692.0,2603.0,2602.45,2602.1,2603.82,2604.88,2607.39,2610.32,False,False,48356.0942
2025-07-12,18.6595,2591.0,2591.5,2592.5,2593.0,2627.0,2632.0,2657.0,2662.0,2687.0,2692.0,2603.0,2602.45,2602.1,2603.82,2604.88,2607.39,2610.32,True,True,48356.0942
2025-07-13,18.6595,2591.0,2591.5,2592.5,2593.0,2627.0,2632.0,2657.0,2662.0,2687.0,2692.0,2603.0,2602.45,2602.1,2603.82,2604.88,2607.39,2610.32,True,True,48356.0942
2025-07-14,18.751,2585.5,2586.0,2584.5,2585.0,2618.0,2623.0,2648.0,2653.0,2677.0,2682.0,2592.0,2588.89,2590.69,2591.25,2594.04,2596.79,2600.54,False,False,48490.086
2025-07-15,18.8397,2593.5,2594.0,2595.5,2596.0,2630.0,2635.0,2660.0,2665.0,2690.0,2695.0,2580.5,2578.86,2580.0,2580.5,2583.19,2586.19,2590.19,False,False,48870.1818
2025-07-16,18.7178,2567.5,2568.0,2566.0,2567.0,2603.0,2608.0,2635.0,2640.0,2665.0,2670.0,2577.5,2576.78,2578.22,2579.21,2581.68,2584.23,2587.98,False,False,48067.3104
2025-07-17,18.7685,2556.5,2557.0,2560.5,2561.0,2598.0,2603.0,2630.0,2635.0,2658.0,2663.0,2578.0,2576.01,2577.76,2579.51,2582.49,2585.01,2588.76,False,False,47991.0545
2025-07-18,18.72,2591.0,2591.5,2595.0,2596.0,2635.0,2640.0,2668.0,2673.0,2697.0,2702.0,2629.5,2629.84,2631.61,2632.31,2633.98,2635.48,2639.23,False,False,48512.88
2025-07-19,18.72,2591.0,2591.5,2595.0,2596.0,2635.0,2640.0,2668.0,2673.0,2697.0,2702.0,2629.5,2629.84,2631.61,2632.31,2633.98,2635.48,2639.23,True,True,48512.88
2025-07-20,18.72,2591.0,2591.5,2595.0,2596.0,2635.0,2640.0,2668.0,2673.0,2697.0,2702.0,2629.5,2629.84,2631.61,2632.31,2633.98,2635.48,2639.23,True,True,48512.88
2025-07-21,18.6455,2648.5,2649.0,2644.0,2646.0,2673.0,2678.0,2703.0,2708.0,2730.0,2735.0,2646.5,2648.57,2649.58,2649.23,2650.44,2651.75,2654.5,False,False,49391.9295
2025-07-22,18.6212,2638.0,2638.5,2638.0,2640.0,2668.0,2673.0,2702.0,2707.0,2728.0,2733.0,2658.5,2660.87,2661.81,2661.57,2662.29,2663.79,2666.54,False,False,49132.0362
2025-07-23,18.5735,2643.0,2645.0,2646.5,2647.0,2670.0,2675.0,2692.0,2697.0,2713.0,2718.0,2651.0,2652.59,2653.2,2653.75,2655.15,2657.65,2659.9,False,False,49126.9075
2025-07-24,18.5538,2646.0,2646.5,2648.0,2648.5,2678.0,2683.0,2700.0,2705.0,2722.0,2727.0,2647.0,2648.53,2648.87,2649.5,2650.68,2651.97,2654.97,False,False,49102.6317
2025-07-25,18.557,2656.5,2657.0,2655.5,2656.0,2688.0,2693.0,2710.0,2715.0,2733.0,2738.0,2635.5,2637.35,2637.45,2637.95,2639.03,2640.5,2643.49,False,False,49305.949
2025-07-26,18.557,2656.5,2657.0,2655.5,2656.0,2688.0,2693.0,2710.0,2715.0,2733.0,2738.0,2635.5,2637.35,2637.45,2637.95,2639.03,2640.5,2643.49,True,True,49305.949
2025-07-27,18.557,2656.5,2657.0,2655.5,2656.0,2688.0,2693.0,2710.0,2715.0,2733.0,2738.0,2635.5,2637.35,2637.45,2637.95,2639.03,2640.5,2643.49,True,True,49305.949
2025-07-28,18.7267,2632.0,2632.5,2631.5,2632.0,2665.0,2670.0,2688.0,2693.0,2710.0,2715.0,2631.5,2632.51,2632.5,2633.1,2634.43,2636.43,2639.43,False,False,49298.0378
2025-07-29,18.7642,2607.0,2609.0,2607.0,2608.0,2652.0,2657.0,2678.0,2683.0,2703.0,2708.0,2605.5,2604.94,2605.13,2605.85,2607.99,2609.94,2612.99,False,False,48955.7978
2025-07-30,18.796,2610.0,2611.0,2614.0,2615.0,2658.0,2663.0,2687.0,2692.0,2712.0,2717.0,2601.0,2599.58,2599.79,2600.65,2603.15,2604.65,2607.65,False,False,49076.356
2025-07-31,18.7963,2579.5,2580.0,2581.0,2581.5,2625.0,2630.0,2653.0,2658.0,2675.0,2680.0,2565.0,2563.88,2563.86,2564.51,2567.1,2568.86,2572.11,False,False,48494.454
2025-08-01,18.916,2544.0,2545.0,2546.0,2547.0,2593.0,2598.0,2628.0,2633.0,2658.0,2663.0,2566.0,2564.96,2564.98,2565.8,2568.05,2569.96,2573.71,False,False,48141.22
2025-08-02,18.916,2544.0,2545.0,2546.0,2547.0,2593.0,2598.0,2628.0,2633.0,2658.0,2663.0,2566.0,2564.96,2564.98,2565.8,2568.05,2569.96,2573.71,True,True,48141.22
2025-08-03,18.916,2544.0,2545.0,2546.0,2547.0,2593.0,2598.0,2628.0,2633.0,2658.0,2663.0,2566.0,2564.96,2564.98,2565.8,2568.05,2569.96,2573.71,True,True,48141.22
2025-08-04,18.8783,2574.5,2575.0,2568.0,2570.0,2618.0,2623.0,2658.0,2663.0,2683.0,2688.0,2553.0,2551.51,2551.64,2552.92,2554.79,2556.76,2561.26,False,False,48611.6225
2025-08-05,18.762,2567.5,2568.0,2566.0,2568.0,2625.0,2630.0,2663.0,2668.0,2688.0,2693.0,2562.5,2560.62,2560.66,2561.6,2564.94,2567.94,2572.93,False,False,48180.816
2025-08-06,18.6192,2589.0,2589.5,2591.0,2591.5,2652.0,2657.0,2690.0,2695.0,2715.0,2720.0,2609.0,2608.5,2608.61,2609.44,2611.46,2612.43,2615.93,False,False,48214.4184
2025-08-07,18.6765,2616.5,2617.0,2617.0,2619.0,2670.0,2675.0,2702.0,2707.0,2727.0,2732.0,2610.0,2608.46,2608.92,2610.29,2612.41,2613.69,2616.44,False,False,48876.4005
2025-08-08,18.5518,2608.5,2609.0,2610.0,2610.5,2658.0,2663.0,2693.0,2698.0,2720.0,2725.0,2609.0,2606.67,2606.77,2608.15,2610.94,2612.64,2616.14,False,False,48401.6462
2025-08-09,18.5518,2608.5,2609.0,2610.0,2610.5,2658.0,2663.0,2693.0,2698.0,2720.0,2725.0,2609.0,2606.67,2606.77,2608.15,2610.94,2612.64,2616.14,True,True,48401.6462
2025-08-10,18.5518,2608.5,2609.0,2610.0,2610.5,2658.0,2663.0,2693.0,2698.0,2720.0,2725.0,2609.0,2606.67,2606.77,2608.15,2610.94,2612.64,2616.14,True,True,48401.6462
2025-08-11,18.6683,2585.5,2586.5,2591.0,2591.5,2643.0,2648.0,2678.0,2683.0,2698.0,2703.0,2588.0,2583.76,2584.87,2586.17,2589.1,2590.85,2594.85,False,False,48285.5579
2025-08-12,18.5657,2603.0,2605.0,2610.0,2610.5,2658.0,2663.0,2692.0,2697.0,2713.0,2718.0,2619.5,2615.27,2616.46,2617.89,2620.37,2622.12,2625.12,False,False,48363.6485
2025-08-13,18.6353,2625.0,2626.0,2629.5,2630.0,2670.0,2675.0,2700.0,2705.0,2723.0,2728.0,2616.0,2612.97,2613.64,2615.57,2617.49,2618.64,2622.39,False,False,48936.2978
2025-08-14,18.8137,2607.5,2608.5,2608.0,2608.5,2653.0,2658.0,2688.0,2693.0,2710.0,2715.0,2619.5,2616.13,2616.73,2618.77,2620.58,2622.48,2626.48,False,False,49075.5364
2025-08-15,18.7295,2599.0,2600.0,2601.5,2602.0,2648.0,2653.0,2685.0,2690.0,2710.0,2715.0,2607.0,2608.65,2604.55,2605.59,2607.98,2609.98,2613.98,False,False,48696.7
2025-08-16,18.7295,2599.0,2600.0,2601.5,2602.0,2648.0,2653.0,2685.0,2690.0,2710.0,2715.0,2607.0,2608.65,2604.55,2605.59,2607.98,2609.98,2613.98,True,True,48696.7
2025-08-17,18.7295,2599.0,2600.0,2601.5,2602.0,2648.0,2653.0,2685.0,2690.0,2710.0,2715.0,2607.0,2608.65,2604.55,2605.59,2607.98,2609.98,2613.98,True,True,48696.7
2025-08-18,18.784,2586.0,2586.5,2582.0,2583.0,2630.0,2635.0,2667.0,2672.0,2692.0,2697.0,2588.5,2584.64,2586.54,2588.5,2589.75,2594.23,2597.75,False,False,48584.816
2025-08-19,18.7982,2571.5,2572.5,2573.0,2574.0,2623.0,2628.0,2667.0,2672.0,2692.0,2697.0,2563.5,2559.33,2561.3,2563.5,2565.25,2569.5,2573.76,False,False,48358.3695
2025-08-20,18.7572,2566.0,2567.0,2567.5,2568.0,2622.0,2627.0,2665.0,2670.0,2695.0,2700.0,2576.5,2574.59,2575.34,2577.33,2578.99,2582.74,2587.99,False,False,48149.7324
2025-08-21,18.7737,2570.0,2570.5,2571.0,2571.5,2623.0,2628.0,2665.0,2670.0,2695.0,2700.0,2585.0,2584.68,2584.75,2586.18,2587.59,2591.09,2595.59,False,False,48257.7958
2025-08-22,18.595,2588.5,2589.0,2586.5,2587.5,2637.0,2642.0,2680.0,2685.0,2710.0,2715.0,2624.5,2625.57,2625.57,2626.17,2627.71,2631.46,2634.71,False,False,48142.455
2025-08-23,18.595,2588.5,2589.0,2586.5,2587.5,2637.0,2642.0,2680.0,2685.0,2710.0,2715.0,2624.5,2625.57,2625.57,2626.17,2627.71,2631.46,2634.71,True,True,48142.455
2025-08-24,18.595,2588.5,2589.0,2586.5,2587.5,2637.0,2642.0,2680.0,2685.0,2710.0,2715.0,2624.5,2625.57,2625.57,2626.17,2627.71,2631.46,2634.71,True,True,48142.455
2025-08-25,18.6368,2588.5,2589.0,2586.5,2587.5,2637.0,2642.0,2680.0,2685.0,2710.0,2715.0,2624.5,2625.57,2625.57,2626.17,2627.71,2631.46,2634.71,True,False,48250.6752
2025-08-26,18.6843,2611.0,2611.5,2607.0,2609.0,2655.0,2660.0,2698.0,2703.0,2728.0,2733.0,2638.0,2640.81,2640.12,2640.11,2640.83,2644.32,2647.82,False,False,48794.0494
2025-08-27,18.6912,2616.0,2618.0,2616.0,2616.5,2662.0,2667.0,2703.0,2708.0,2733.0,2738.0,2602.5,2607.15,2603.65,2603.33,2604.96,2608.71,2612.46,False,False,48933.5616
2025-08-28,18.6522,2614.0,2615.0,2609.5,2610.0,2655.0,2660.0,2695.0,2700.0,2725.0,2730.0,2605.0,2609.14,2605.68,2605.79,2606.73,2610.48,2614.23,False,False,48775.503
2025-08-29,18.644,2620.0,2621.0,2615.0,2615.5,2660.0,2665.0,2700.0,2705.0,2730.0,2735.0,2615.5,2617.55,2615.0,2616.2,2617.25,2621.5,2625.7,False,False,48865.924
2025-08-30,18.644,2620.0,2621.0,2615.0,2615.5,2660.0,2665.0,2700.0,2705.0,2730.0,2735.0,2615.5,2617.55,2615.0,2616.2,2617.25,2621.5,2625.7,True,True,48865.924
2025-08-31,18.644,2620.0,2621.0,2615.0,2615.5,2660.0,2665.0,2700.0,2705.0,2730.0,2735.0,2615.5,2617.55,2615.0,2616.2,2617.25,2621.5,2625.7,True,True,48865.924
2025-09-01,18.646,2612.0,2612.5,2609.0,2610.0,2657.0,2662.0,2697.0,2702.0,2727.0,2732.0,2611.0,2614.43,2611.59,2612.04,2612.49,2616.74,2621.49,False,False,48712.675
2025-09-02,18.7072,2614.0,2615.0,2611.0,2612.0,2658.0,2663.0,2698.0,2703.0,2728.0,2733.0,2619.0,2623.15,2618.54,2619.67,2620.48,2624.73,2629.23,False,False,48919.328
2025-09-03,18.6873,2616.0,2617.0,2614.0,2614.5,2662.0,2667.0,2702.0,2707.0,2737.0,2742.0,2619.0,2620.88,2618.1,2619.4,2620.33,2625.08,2629.58,False,False,48904.6641
2025-09-04,18.7577,2605.5,2606.0,2600.0,2602.0,2650.0,2655.0,2692.0,2697.0,2727.0,2732.0,2591.5,2592.55,2590.0,2591.5,2593.08,2597.83,2602.83,False,False,48882.5662
2025-09-05,18.6792,2615.5,2616.0,2612.0,2613.0,2663.0,2668.0,2705.0,2710.0,2743.0,2748.0,2600.5,2600.66,2598.98,2600.71,2602.04,2606.54,2611.54,False,False,48864.7872
2025-09-06,18.6792,2615.5,2616.0,2612.0,2613.0,2663.0,2668.0,2705.0,2710.0,2743.0,2748.0,2600.5,2600.66,2598.98,2600.71,2602.04,2606.54,2611.54,True,True,48864.7872
2025-09-07,18.6792,2615.5,2616.0,2612.0,2613.0,2663.0,2668.0,2705.0,2710.0,2743.0,2748.0,2600.5,2600.66,2598.98,2600.71,2602.04,2606.54,2611.54,True,True,48864.7872
2025-09-08,18.655,2613.0,2613.5,2610.0,2612.0,2657.0,2662.0,2698.0,2703.0,2735.0,2740.0,2617.5,2619.27,2615.7,2617.31,2618.84,2622.27,2627.09,False,False,48754.8425
2025-09-09,18.6353,2620.0,2621.0,2616.5,2617.0,2662.0,2667.0,2697.0,2702.0,2730.0,2735.0,2622.5,2624.15,2621.06,2622.22,2623.72,2626.22,2631.22,False,False,48843.1213
2025-09-10,18.592,2623.0,2623.5,2620.0,2622.0,2665.0,2670.0,2702.0,2707.0,2737.0,2742.0,2625.0,2628.04,2624.83,2625.16,2625.84,2628.59,2632.84,False,False,48776.112
2025-09-11,18.5287,2655.5,2656.0,2649.5,2650.0,2677.0,2682.0,2703.0,2708.0,2732.0,2737.0,2673.5,2684.39,2676.23,2675.61,2673.71,2675.71,2678.81,False,False,49212.2272
2025-09-12,18.4757,2706.0,2707.0,2695.0,2695.5,2723.0,2728.0,2750.0,2755.0,2775.0,2780.0,2689.5,2695.6,2690.16,2690.42,2689.57,2692.32,2695.07,False,False,50013.7199
2025-09-13,18.4757,2706.0,2707.0,2695.0,2695.5,2723.0,2728.0,2750.0,2755.0,2775.0,2780.0,2689.5,2695.6,2690.16,2690.42,2689.57,2692.32,2695.07,True,True,50013.7199
2025-09-14,18.4757,2706.0,2707.0,2695.0,2695.5,2723.0,2728.0,2750.0,2755.0,2775.0,2780.0,2689.5,2695.6,2690.16,2690.42,2689.57,2692.32,2695.07,True,True,50013.7199
2025-09-15,18.3635,2693.0,2693.5,2694.0,2695.0,2728.0,2733.0,2760.0,2765.0,2787.0,2792.0,2700.5,2701.08,2701.32,2700.74,2703.96,2707.96,2711.24,False,False,49462.0872
2025-09-16,18.3635,2736.0,2736.5,2717.0,2717.5,2740.0,2745.0,2767.0,2772.0,2792.0,2797.0,2717.0,2719.58,2718.37,2716.77,2719.69,2722.69,2725.94,False,True,50251.7177
2025-09-17,18.3257,2690.0,2691.0,2683.0,2683.5,2717.0,2722.0,2748.0,2753.0,2775.0,2780.0,2683.0,2683.25,2682.68,2683.0,2686.97,2690.97,2694.5,False,False,49314.4587
2025-09-18,18.361,2692.5,2693.0,2683.0,2685.0,2720.0,2725.0,2758.0,2763.0,2782.0,2787.0,2684.5,2685.78,2684.87,2685.74,2689.05,2692.55,2696.55,False,False,49446.173
2025-09-19,18.3892,2689.0,2689.5,2683.5,2684.0,2720.0,2725.0,2755.0,2760.0,2780.0,2785.0,2671.5,2673.0,2671.53,2672.3,2675.74,2678.54,2682.04,False,False,49457.7534
2025-09-20,18.3892,2689.0,2689.5,2683.5,2684.0,2720.0,2725.0,2755.0,2760.0,2780.0,2785.0,2671.5,2673.0,2671.53,2672.3,2675.74,2678.54,2682.04,True,True,49457.7534
2025-09-21,18.3892,2689.0,2689.5,2683.5,2684.0,2720.0,2725.0,2755.0,2760.0,2780.0,2785.0,2671.5,2673.0,2671.53,2672.3,2675.74,2678.54,2682.04,True,True,49457.7534
2025-09-22,18.4082,2666.5,2667.0,2663.5,2664.0,2705.0,2710.0,2743.0,2748.0,2775.0,2780.0,2645.0,2645.2,2644.09,2645.0,2648.75,2651.8,2655.05,False,False,49094.6694
2025-09-23,18.3232,2645.5,2646.0,2639.5,2640.0,2682.0,2687.0,2723.0,2728.0,2758.0,2763.0,2638.0,2637.24,2636.32,2637.7,2641.74,2644.7,2647.7,False,False,48483.1872
2025-09-24,18.4312,2622.5,2623.0,2624.0,2625.0,2670.0,2675.0,2713.0,2718.0,2752.0,2757.0,2651.5,2651.06,2649.87,2651.22,2655.3,2658.8,2662.55,False,False,48345.0376
2025-09-25,18.4457,2661.0,2661.5,2665.0,2665.5,2705.0,2710.0,2740.0,2745.0,2773.0,2778.0,2658.5,2660.88,2658.18,2658.96,2662.6,2666.1,2669.96,False,False,49093.2305
2025-09-26,18.3825,2642.0,2642.5,2647.0,2648.0,2692.0,2697.0,2733.0,2738.0,2765.0,2770.0,2655.5,2658.11,2655.16,2655.33,2658.64,2662.14,2665.64,False,False,48575.7562
2025-09-27,18.3825,2642.0,2642.5,2647.0,2648.0,2692.0,2697.0,2733.0,2738.0,2765.0,2770.0,2655.5,2658.11,2655.16,2655.33,2658.64,2662.14,2665.64,True,True,48575.7562
2025-09-28,18.3825,2642.0,2642.5,2647.0,2648.0,2692.0,2697.0,2733.0,2738.0,2765.0,2770.0,2655.5,2658.11,2655.16,2655.33,2658.64,2662.14,2665.64,True,True,48575.7562
2025-09-29,18.3507,2671.5,2672.0,2675.0,2675.5,2717.0,2722.0,2760.0,2765.0,2792.0,2797.0,2679.0,2681.83,2679.08,2679.32,2682.52,2685.77,2689.27,False,False,49033.0704
2025-09-30,18.3342,2668.0,2668.5,2677.0,2678.0,2720.0,2725.0,2763.0,2768.0,2788.0,2793.0,2680.5,2682.8,2681.17,2680.89,2683.52,2687.02,2690.76,False,False,48924.8127
2025-10-01,18.3477,2683.0,2683.5,2687.5,2688.5,2728.0,2733.0,2765.0,2770.0,2795.0,2800.0,2688.5,2690.31,2688.31,2688.51,2691.25,2694.51,2697.75,False,False,49236.053
2025-10-02,18.4843,2699.5,2700.0,2704.5,2705.0,2740.0,2745.0,2777.0,2782.0,2807.0,2812.0,2692.5,2692.64,2691.41,2691.99,2695.68,2698.49,2701.49,False,False,49907.61
2025-10-03,18.3902,2702.0,2703.0,2703.0,2705.0,2743.0,2748.0,2780.0,2785.0,2810.0,2815.0,2709.5,2710.03,2708.52,2709.02,2712.94,2715.44,2718.45,False,False,49708.7106
2025-10-04,18.3902,2702.0,2703.0,2703.0,2705.0,2743.0,2748.0,2780.0,2785.0,2810.0,2815.0,2709.5,2710.03,2708.52,2709.02,2712.94,2715.44,2718.45,True,True,49708.7106
2025-10-05,18.3902,2702.0,2703.0,2703.0,2705.0,2743.0,2748.0,2780.0,2785.0,2810.0,2815.0,2709.5,2710.03,2708.52,2709.02,2712.94,2715.44,2718.45,True,True,49708.7106
2025-10-06,18.3528,2712.0,2713.0,2715.0,2716.0,2753.0,2758.0,2788.0,2793.0,2815.0,2820.0,2725.0,2725.88,2724.46,2725.01,2728.13,2730.63,2733.23,False,False,49791.1464
2025-10-07,18.3762,2713.0,2713.5,2717.5,2718.0,2753.0,2758.0,2783.0,2788.0,2808.0,2813.0,2741.5,2743.51,2741.13,2741.82,2744.67,2746.92,2749.67,False,False,49863.8187
2025-10-08,18.3477,2750.0,2750.5,2752.0,2753.0,2783.0,2788.0,2810.0,2815.0,2832.0,2837.0,2753.5,2758.53,2754.87,2754.47,2756.44,2758.42,2761.42,False,False,50465.3488
2025-10-09,18.383,2786.0,2786.5,2780.0,2781.0,2807.0,2812.0,2830.0,2835.0,2850.0,2855.0,2798.5,2806.65,2798.91,2798.78,2800.81,2802.71,2805.21,False,False,51224.2295
2025-10-10,18.5567,2799.0,2799.5,2786.5,2787.0,2810.0,2815.0,2832.0,2837.0,2847.0,2852.0,2748.0,2760.49,2746.7,2746.7,2750.93,2754.43,2756.93,False,False,51949.4816
2025-10-11,18.5567,2799.0,2799.5,2786.5,2787.0,2810.0,2815.0,2832.0,2837.0,2847.0,2852.0,2748.0,2760.49,2746.7,2746.7,2750.93,2754.43,2756.93,True,True,51949.4816
2025-10-12,18.5567,2799.0,2799.5,2786.5,2787.0,2810.0,2815.0,2832.0,2837.0,2847.0,2852.0,2748.0,2760.49,2746.7,2746.7,2750.93,2754.43,2756.93,True,True,51949.4816
2025-10-13,18.44,2773.0,2774.0,2752.0,2752.5,2780.0,2785.0,2817.0,2822.0,2838.0,2843.0,2763.0,2761.4,2761.57,2764.78,2768.27,2770.78,2773.78,False,False,51152.56
2025-10-14,18.522,2733.0,2734.0,2730.0,2732.0,2763.0,2768.0,2795.0,2800.0,2817.0,2822.0,2737.5,2735.72,2736.21,2740.33,2743.58,2746.58,2750.33,False,False,50639.148
2025-10-15,18.4808,2752.0,2752.5,2748.0,2748.5,2778.0,2783.0,2810.0,2815.0,2840.0,2845.0,2746.0,2744.1,2744.65,2748.15,2750.15,2752.9,2754.9,False,False,50868.402
2025-10-16,18.4108,2774.5,2775.0,2755.0,2755.5,2783.0,2788.0,2813.0,2818.0,2843.0,2848.0,2788.5,2792.86,2790.04,2790.32,2791.46,2792.21,2794.21,False,False,51089.97
2025-10-17,18.407,2789.0,2789.5,2774.0,2776.0,2803.0,2808.0,2830.0,2835.0,2852.0,2857.0,2777.5,2778.14,2777.65,2779.66,2781.65,2783.8,2786.3,False,False,51346.3265
2025-10-18,18.407,2789.0,2789.5,2774.0,2776.0,2803.0,2808.0,2830.0,2835.0,2852.0,2857.0,2777.5,2778.14,2777.65,2779.66,2781.65,2783.8,2786.3,True,True,51346.3265
2025-10-19,18.407,2789.0,2789.5,2774.0,2776.0,2803.0,2808.0,2830.0,2835.0,2852.0,2857.0,2777.5,2778.14,2777.65,2779.66,2781.65,2783.8,2786.3,True,True,51346.3265
2025-10-20,18.4032,2771.0,2773.0,2765.0,2766.0,2792.0,2797.0,2825.0,2830.0,2848.0,2853.0,2776.5,2772.71,2773.57,2777.01,2779.53,2781.77,2784.27,False,False,51032.0736
2025-10-21,18.4252,2780.0,2781.0,2782.0,2783.0,2815.0,2820.0,2843.0,2848.0,2865.0,2870.0,2781.0,2774.73,2776.98,2781.0,2783.81,2786.31,2789.31,False,False,51240.4812
2025-10-22,18.4333,2817.0,2818.0,2812.0,2812.5,2832.0,2837.0,2848.0,2853.0,2870.0,2875.0,2807.0,2804.65,2806.03,2808.8,2810.32,2812.0,2814.9,False,False,51945.0394
2025-10-23,18.4033,2843.0,2845.0,2841.5,2842.0,2863.0,2868.0,2878.0,2883.0,2892.0,2897.0,2862.5,2865.71,2865.8,2866.56,2865.46,2866.46,2866.46,False,False,52357.3885
2025-10-24,18.3948,2852.5,2853.0,2851.0,2852.0,2867.0,2872.0,2878.0,2883.0,2893.0,2898.0,2859.0,2857.49,2859.11,2862.53,2863.5,2865.5,2866.0,False,False,52480.3644
2025-10-25,18.3948,2852.5,2853.0,2851.0,2852.0,2867.0,2872.0,2878.0,2883.0,2893.0,2898.0,2859.0,2857.49,2859.11,2862.53,2863.5,2865.5,2866.0,True,True,52480.3644
2025-10-26,18.3948,2852.5,2853.0,2851.0,2852.0,2867.0,2872.0,2878.0,2883.0,2893.0,2898.0,2859.0,2857.49,2859.11,2862.53,2863.5,2865.5,2866.0,True,True,52480.3644
2025-10-27,18.3892,2878.5,2879.0,2876.5,2877.0,2898.0,2903.0,2918.0,2923.0,2930.0,2935.0,2874.5,2873.91,2874.05,2877.15,2878.7,2881.7,2882.95,False,False,52942.5068
2025-10-28,18.4145,2858.5,2859.0,2860.5,2861.0,2885.0,2890.0,2903.0,2908.0,2915.0,2920.0,2889.0,2888.84,2888.97,2892.48,2893.48,2895.48,2896.98,False,False,52647.0555
2025-10-29,18.4072,2891.0,2891.5,2891.5,2892.0,2903.0,2908.0,2908.0,2913.0,2908.0,2913.0,2887.0,2884.83,2885.94,2889.81,2891.37,2894.37,2896.37,False,False,53224.4188
2025-10-30,18.538,2825.0,2826.0,2845.5,2846.0,2862.0,2867.0,2872.0,2877.0,2877.0,2882.0,2863.5,2858.88,2860.81,2865.34,2868.47,2871.47,2873.47,False,False,52388.388
2025-10-31,18.5725,2884.5,2885.0,2880.0,2882.0,2902.0,2907.0,2920.0,2925.0,2930.0,2935.0,2884.0,2878.53,2882.2,2886.42,2888.22,2890.72,2891.97,False,False,53581.6625
2025-11-01,18.5725,2884.5,2885.0,2880.0,2882.0,2902.0,2907.0,2920.0,2925.0,2930.0,2935.0,2884.0,2878.53,2882.2,2886.42,2888.22,2890.72,2891.97,True,True,53581.6625
2025-11-02,18.5725,2884.5,2885.0,2880.0,2882.0,2902.0,2907.0,2920.0,2925.0,2930.0,2935.0,2884.0,2878.53,2882.2,2886.42,2888.22,2890.72,2891.97,True,True,53581.6625
2025-11-03,18.4835,2902.0,2903.0,2906.5,2907.0,2918.0,2923.0,2923.0,2928.0,2927.0,2932.0,2902.0,2897.75,2900.04,2904.05,2905.01,2907.01,2908.51,False,False,53657.6005
2025-11-04,18.6133,2852.5,2853.0,2860.5,2861.5,2878.0,2883.0,2893.0,2898.0,2893.0,2898.0,2859.0,2852.61,2855.07,2860.05,2862.24,2865.24,2867.99,False,False,53103.7449
2025-11-05,18.5947,2838.0,2838.5,2846.0,2846.5,2868.0,2873.0,2885.0,2890.0,2892.0,2897.0,2850.0,2841.12,2844.07,2849.45,2853.23,2856.06,2859.21,False,False,52781.056
2025-11-06,18.6233,2861.0,2861.5,2871.0,2872.0,2893.0,2898.0,2905.0,2910.0,2910.0,2915.0,2844.5,2829.46,2837.28,2843.32,2848.09,2852.34,2856.09,False,False,53290.573
2025-11-07,18.5,2840.0,2841.0,2851.0,2851.5,2878.0,2883.0,2893.0,2898.0,2902.0,2907.0,2848.0,2833.09,2840.35,2847.2,2851.23,2854.48,2857.98,False,False,52558.5
2025-11-08,18.5,2840.0,2841.0,2851.0,2851.5,2878.0,2883.0,2893.0,2898.0,2902.0,2907.0,2848.0,2833.09,2840.35,2847.2,2851.23,2854.48,2857.98,True,True,52558.5
2025-11-09,18.5,2840.0,2841.0,2851.0,2851.5,2878.0,2883.0,2893.0,2898.0,2902.0,2907.0,2848.0,2833.09,2840.35,2847.2,2851.23,2854.48,2857.98,True,True,52558.5
2025-11-10,18.3922,2867.0,2867.5,2882.5,2883.0,2908.0,2913.0,2923.0,2928.0,2940.0,2945.0,2869.5,2851.54,2861.0,2867.98,2871.57,2875.25,2878.75,False,False,52739.6335
2025-11-11,18.3333,2840.0,2841.0,2865.0,2866.0,2897.0,2902.0,2920.0,2925.0,2945.0,2950.0,2874.5,2850.05,2863.87,2872.73,2876.82,2880.62,2884.62,False,False,52084.9053
2025-11-12,18.2982,2855.5,2856.0,2888.0,2889.0,2920.0,2925.0,2940.0,2945.0,2960.0,2965.0,2894.5,2866.82,2882.55,2892.52,2896.43,2900.01,2903.75,False,False,52259.6592
2025-11-13,18.2805,2874.0,2876.0,2899.5,2900.0,2925.0,2930.0,2935.0,2940.0,2943.0,2948.0,2896.5,2867.87,2882.82,2894.33,2899.04,2902.54,2906.57,False,False,52574.718
2025-11-14,18.3262,2832.0,2832.5,2855.0,2857.0,2888.0,2893.0,2910.0,2915.0,2925.0,2930.0,2858.5,2828.95,2843.58,2855.0,2860.38,2864.38,2868.41,False,False,51908.9615
2025-11-15,18.3262,2832.0,2832.5,2855.0,2857.0,2888.0,2893.0,2910.0,2915.0,2925.0,2930.0,2858.5,2828.95,2843.58,2855.0,2860.38,2864.38,2868.41,True,True,51908.9615
2025-11-16,18.3262,2832.0,2832.5,2855.0,2857.0,2888.0,2893.0,2910.0,2915.0,2925.0,2930.0,2858.5,2828.95,2843.58,2855.0,2860.38,2864.38,2868.41,True,True,51908.9615
2025-11-17,18.3262,2797.5,2798.0,2833.0,2834.0,2867.0,2872.0,2882.0,2887.0,2888.0,2893.0,2813.5,2793.08,2806.19,2813.19,2817.95,2822.7,2828.33,False,True,51276.7076
2025-11-18,18.3728,2748.5,2749.5,2785.0,2787.0,2825.0,2830.0,2848.0,2853.0,2858.0,2863.0,2780.0,2760.96,2773.12,2780.0,2783.89,2788.39,2793.39,False,False,50516.0136
2025-11-19,18.341,2780.0,2781.0,2805.5,2806.0,2837.0,2842.0,2852.0,2857.0,2862.0,2867.0,2801.0,2782.58,2794.94,2801.77,2806.22,2810.22,2815.72,False,False,51006.321
2025-11-20,18.355,2778.0,2778.5,2810.0,2811.0,2843.0,2848.0,2862.0,2867.0,2877.0,2882.0,2814.0,2795.68,2807.84,2814.75,2819.68,2824.43,2830.0,False,False,50999.3675
2025-11-21,18.4965,2765.0,2765.5,2791.0,2792.0,2828.0,2833.0,2843.0,2848.0,2858.0,2863.0,2786.0,2767.72,2779.92,2787.36,2791.91,2796.66,2802.16,False,False,51152.0708
2025-11-22,18.4965,2765.0,2765.5,2791.0,2792.0,2828.0,2833.0,2843.0,2848.0,2858.0,2863.0,2786.0,2767.72,2779.92,2787.36,2791.91,2796.66,2802.16,True,True,51152.0708
2025-11-23,18.4965,2765.0,2765.5,2791.0,2792.0,2828.0,2833.0,2843.0,2848.0,2858.0,2863.0,2786.0,2767.72,2779.92,2787.36,2791.91,2796.66,2802.16,True,True,51152.0708
2025-11-24,18.4997,2776.0,2776.5,2807.5,2808.0,2845.0,2850.0,2865.0,2870.0,2880.0,2885.0,2812.0,2792.63,2804.91,2812.48,2817.6,2822.1,2827.23,False,False,51364.4171
2025-11-25,18.4308,2786.5,2787.0,2813.0,2815.0,2852.0,2857.0,2870.0,2875.0,2877.0,2882.0,2800.5,2782.14,2793.76,2801.23,2806.29,2810.53,2815.29,False,False,51366.6396
2025-11-26,18.356,2822.0,2822.5,2848.0,2848.5,2878.0,2883.0,2888.0,2893.0,2897.0,2902.0,2861.0,2846.38,2856.56,2862.5,2867.34,2871.09,2875.09,False,False,51809.81
2025-11-27,18.3467,2803.5,2804.0,2827.5,2828.0,2862.0,2867.0,2875.0,2880.0,2885.0,2890.0,2828.5,2811.05,2822.3,2829.12,2834.35,2837.85,2842.35,False,False,51444.1468
2025-11-28,18.3075,2825.0,2826.0,2850.0,2852.0,2887.0,2892.0,2908.0,2913.0,2920.0,2925.0,2868.0,2852.79,2863.76,2869.65,2874.09,2877.09,2881.09,False,False,51736.995
2025-11-29,18.3075,2825.0,2826.0,2850.0,2852.0,2887.0,2892.0,2908.0,2913.0,2920.0,2925.0,2868.0,2852.79,2863.76,2869.65,2874.09,2877.09,2881.09,True,True,51736.995
2025-11-30,18.3075,2825.0,2826.0,2850.0,2852.0,2887.0,2892.0,2908.0,2913.0,2920.0,2925.0,2868.0,2852.79,2863.76,2869.65,2874.09,2877.09,2881.09,True,True,51736.995
2025-12-01,18.2757,2859.0,2860.0,2883.0,2884.0,2912.0,2917.0,2927.0,2932.0,2937.0,2942.0,2893.0,2873.99,2886.19,2893.18,2898.3,2902.05,2906.3,False,False,52268.502
2025-12-02,18.291,2858.0,2858.5,2887.0,2888.0,2918.0,2923.0,2922.0,2927.0,2932.0,2937.0,2865.5,2843.37,2856.84,2865.08,2872.17,2876.5,2881.0,False,False,52284.8235
2025-12-03,18.2642,2853.0,2854.0,2882.0,2883.0,2917.0,2922.0,2925.0,2930.0,2935.0,2940.0,2897.0,2872.81,2887.03,2895.32,2903.29,2908.03,2912.53,False,False,52126.0268
2025-12-04,18.2293,2853.0,2854.0,2884.0,2885.0,2913.0,2918.0,2923.0,2928.0,2928.0,2933.0,2904.0,2876.67,2891.31,2900.22,2908.33,2912.58,2916.33,False,False,52026.4222
2025-12-05,18.186,2864.5,2865.0,2892.5,2893.0,2910.0,2915.0,2910.0,2915.0,2910.0,2915.0,2897.5,2869.76,2884.11,2895.21,2903.0,2907.5,2912.0,False,False,52102.89
2025-12-06,18.186,2864.5,2865.0,2892.5,2893.0,2910.0,2915.0,2910.0,2915.0,2910.0,2915.0,2897.5,2869.76,2884.11,2895.21,2903.0,2907.5,2912.0,True,True,52102.89
2025-12-07,18.186,2864.5,2865.0,2892.5,2893.0,2910.0,2915.0,2910.0,2915.0,2910.0,2915.0,2897.5,2869.76,2884.11,2895.21,2903.0,2907.5,2912.0,True,True,52102.89
2025-12-08,18.2367,2867.0,2867.5,2896.5,2897.0,2920.0,2925.0,2922.0,2927.0,2922.0,2927.0,2888.0,2855.37,2871.34,2882.93,2891.58,2896.58,2902.58,False,False,52293.7372
2025-12-09,18.194,2831.5,2832.0,2867.0,2868.0,2898.0,2903.0,2908.0,2913.0,2908.0,2913.0,2856.5,2820.01,2838.2,2850.1,2859.36,2865.11,2871.11,False,False,51525.408
2025-12-10,18.2085,2836.0,2836.5,2865.0,2867.0,2895.0,2900.0,2910.0,2915.0,2917.0,2922.0,2867.0,2831.25,2848.54,2860.17,2869.77,2875.47,2881.47,False,False,51648.4102
2025-12-11,18.0543,2862.0,2864.0,2885.0,2886.0,2912.0,2917.0,2927.0,2932.0,2935.0,2940.0,2900.0,2866.01,2882.78,2894.42,2903.18,2908.93,2914.43,False,False,51707.5152
2025-12-12,18.0543,2845.0,2845.5,2875.0,2876.0,2902.0,2907.0,2913.0,2918.0,2923.0,2928.0,2868.5,2833.01,2851.01,2862.25,2871.12,2877.12,2883.12,False,True,51373.5107
2025-12-13,18.0543,2845.0,2845.5,2875.0,2876.0,2902.0,2907.0,2913.0,2918.0,2923.0,2928.0,2868.5,2833.01,2851.01,2862.25,2871.12,2877.12,2883.12,True,True,51373.5107
2025-12-14,18.0543,2845.0,2845.5,2875.0,2876.0,2902.0,2907.0,2913.0,2918.0,2923.0,2928.0,2868.5,2833.01,2851.01,2862.25,2871.12,2877.12,2883.12,True,True,51373.5107
2025-12-15,17.9925,2840.5,2841.0,2880.0,2880.5,2907.0,2912.0,2927.0,2932.0,2940.0,2945.0,2866.0,2844.49,2855.84,2865.75,2871.47,2877.22,2880.72,False,False,51116.6925
2025-12-16,17.9525,2833.0,2833.5,2880.0,2881.0,2907.0,2912.0,2927.0,2932.0,2945.0,2950.0,2876.5,2855.23,2866.37,2876.36,2882.21,2888.11,2891.61,False,False,50868.4088
2025-12-17,18.02,2851.0,2851.5,2894.0,2894.5,2920.0,2925.0,2938.0,2943.0,2960.0,2965.0,2905.5,2883.3,2895.05,2905.49,2911.88,2917.88,2921.88,False,False,51384.03
2025-12-18,17.9792,2852.0,2852.5,2896.0,2898.0,2923.0,2928.0,2942.0,2947.0,2958.0,2963.0,2916.0,2894.7,2905.7,2916.0,2922.99,2929.49,2933.94,False,False,51285.668
2025-12-19,18.0065,2895.5,2896.0,2943.0,2945.0,2967.0,2972.0,2982.0,2987.0,2997.0,3002.0,2945.0,2929.72,2938.78,2947.95,2952.81,2958.81,2961.81,False,False,52146.824
2025-12-20,18.0065,2895.5,2896.0,2943.0,2945.0,2967.0,2972.0,2982.0,2987.0,2997.0,3002.0,2945.0,2929.72,2938.78,2947.95,2952.81,2958.81,2961.81,True,True,52146.824
2025-12-21,18.0065,2895.5,2896.0,2943.0,2945.0,2967.0,2972.0,2982.0,2987.0,2997.0,3002.0,2945.0,2929.72,2938.78,2947.95,2952.81,2958.81,2961.81,True,True,52146.824
2025-12-22,17.9785,2898.0,2898.5,2940.0,2942.0,2963.0,2968.0,2980.0,2985.0,2995.0,3000.0,2941.5,2925.31,2934.31,2943.1,2949.44,2955.69,2959.1,False,False,52110.6822
2025-12-23,17.9332,2915.5,2916.0,2955.0,2955.5,2978.0,2983.0,2988.0,2993.0,2995.0,3000.0,2939.0,2922.9,2931.33,2939.77,2945.79,2951.77,2954.77,False,False,52293.2112
2025-12-24,17.9248,2931.5,2932.0,2957.0,2959.0,2982.0,2987.0,2998.0,3003.0,3005.0,3010.0,2960.5,2944.44,2952.9,2961.91,2967.7,2973.2,2976.2,False,False,52555.5136
2025-12-25,17.9248,2931.5,2932.0,2957.0,2959.0,2982.0,2987.0,2998.0,3003.0,3005.0,3010.0,2960.5,2944.44,2952.9,2961.91,2967.7,2973.2,2976.2,True,True,52555.5136
2025-12-26,17.9042,2931.5,2932.0,2957.0,2959.0,2982.0,2987.0,2998.0,3003.0,3005.0,3010.0,2960.5,2944.44,2952.9,2961.91,2967.7,2973.2,2976.2,True,False,52495.1144
2025-12-27,17.9042,2931.5,2932.0,2957.0,2959.0,2982.0,2987.0,2998.0,3003.0,3005.0,3010.0,2960.5,2944.44,2952.9,2961.91,2967.7,2973.2,2976.2,True,True,52495.1144
2025-12-28,17.9042,2931.5,2932.0,2957.0,2959.0,2982.0,2987.0,2998.0,3003.0,3005.0,3010.0,2960.5,2944.44,2952.9,2961.91,2967.7,2973.2,2976.2,True,True,52495.1144
2025-12-29,17.9667,2913.0,2913.5,2957.5,2958.0,2980.0,2985.0,2995.0,3000.0,3005.0,3010.0,2952.0,2932.93,2941.87,2950.08,2956.85,2962.35,2964.85,False,False,52345.9804
2025-12-30,17.9528,2944.5,2945.0,2977.0,2977.5,3000.0,3005.0,3017.0,3022.0,3027.0,3032.0,2980.0,2962.88,2971.38,2978.99,2985.17,2991.17,2994.17,False,False,52870.996
2025-12-31,18.0012,2967.5,2968.0,2988.0,2990.0,3010.0,3015.0,3025.0,3030.0,3038.0,3043.0,2995.5,2978.8,2986.85,2994.47,3000.24,3005.24,3007.5,False,False,53427.5616
2026-01-01,18.0012,2967.5,2968.0,2988.0,2990.0,3010.0,3015.0,3025.0,3030.0,3038.0,3043.0,2995.5,2978.8,2986.85,2994.47,3000.24,3005.24,3007.5,True,True,53427.5616
2026-01-02,17.8803,2985.5,2986.0,3010.0,3010.5,3043.0,3048.0,3053.0,3058.0,3058.0,3063.0,3015.5,2999.33,3006.28,3014.17,3019.57,3024.56,3027.06,False,False,53390.5758
2026-01-03,17.8803,2985.5,2986.0,3010.0,3010.5,3043.0,3048.0,3053.0,3058.0,3058.0,3063.0,3015.5,2999.33,3006.28,3014.17,3019.57,3024.56,3027.06,True,True,53390.5758
2026-01-04,17.8803,2985.5,2986.0,3010.0,3010.5,3043.0,3048.0,3053.0,3058.0,3058.0,3063.0,3015.5,2999.33,3006.28,3014.17,3019.57,3024.56,3027.06,True,True,53390.5758
2026-01-05,17.8905,3021.5,3022.5,3050.0,3051.0,3073.0,3078.0,3073.0,3078.0,3080.0,3085.0,3085.5,3068.49,3074.63,3082.15,3087.03,3091.03,3093.0,False,False,54074.0362
2026-01-06,17.9697,3092.0,3093.0,3111.0,3112.0,3130.0,3135.0,3133.0,3138.0,3133.0,3138.0,3129.0,3115.31,3115.74,3124.47,3131.44,3134.69,3137.69,False,False,55580.2821
2026-01-07,17.9587,3091.5,3092.0,3112.0,3112.5,3130.0,3135.0,3133.0,3138.0,3133.0,3138.0,3088.5,3079.92,3075.21,3083.86,3090.78,3094.78,3097.78,False,False,55528.3004
2026-01-08,17.9807,3080.0,3081.0,3089.0,3090.0,3110.0,3115.0,3115.0,3120.0,3117.0,3122.0,3091.0,3091.08,3080.45,3087.55,3092.23,3096.23,3099.23,False,False,55398.5367
2026-01-09,17.9842,3179.5,3180.0,3161.0,3163.0,3143.0,3148.0,3133.0,3138.0,3123.0,3128.0,3136.0,3148.88,3128.29,3134.16,3136.82,3139.57,3141.07,False,False,57189.756
2026-01-10,17.9842,3179.5,3180.0,3161.0,3163.0,3143.0,3148.0,3133.0,3138.0,3123.0,3128.0,3136.0,3148.88,3128.29,3134.16,3136.82,3139.57,3141.07,True,True,57189.756
2026-01-11,17.9842,3179.5,3180.0,3161.0,3163.0,3143.0,3148.0,3133.0,3138.0,3123.0,3128.0,3136.0,3148.88,3128.29,3134.16,3136.82,3139.57,3141.07,True,True,57189.756
2026-01-12,17.9075,3185.0,3185.5,3177.0,3177.5,3153.0,3158.0,3138.0,3143.0,3128.0,3133.0,3184.5,3199.4,3174.83,3181.36,3184.31,3186.31,3187.81,False,False,57044.3412
2026-01-13,17.854,3193.0,3194.0,3183.0,3183.5,3153.0,3158.0,3128.0,3133.0,3090.0,3095.0,3197.5,3224.29,3189.9,3195.11,3196.76,3198.75,3200.75,False,False,57025.676
2026-01-14,17.8167,3220.5,3221.0,3204.0,3205.0,3167.0,3172.0,3138.0,3143.0,3098.0,3103.0,3186.0,3205.53,3176.2,3182.1,3184.92,3186.92,3188.42,False,False,57387.5907
2026-01-15,17.6897,3173.5,3174.0,3175.5,3176.0,3145.0,3150.0,3117.0,3122.0,3080.0,3085.0,3167.5,3169.65,3155.21,3163.11,3167.5,3170.61,3171.85,False,False,56147.1078
2026-01-16,17.6867,3146.5,3147.0,3138.0,3138.5,3120.0,3125.0,3095.0,3100.0,3070.0,3075.0,3134.0,3143.56,3123.34,3132.14,3137.11,3140.93,3142.64,False,False,55660.0449
2026-01-17,17.6867,3146.5,3147.0,3138.0,3138.5,3120.0,3125.0,3095.0,3100.0,3070.0,3075.0,3134.0,3143.56,3123.34,3132.14,3137.11,3140.93,3142.64,True,True,55660.0449
2026-01-18,17.6867,3146.5,3147.0,3138.0,3138.5,3120.0,3125.0,3095.0,3100.0,3070.0,3075.0,3134.0,3143.56,3123.34,3132.14,3137.11,3140.93,3142.64,True,True,55660.0449
2026-01-19,17.599,3168.0,3168.5,3150.0,3152.0,3138.0,3143.0,3118.0,3123.0,3098.0,3103.0,3158.5,3148.55,3155.22,3160.8,3164.23,3166.23,3168.23,False,False,55762.4315
2026-01-20,17.6008,3136.5,3137.0,3135.5,3136.0,3102.0,3107.0,3068.0,3073.0,3048.0,3053.0,3107.5,3092.42,3101.09,3107.88,3113.99,3116.49,3118.49,False,False,55213.7096
2026-01-21,17.452,3112.0,3114.0,3122.5,3123.0,3110.0,3115.0,3085.0,3090.0,3065.0,3070.0,3115.0,3098.71,3106.92,3113.93,3120.23,3122.92,3123.92,False,False,54345.528
2026-01-22,17.4828,3093.0,3093.5,3113.5,3114.0,3097.0,3102.0,3068.0,3073.0,3047.0,3052.0,3132.5,3116.98,3125.04,3132.02,3137.85,3140.35,3142.35,False,False,54083.0418
2026-01-23,17.4545,3174.5,3175.0,3176.0,3177.0,3147.0,3152.0,3113.0,3118.0,3092.0,3097.0,3169.0,3161.14,3166.74,3170.36,3172.27,3172.77,3170.77,False,False,55418.0375
2026-01-24,17.4545,3174.5,3175.0,3176.0,3177.0,3147.0,3152.0,3113.0,3118.0,3092.0,3097.0,3169.0,3161.14,3166.74,3170.36,3172.27,3172.77,3170.77,True,True,55418.0375
2026-01-25,17.4545,3174.5,3175.0,3176.0,3177.0,3147.0,3152.0,3113.0,3118.0,3092.0,3097.0,3169.0,3161.14,3166.74,3170.36,3172.27,3172.77,3170.77,True,True,55418.0375
2026-01-26,17.283,3190.0,3192.0,3195.0,3195.5,3133.0,3138.0,3093.0,3098.0,3060.0,3065.0,3188.5,3177.82,3182.99,3188.06,3191.54,3192.0,3190.0,False,False,55167.336
2026-01-27,17.2357,3166.0,3166.5,3177.5,3178.0,3105.0,3110.0,3065.0,3070.0,3038.0,3043.0,3207.0,3198.46,3202.26,3206.27,3209.72,3210.22,3209.0,False,False,54576.8441
2026-01-28,17.2322,3258.0,3259.0,3261.0,3262.0,3138.0,3143.0,3058.0,3063.0,2983.0,2988.0,3257.0,3247.94,3251.45,3255.29,3259.25,3259.75,3256.75,False,False,56159.7398
2026-01-29,17.2532,3323.0,3325.0,3325.5,3326.0,3173.0,3178.0,3048.0,3053.0,2943.0,2948.0,3218.5,3202.56,3210.72,3216.95,3219.18,3221.18,3217.43,False,False,57366.89
2026-01-30,17.331,3109.0,3110.0,3132.0,3134.0,3068.0,3073.0,3003.0,3008.0,2938.0,2943.0,3144.0,3129.01,3137.91,3143.68,3146.05,3148.55,3145.05,False,False,53899.41
2026-01-31,17.331,3109.0,3110.0,3132.0,3134.0,3068.0,3073.0,3003.0,3008.0,2938.0,2943.0,3144.0,3129.01,3137.91,3143.68,3146.05,3148.55,3145.05,True,True,53899.41
2026-02-01,17.331,3109.0,3110.0,3132.0,3134.0,3068.0,3073.0,3003.0,3008.0,2938.0,2943.0,3144.0,3129.01,3137.91,3143.68,3146.05,3148.55,3145.05,True,True,53899.41
2026-02-02,17.331,3041.0,3042.0,3065.0,3066.0,3003.0,3008.0,2953.0,2958.0,2903.0,2908.0,3056.0,3045.52,3050.78,3055.7,3057.61,3059.61,3058.11,False,True,52720.902
2026-02-03,17.235,3102.0,3103.0,3112.5,3113.0,3035.0,3040.0,2965.0,2970.0,2913.0,2918.0,3106.5,3095.13,3098.51,3104.37,3108.01,3110.51,3110.5,False,False,53480.205
2026-02-04,17.2925,3047.0,3047.5,3075.0,3076.0,3025.0,3030.0,2968.0,2973.0,2903.0,2908.0,3069.5,3052.85,3059.88,3066.6,3072.06,3075.06,3077.06,False,False,52698.8938
2026-02-05,17.407,3013.5,3014.0,3036.0,3037.0,3003.0,3008.0,2960.0,2965.0,2920.0,2925.0,3027.0,3009.18,3016.78,3023.37,3029.42,3032.67,3033.17,False,False,52464.698
2026-02-06,17.2988,3044.5,3045.0,3063.0,3063.5,3040.0,3045.0,3005.0,3010.0,2970.0,2975.0,3085.0,3069.65,3076.49,3081.61,3085.78,3088.49,3089.0,False,False,52674.846
2026-02-07,17.2988,3044.5,3045.0,3063.0,3063.5,3040.0,3045.0,3005.0,3010.0,2970.0,2975.0,3085.0,3069.65,3076.49,3081.61,3085.78,3088.49,3089.0,True,True,52674.846
2026-02-08,17.2988,3044.5,3045.0,3063.0,3063.5,3040.0,3045.0,3005.0,3010.0,2970.0,2975.0,3085.0,3069.65,3076.49,3081.61,3085.78,3088.49,3089.0,True,True,52674.846
2026-02-09,17.1907,3083.0,3083.5,3107.5,3108.0,3073.0,3078.0,3012.0,3017.0,2952.0,2957.0,3125.5,3105.51,3116.52,3122.56,3126.13,3129.5,3131.75,False,False,53007.5234
2026-02-10,17.2315,3062.5,3063.0,3091.0,3093.0,3067.0,3072.0,3030.0,3035.0,2980.0,2985.0,3093.0,3064.61,3081.98,3089.14,3093.72,3097.22,3099.47,False,False,52780.0845
2026-02-11,17.2155,3096.0,3098.0,3126.0,3127.0,3085.0,3090.0,3048.0,3053.0,3003.0,3008.0,3103.0,3075.24,3092.58,3099.7,3103.94,3107.08,3107.0,False,False,53333.619
2026-02-12,17.2,3116.5,3117.0,3145.5,3146.0,3105.0,3110.0,3070.0,3075.0,3025.0,3030.0,3100.0,3068.58,3087.75,3096.26,3101.77,3104.77,3107.27,False,False,53612.4
2026-02-13,17.1798,2995.5,2996.0,3027.0,3028.0,3025.0,3030.0,3000.0,3005.0,2970.0,2975.0,3077.5,3043.01,3064.49,3073.38,3079.72,3083.22,3085.22,False,False,51470.6808
2026-02-14,17.1798,2995.5,2996.0,3027.0,3028.0,3025.0,3030.0,3000.0,3005.0,2970.0,2975.0,3077.5,3043.01,3064.49,3073.38,3079.72,3083.22,3085.22,True,True,51470.6808
2026-02-15,17.1798,2995.5,2996.0,3027.0,3028.0,3025.0,3030.0,3000.0,3005.0,2970.0,2975.0,3077.5,3043.01,3064.49,3073.38,3079.72,3083.22,3085.22,True,True,51470.6808
2026-02-16,17.1723,3037.0,3037.5,3072.0,3074.0,3068.0,3073.0,3045.0,3050.0,3020.0,3025.0,3052.5,3039.02,3047.71,3054.11,3057.54,3058.29,3060.54,False,False,52160.8612
2026-02-17,17.1753,3013.5,3014.0,3046.0,3047.0,3042.0,3047.0,3022.0,3027.0,2997.0,3002.0,3035.0,3020.32,3029.28,3035.39,3039.39,3040.89,3043.14,False,False,51766.3542
2026-02-18,17.1392,3034.5,3035.0,3060.0,3061.0,3058.0,3063.0,3033.0,3038.0,3015.0,3020.0,3089.0,3074.27,3083.22,3088.48,3092.15,3093.4,3095.4,False,False,52017.472
2026-02-19,17.27,3025.5,3026.0,3055.0,3055.5,3040.0,3045.0,3007.0,3012.0,2982.0,2987.0,3067.5,3055.7,3062.57,3067.53,3070.37,3070.62,3071.12,False,False,52259.02
2026-02-20,17.1722,3052.0,3053.0,3078.0,3079.0,3042.0,3047.0,3002.0,3007.0,2967.0,2972.0,3102.5,3092.38,3097.75,3102.5,3105.65,3106.65,3106.0,False,False,52426.7266
2026-02-21,17.1722,3052.0,3053.0,3078.0,3079.0,3042.0,3047.0,3002.0,3007.0,2967.0,2972.0,3102.5,3092.38,3097.75,3102.5,3105.65,3106.65,3106.0,True,True,52426.7266
2026-02-22,17.1722,3052.0,3053.0,3078.0,3079.0,3042.0,3047.0,3002.0,3007.0,2967.0,2972.0,3102.5,3092.38,3097.75,3102.5,3105.65,3106.65,3106.0,True,True,52426.7266
2026-02-23,17.2162,3068.0,3070.0,3096.0,3097.0,3043.0,3048.0,2993.0,2998.0,2948.0,2953.0,3089.5,3078.01,3085.12,3090.88,3094.74,3095.99,3097.99,False,False,52853.734
2026-02-24,17.191,3075.0,3077.0,3101.0,3102.0,3067.0,3072.0,3012.0,3017.0,2967.0,2972.0,3093.5,3081.11,3089.68,3094.06,3098.5,3100.06,3102.06,False,False,52896.707
2026-02-25,17.17,3106.5,3107.0,3131.0,3131.5,3070.0,3075.0,3025.0,3030.0,2970.0,2975.0,3170.5,3163.76,3172.24,3172.22,3175.29,3175.29,3176.29,False,False,53347.19
2026-02-26,17.2563,3120.5,3121.0,3146.0,3147.0,3083.0,3088.0,3037.0,3042.0,2982.0,2987.0,3157.5,3154.85,3161.99,3160.08,3163.33,3164.58,3166.08,False,False,53856.9123
2026-02-27,17.2193,3156.5,3157.5,3163.0,3165.0,3107.0,3112.0,3053.0,3058.0,3003.0,3008.0,3140.0,3139.35,3146.77,3142.71,3144.89,3145.39,3145.64,False,False,54369.9398
2026-02-28,17.2193,3156.5,3157.5,3163.0,3165.0,3107.0,3112.0,3053.0,3058.0,3003.0,3008.0,3140.0,3139.35,3146.77,3142.71,3144.89,3145.39,3145.64,True,True,54369.9398
2026-03-01,17.2193,3156.5,3157.5,3163.0,3165.0,3107.0,3112.0,3053.0,3058.0,3003.0,3008.0,3140.0,3139.35,3146.77,3142.71,3144.89,3145.39,3145.64,True,True,54369.9398
2026-03-02,17.3485,3225.5,3226.0,3232.0,3233.0,3133.0,3138.0,3063.0,3068.0,2993.0,2998.0,3194.5,3194.75,3201.27,3196.44,3196.94,3196.19,3195.69,False,False,55966.261
2026-03-03,17.7228,3267.0,3269.0,3260.0,3260.5,3132.0,3137.0,3067.0,3072.0,2977.0,2982.0,3251.0,3261.77,3265.42,3256.29,3252.06,3249.31,3246.56,False,False,57935.8332
2026-03-04,17.5445,3377.5,3378.0,3371.0,3372.0,3205.0,3210.0,3105.0,3110.0,3038.0,3043.0,3342.5,3350.49,3353.54,3345.19,3341.13,3337.63,3332.13,False,False,59265.321
2026-03-05,17.677,3298.0,3298.5,3300.0,3302.0,3155.0,3160.0,3075.0,3080.0,3007.0,3012.0,3296.0,3298.91,3302.91,3297.16,3292.7,3286.7,3280.7,False,False,58307.5845
2026-03-06,17.7962,3384.5,3385.0,3360.0,3362.0,3170.0,3175.0,3078.0,3083.0,3008.0,3013.0,3446.0,3494.59,3481.39,3461.45,3442.55,3432.55,3424.55,False,False,60240.137
2026-03-07,17.7962,3384.5,3385.0,3360.0,3362.0,3170.0,3175.0,3078.0,3083.0,3008.0,3013.0,3446.0,3494.59,3481.39,3461.45,3442.55,3432.55,3424.55,True,True,60240.137
2026-03-08,17.7962,3384.5,3385.0,3360.0,3362.0,3170.0,3175.0,3078.0,3083.0,3008.0,3013.0,3446.0,3494.59,3481.39,3461.45,3442.55,3432.55,3424.55,True,True,60240.137
2026-03-09,17.7687,3406.0,3406.5,3385.0,3387.0,3177.0,3182.0,3077.0,3082.0,2982.0,2987.0,3385.5,3410.04,3405.79,3391.3,3371.37,3354.3,3346.3,False,False,60529.0766
2026-03-10,17.5037,3402.0,3402.5,3388.0,3390.0,3165.0,3170.0,3070.0,3075.0,2955.0,2960.0,3406.0,3431.78,3433.74,3417.4,3399.19,3385.94,3382.44,False,False,59556.3392
2026-03-11,17.6543,3465.0,3467.0,3442.0,3444.0,3153.0,3158.0,3045.0,3050.0,2940.0,2945.0,3457.0,3484.36,3487.33,3469.16,3451.16,3433.41,3425.16,False,False,61207.4581
2026-03-12,17.8368,3516.0,3516.5,3492.0,3494.0,3118.0,3123.0,2963.0,2968.0,2848.0,2853.0,3516.5,3549.39,3546.15,3530.97,3511.03,3491.53,3477.78,False,False,62723.1072
2026-03-13,17.9218,3519.5,3520.0,3485.5,3486.0,3017.0,3022.0,2832.0,2837.0,2697.0,2702.0,3439.5,3470.41,3465.34,3451.58,3432.23,3408.23,3389.73,False,False,63084.736
2026-03-14,17.9218,3519.5,3520.0,3485.5,3486.0,3017.0,3022.0,2832.0,2837.0,2697.0,2702.0,3439.5,3470.41,3465.34,3451.58,3432.23,3408.23,3389.73,True,True,63084.736
2026-03-15,17.9218,3519.5,3520.0,3485.5,3486.0,3017.0,3022.0,2832.0,2837.0,2697.0,2702.0,3439.5,3470.41,3465.34,3451.58,3432.23,3408.23,3389.73,True,True,63084.736
2026-03-16,17.9218,3439.5,3440.0,3415.0,3417.0,3030.0,3035.0,2930.0,2935.0,2870.0,2875.0,3395.5,3419.5,3408.75,3392.5,3369.5,3352.75,3336.25,False,True,63084.736
2026-03-17,17.6922,3425.0,3426.0,3412.0,3413.0,3043.0,3048.0,2973.0,2978.0,2918.0,2923.0,3399.5,3414.64,3409.47,3399.5,3383.84,3367.84,3354.84,False,False,60613.4772
2026-03-18,17.669,3399.5,3400.0,3379.5,3380.0,3030.0,3035.0,2953.0,2958.0,2893.0,2898.0,3400.0,3432.51,3419.84,3408.73,3385.53,3365.78,3340.0,False,False,60074.6
2026-03-19,17.8117,3198.0,3200.0,3154.5,3155.0,2810.0,2815.0,2727.0,2732.0,2677.0,2682.0,3252.0,3288.86,3273.74,3259.62,3240.81,3222.81,3204.81,False,False,56997.44
2026-03-20,17.8998,3328.5,3329.0,3287.0,3287.5,2995.0,3000.0,2920.0,2925.0,2880.0,2885.0,3215.0,3254.76,3238.08,3222.96,3203.33,3189.25,3173.75,False,False,59588.4342
2026-03-21,17.8998,3328.5,3329.0,3287.0,3287.5,2995.0,3000.0,2920.0,2925.0,2880.0,2885.0,3215.0,3254.76,3238.08,3222.96,3203.33,3189.25,3173.75,True,True,59588.4342
2026-03-22,17.8998,3328.5,3329.0,3287.0,3287.5,2995.0,3000.0,2920.0,2925.0,2880.0,2885.0,3215.0,3254.76,3238.08,3222.96,3203.33,3189.25,3173.75,True,True,59588.4342
2026-03-23,17.778,3251.0,3251.5,3220.0,3222.0,2973.0,2978.0,2900.0,2905.0,2865.0,2870.0,3199.0,3232.35,3217.45,3205.67,3188.84,3175.34,3160.84,False,False,57805.167
2026-03-24,17.8047,3242.0,3242.5,3217.0,3218.0,2965.0,2970.0,2873.0,2878.0,2838.0,2843.0,3260.5,3307.66,3286.07,3270.21,3249.5,3235.25,3216.25,False,False,57731.7398
2026-03-25,17.7548,3294.0,3294.5,3245.0,3247.0,2945.0,2950.0,2870.0,2875.0,2838.0,2843.0,3242.5,3292.99,3269.38,3253.47,3228.92,3209.92,3189.92,False,False,58493.1886
2026-03-26,17.7957,3331.5,3332.0,3271.0,3273.0,2900.0,2905.0,2782.0,2787.0,2737.0,2742.0,3269.5,3330.81,3306.06,3285.04,3254.16,3228.75,3205.5,False,False,59295.2724
2026-03-27,18.0667,3290.0,3292.0,3240.0,3242.0,2938.0,2943.0,2838.0,2843.0,2808.0,2813.0,3296.0,3361.91,3332.39,3311.06,3281.89,3260.89,3236.64,False,False,59475.5764
2026-03-28,18.0667,3290.0,3292.0,3240.0,3242.0,2938.0,2943.0,2838.0,2843.0,2808.0,2813.0,3296.0,3361.91,3332.39,3311.06,3281.89,3260.89,3236.64,True,True,59475.5764
2026-03-29,18.0667,3290.0,3292.0,3240.0,3242.0,2938.0,2943.0,2838.0,2843.0,2808.0,2813.0,3296.0,3361.91,3332.39,3311.06,3281.89,3260.89,3236.64,True,True,59475.5764
2026-03-30,18.1033,3481.0,3482.0,3424.5,3425.0,3028.0,3033.0,2943.0,2948.0,2908.0,2913.0,3401.0,3449.8,3435.87,3415.08,3389.15,3360.15,3332.15,False,False,63035.6906
2026-03-31,18.0033,3584.5,3585.0,3505.0,3506.0,3032.0,3037.0,2907.0,2912.0,2867.0,2872.0,3467.0,3521.41,3504.04,3482.14,3450.45,3409.7,3370.7,False,False,64541.8305
2026-04-01,17.8117,3583.0,3583.5,3523.0,3525.0,2998.0,3003.0,2898.0,2903.0,2858.0,2863.0,3531.5,3588.25,3570.46,3551.47,3517.01,3479.01,3442.51,False,False,63828.227
